<?xml version="1.0" encoding="UTF-8"?>
<gpx xmlns:xsi="http://www.w3.org/2001/XMLSchema-instance" xsi:schemaLocation="http://www.topografix.com/GPX/1/1 http://www.topografix.com/GPX/1/1/gpx.xsd" creator="StravaGPX" version="1.1" xmlns="http://www.topografix.com/GPX/1/1">
 <metadata>
  <time>2025-12-09T23:27:07Z</time>
 </metadata>
 <trk>
  <name>Bici 20:20</name>
  <type>cycling</type>
  <trkseg>
   <trkpt lat="-33.4566420" lon="-70.6053050">
    <ele>582.5</ele>
    <time>2025-12-09T23:27:07Z</time>
   </trkpt>
   <trkpt lat="-33.4566680" lon="-70.6052830">
    <ele>582.6</ele>
    <time>2025-12-09T23:27:08Z</time>
   </trkpt>
   <trkpt lat="-33.4566590" lon="-70.6052810">
    <ele>582.6</ele>
    <time>2025-12-09T23:27:09Z</time>
   </trkpt>
   <trkpt lat="-33.4566500" lon="-70.6052790">
    <ele>582.6</ele>
    <time>2025-12-09T23:27:10Z</time>
   </trkpt>
   <trkpt lat="-33.4566420" lon="-70.6052780">
    <ele>582.6</ele>
    <time>2025-12-09T23:27:11Z</time>
   </trkpt>
   <trkpt lat="-33.4566330" lon="-70.6052760">
    <ele>582.6</ele>
    <time>2025-12-09T23:27:12Z</time>
   </trkpt>
   <trkpt lat="-33.4566240" lon="-70.6052740">
    <ele>582.6</ele>
    <time>2025-12-09T23:27:13Z</time>
   </trkpt>
   <trkpt lat="-33.4566150" lon="-70.6052720">
    <ele>582.6</ele>
    <time>2025-12-09T23:27:14Z</time>
   </trkpt>
   <trkpt lat="-33.4566060" lon="-70.6052700">
    <ele>582.7</ele>
    <time>2025-12-09T23:27:15Z</time>
   </trkpt>
   <trkpt lat="-33.4565970" lon="-70.6052680">
    <ele>582.7</ele>
    <time>2025-12-09T23:27:16Z</time>
   </trkpt>
   <trkpt lat="-33.4565890" lon="-70.6052670">
    <ele>582.7</ele>
    <time>2025-12-09T23:27:17Z</time>
   </trkpt>
   <trkpt lat="-33.4565800" lon="-70.6052650">
    <ele>582.7</ele>
    <time>2025-12-09T23:27:32Z</time>
   </trkpt>
   <trkpt lat="-33.4565710" lon="-70.6052630">
    <ele>582.7</ele>
    <time>2025-12-09T23:27:33Z</time>
   </trkpt>
   <trkpt lat="-33.4565620" lon="-70.6052610">
    <ele>582.7</ele>
    <time>2025-12-09T23:27:34Z</time>
   </trkpt>
   <trkpt lat="-33.4565340" lon="-70.6052690">
    <ele>582.8</ele>
    <time>2025-12-09T23:27:35Z</time>
   </trkpt>
   <trkpt lat="-33.4565220" lon="-70.6052760">
    <ele>582.8</ele>
    <time>2025-12-09T23:27:36Z</time>
   </trkpt>
   <trkpt lat="-33.4564920" lon="-70.6052540">
    <ele>582.9</ele>
    <time>2025-12-09T23:27:37Z</time>
   </trkpt>
   <trkpt lat="-33.4564790" lon="-70.6052400">
    <ele>582.9</ele>
    <time>2025-12-09T23:27:38Z</time>
   </trkpt>
   <trkpt lat="-33.4564440" lon="-70.6052240">
    <ele>583.0</ele>
    <time>2025-12-09T23:27:39Z</time>
   </trkpt>
   <trkpt lat="-33.4564290" lon="-70.6052210">
    <ele>583.0</ele>
    <time>2025-12-09T23:27:40Z</time>
   </trkpt>
   <trkpt lat="-33.4563890" lon="-70.6052120">
    <ele>583.1</ele>
    <time>2025-12-09T23:27:41Z</time>
   </trkpt>
   <trkpt lat="-33.4563750" lon="-70.6052070">
    <ele>583.1</ele>
    <time>2025-12-09T23:27:42Z</time>
   </trkpt>
   <trkpt lat="-33.4563380" lon="-70.6051900">
    <ele>583.2</ele>
    <time>2025-12-09T23:27:43Z</time>
   </trkpt>
   <trkpt lat="-33.4563250" lon="-70.6051860">
    <ele>583.2</ele>
    <time>2025-12-09T23:27:44Z</time>
   </trkpt>
   <trkpt lat="-33.4562940" lon="-70.6051790">
    <ele>583.3</ele>
    <time>2025-12-09T23:27:45Z</time>
   </trkpt>
   <trkpt lat="-33.4562670" lon="-70.6051660">
    <ele>583.3</ele>
    <time>2025-12-09T23:27:46Z</time>
   </trkpt>
   <trkpt lat="-33.4562380" lon="-70.6051710">
    <ele>583.4</ele>
    <time>2025-12-09T23:27:47Z</time>
   </trkpt>
   <trkpt lat="-33.4562030" lon="-70.6051600">
    <ele>583.5</ele>
    <time>2025-12-09T23:27:48Z</time>
   </trkpt>
   <trkpt lat="-33.4561910" lon="-70.6051580">
    <ele>583.5</ele>
    <time>2025-12-09T23:27:49Z</time>
   </trkpt>
   <trkpt lat="-33.4561630" lon="-70.6051530">
    <ele>583.5</ele>
    <time>2025-12-09T23:27:50Z</time>
   </trkpt>
   <trkpt lat="-33.4561340" lon="-70.6051490">
    <ele>583.6</ele>
    <time>2025-12-09T23:27:51Z</time>
   </trkpt>
   <trkpt lat="-33.4561070" lon="-70.6051390">
    <ele>583.6</ele>
    <time>2025-12-09T23:27:52Z</time>
   </trkpt>
   <trkpt lat="-33.4560760" lon="-70.6051280">
    <ele>583.7</ele>
    <time>2025-12-09T23:27:53Z</time>
   </trkpt>
   <trkpt lat="-33.4560320" lon="-70.6051220">
    <ele>583.8</ele>
    <time>2025-12-09T23:27:54Z</time>
   </trkpt>
   <trkpt lat="-33.4560140" lon="-70.6051200">
    <ele>583.8</ele>
    <time>2025-12-09T23:27:55Z</time>
   </trkpt>
   <trkpt lat="-33.4559780" lon="-70.6051130">
    <ele>583.9</ele>
    <time>2025-12-09T23:27:56Z</time>
   </trkpt>
   <trkpt lat="-33.4559660" lon="-70.6051100">
    <ele>583.9</ele>
    <time>2025-12-09T23:27:57Z</time>
   </trkpt>
   <trkpt lat="-33.4559500" lon="-70.6051040">
    <ele>583.9</ele>
    <time>2025-12-09T23:27:58Z</time>
   </trkpt>
   <trkpt lat="-33.4559310" lon="-70.6051070">
    <ele>584.0</ele>
    <time>2025-12-09T23:27:59Z</time>
   </trkpt>
   <trkpt lat="-33.4558950" lon="-70.6051050">
    <ele>584.0</ele>
    <time>2025-12-09T23:28:00Z</time>
   </trkpt>
   <trkpt lat="-33.4558830" lon="-70.6051060">
    <ele>584.0</ele>
    <time>2025-12-09T23:28:01Z</time>
   </trkpt>
   <trkpt lat="-33.4558520" lon="-70.6050970">
    <ele>584.1</ele>
    <time>2025-12-09T23:28:02Z</time>
   </trkpt>
   <trkpt lat="-33.4558420" lon="-70.6050940">
    <ele>584.1</ele>
    <time>2025-12-09T23:28:03Z</time>
   </trkpt>
   <trkpt lat="-33.4558140" lon="-70.6050870">
    <ele>584.1</ele>
    <time>2025-12-09T23:28:04Z</time>
   </trkpt>
   <trkpt lat="-33.4558050" lon="-70.6050840">
    <ele>584.1</ele>
    <time>2025-12-09T23:28:05Z</time>
   </trkpt>
   <trkpt lat="-33.4557890" lon="-70.6050840">
    <ele>584.2</ele>
    <time>2025-12-09T23:28:06Z</time>
   </trkpt>
   <trkpt lat="-33.4557710" lon="-70.6050760">
    <ele>584.2</ele>
    <time>2025-12-09T23:28:07Z</time>
   </trkpt>
   <trkpt lat="-33.4557580" lon="-70.6050800">
    <ele>584.2</ele>
    <time>2025-12-09T23:28:08Z</time>
   </trkpt>
   <trkpt lat="-33.4557510" lon="-70.6050680">
    <ele>584.2</ele>
    <time>2025-12-09T23:28:09Z</time>
   </trkpt>
   <trkpt lat="-33.4557410" lon="-70.6050570">
    <ele>584.2</ele>
    <time>2025-12-09T23:28:10Z</time>
   </trkpt>
   <trkpt lat="-33.4557300" lon="-70.6050520">
    <ele>584.2</ele>
    <time>2025-12-09T23:28:11Z</time>
   </trkpt>
   <trkpt lat="-33.4557140" lon="-70.6050440">
    <ele>584.2</ele>
    <time>2025-12-09T23:28:12Z</time>
   </trkpt>
   <trkpt lat="-33.4557080" lon="-70.6050270">
    <ele>584.2</ele>
    <time>2025-12-09T23:28:13Z</time>
   </trkpt>
   <trkpt lat="-33.4557140" lon="-70.6050100">
    <ele>584.2</ele>
    <time>2025-12-09T23:28:14Z</time>
   </trkpt>
   <trkpt lat="-33.4557190" lon="-70.6049780">
    <ele>584.2</ele>
    <time>2025-12-09T23:28:15Z</time>
   </trkpt>
   <trkpt lat="-33.4557200" lon="-70.6049670">
    <ele>584.2</ele>
    <time>2025-12-09T23:28:16Z</time>
   </trkpt>
   <trkpt lat="-33.4557250" lon="-70.6049480">
    <ele>584.2</ele>
    <time>2025-12-09T23:28:17Z</time>
   </trkpt>
   <trkpt lat="-33.4557280" lon="-70.6049330">
    <ele>584.2</ele>
    <time>2025-12-09T23:28:18Z</time>
   </trkpt>
   <trkpt lat="-33.4557240" lon="-70.6049080">
    <ele>584.2</ele>
    <time>2025-12-09T23:28:19Z</time>
   </trkpt>
   <trkpt lat="-33.4557270" lon="-70.6048910">
    <ele>584.2</ele>
    <time>2025-12-09T23:28:20Z</time>
   </trkpt>
   <trkpt lat="-33.4557270" lon="-70.6048440">
    <ele>584.2</ele>
    <time>2025-12-09T23:28:21Z</time>
   </trkpt>
   <trkpt lat="-33.4557310" lon="-70.6048260">
    <ele>584.2</ele>
    <time>2025-12-09T23:28:22Z</time>
   </trkpt>
   <trkpt lat="-33.4557380" lon="-70.6047840">
    <ele>584.2</ele>
    <time>2025-12-09T23:28:23Z</time>
   </trkpt>
   <trkpt lat="-33.4557420" lon="-70.6047660">
    <ele>584.2</ele>
    <time>2025-12-09T23:28:24Z</time>
   </trkpt>
   <trkpt lat="-33.4557500" lon="-70.6047270">
    <ele>584.2</ele>
    <time>2025-12-09T23:28:25Z</time>
   </trkpt>
   <trkpt lat="-33.4557610" lon="-70.6046960">
    <ele>584.2</ele>
    <time>2025-12-09T23:28:26Z</time>
   </trkpt>
   <trkpt lat="-33.4557690" lon="-70.6046590">
    <ele>584.2</ele>
    <time>2025-12-09T23:28:27Z</time>
   </trkpt>
   <trkpt lat="-33.4557770" lon="-70.6046120">
    <ele>584.2</ele>
    <time>2025-12-09T23:28:28Z</time>
   </trkpt>
   <trkpt lat="-33.4557810" lon="-70.6045690">
    <ele>584.2</ele>
    <time>2025-12-09T23:28:29Z</time>
   </trkpt>
   <trkpt lat="-33.4557760" lon="-70.6045190">
    <ele>584.3</ele>
    <time>2025-12-09T23:28:30Z</time>
   </trkpt>
   <trkpt lat="-33.4557780" lon="-70.6044840">
    <ele>584.3</ele>
    <time>2025-12-09T23:28:31Z</time>
   </trkpt>
   <trkpt lat="-33.4557800" lon="-70.6044460">
    <ele>584.3</ele>
    <time>2025-12-09T23:28:32Z</time>
   </trkpt>
   <trkpt lat="-33.4557770" lon="-70.6044030">
    <ele>584.3</ele>
    <time>2025-12-09T23:28:34Z</time>
   </trkpt>
   <trkpt lat="-33.4557740" lon="-70.6043520">
    <ele>584.4</ele>
    <time>2025-12-09T23:28:35Z</time>
   </trkpt>
   <trkpt lat="-33.4557670" lon="-70.6043110">
    <ele>584.4</ele>
    <time>2025-12-09T23:28:36Z</time>
   </trkpt>
   <trkpt lat="-33.4557730" lon="-70.6042730">
    <ele>584.4</ele>
    <time>2025-12-09T23:28:37Z</time>
   </trkpt>
   <trkpt lat="-33.4557860" lon="-70.6042350">
    <ele>584.4</ele>
    <time>2025-12-09T23:28:38Z</time>
   </trkpt>
   <trkpt lat="-33.4557940" lon="-70.6041920">
    <ele>584.4</ele>
    <time>2025-12-09T23:28:39Z</time>
   </trkpt>
   <trkpt lat="-33.4557970" lon="-70.6041760">
    <ele>584.4</ele>
    <time>2025-12-09T23:28:40Z</time>
   </trkpt>
   <trkpt lat="-33.4557990" lon="-70.6041360">
    <ele>584.5</ele>
    <time>2025-12-09T23:28:41Z</time>
   </trkpt>
   <trkpt lat="-33.4558050" lon="-70.6041010">
    <ele>584.5</ele>
    <time>2025-12-09T23:28:42Z</time>
   </trkpt>
   <trkpt lat="-33.4558060" lon="-70.6040620">
    <ele>584.5</ele>
    <time>2025-12-09T23:28:43Z</time>
   </trkpt>
   <trkpt lat="-33.4558130" lon="-70.6040310">
    <ele>584.5</ele>
    <time>2025-12-09T23:28:44Z</time>
   </trkpt>
   <trkpt lat="-33.4558190" lon="-70.6039780">
    <ele>584.6</ele>
    <time>2025-12-09T23:28:45Z</time>
   </trkpt>
   <trkpt lat="-33.4558170" lon="-70.6039560">
    <ele>584.6</ele>
    <time>2025-12-09T23:28:46Z</time>
   </trkpt>
   <trkpt lat="-33.4558280" lon="-70.6039130">
    <ele>584.6</ele>
    <time>2025-12-09T23:28:47Z</time>
   </trkpt>
   <trkpt lat="-33.4558300" lon="-70.6038600">
    <ele>584.6</ele>
    <time>2025-12-09T23:28:48Z</time>
   </trkpt>
   <trkpt lat="-33.4558320" lon="-70.6038200">
    <ele>584.7</ele>
    <time>2025-12-09T23:28:49Z</time>
   </trkpt>
   <trkpt lat="-33.4558320" lon="-70.6037850">
    <ele>584.7</ele>
    <time>2025-12-09T23:28:50Z</time>
   </trkpt>
   <trkpt lat="-33.4558250" lon="-70.6037470">
    <ele>584.7</ele>
    <time>2025-12-09T23:28:51Z</time>
   </trkpt>
   <trkpt lat="-33.4558390" lon="-70.6036980">
    <ele>584.8</ele>
    <time>2025-12-09T23:28:52Z</time>
   </trkpt>
   <trkpt lat="-33.4558460" lon="-70.6036770">
    <ele>584.8</ele>
    <time>2025-12-09T23:28:53Z</time>
   </trkpt>
   <trkpt lat="-33.4558580" lon="-70.6036410">
    <ele>584.8</ele>
    <time>2025-12-09T23:28:54Z</time>
   </trkpt>
   <trkpt lat="-33.4558670" lon="-70.6036010">
    <ele>584.9</ele>
    <time>2025-12-09T23:28:55Z</time>
   </trkpt>
   <trkpt lat="-33.4558720" lon="-70.6035600">
    <ele>584.9</ele>
    <time>2025-12-09T23:28:56Z</time>
   </trkpt>
   <trkpt lat="-33.4558730" lon="-70.6035450">
    <ele>584.9</ele>
    <time>2025-12-09T23:28:57Z</time>
   </trkpt>
   <trkpt lat="-33.4558820" lon="-70.6035110">
    <ele>585.0</ele>
    <time>2025-12-09T23:28:58Z</time>
   </trkpt>
   <trkpt lat="-33.4558780" lon="-70.6034670">
    <ele>585.0</ele>
    <time>2025-12-09T23:28:59Z</time>
   </trkpt>
   <trkpt lat="-33.4558850" lon="-70.6034250">
    <ele>585.1</ele>
    <time>2025-12-09T23:29:00Z</time>
   </trkpt>
   <trkpt lat="-33.4558850" lon="-70.6034080">
    <ele>585.1</ele>
    <time>2025-12-09T23:29:01Z</time>
   </trkpt>
   <trkpt lat="-33.4558980" lon="-70.6033690">
    <ele>585.1</ele>
    <time>2025-12-09T23:29:02Z</time>
   </trkpt>
   <trkpt lat="-33.4558980" lon="-70.6033270">
    <ele>585.2</ele>
    <time>2025-12-09T23:29:03Z</time>
   </trkpt>
   <trkpt lat="-33.4559040" lon="-70.6032940">
    <ele>585.2</ele>
    <time>2025-12-09T23:29:04Z</time>
   </trkpt>
   <trkpt lat="-33.4559130" lon="-70.6032600">
    <ele>585.2</ele>
    <time>2025-12-09T23:29:05Z</time>
   </trkpt>
   <trkpt lat="-33.4559200" lon="-70.6032250">
    <ele>585.3</ele>
    <time>2025-12-09T23:29:06Z</time>
   </trkpt>
   <trkpt lat="-33.4559180" lon="-70.6032120">
    <ele>585.3</ele>
    <time>2025-12-09T23:29:07Z</time>
   </trkpt>
   <trkpt lat="-33.4559240" lon="-70.6031760">
    <ele>585.4</ele>
    <time>2025-12-09T23:29:08Z</time>
   </trkpt>
   <trkpt lat="-33.4559360" lon="-70.6031260">
    <ele>585.4</ele>
    <time>2025-12-09T23:29:09Z</time>
   </trkpt>
   <trkpt lat="-33.4559400" lon="-70.6031040">
    <ele>585.5</ele>
    <time>2025-12-09T23:29:10Z</time>
   </trkpt>
   <trkpt lat="-33.4559390" lon="-70.6030550">
    <ele>585.5</ele>
    <time>2025-12-09T23:29:11Z</time>
   </trkpt>
   <trkpt lat="-33.4559400" lon="-70.6030370">
    <ele>585.5</ele>
    <time>2025-12-09T23:29:12Z</time>
   </trkpt>
   <trkpt lat="-33.4559580" lon="-70.6029930">
    <ele>585.6</ele>
    <time>2025-12-09T23:29:13Z</time>
   </trkpt>
   <trkpt lat="-33.4559630" lon="-70.6029720">
    <ele>585.6</ele>
    <time>2025-12-09T23:29:14Z</time>
   </trkpt>
   <trkpt lat="-33.4559750" lon="-70.6029380">
    <ele>585.7</ele>
    <time>2025-12-09T23:29:15Z</time>
   </trkpt>
   <trkpt lat="-33.4559750" lon="-70.6028920">
    <ele>585.8</ele>
    <time>2025-12-09T23:29:16Z</time>
   </trkpt>
   <trkpt lat="-33.4559830" lon="-70.6028080">
    <ele>585.9</ele>
    <time>2025-12-09T23:29:17Z</time>
   </trkpt>
   <trkpt lat="-33.4559870" lon="-70.6027730">
    <ele>585.9</ele>
    <time>2025-12-09T23:29:18Z</time>
   </trkpt>
   <trkpt lat="-33.4559840" lon="-70.6027330">
    <ele>586.0</ele>
    <time>2025-12-09T23:29:19Z</time>
   </trkpt>
   <trkpt lat="-33.4559900" lon="-70.6027020">
    <ele>586.0</ele>
    <time>2025-12-09T23:29:20Z</time>
   </trkpt>
   <trkpt lat="-33.4560020" lon="-70.6026700">
    <ele>586.0</ele>
    <time>2025-12-09T23:29:21Z</time>
   </trkpt>
   <trkpt lat="-33.4560010" lon="-70.6026590">
    <ele>586.0</ele>
    <time>2025-12-09T23:29:22Z</time>
   </trkpt>
   <trkpt lat="-33.4560030" lon="-70.6026210">
    <ele>586.0</ele>
    <time>2025-12-09T23:29:23Z</time>
   </trkpt>
   <trkpt lat="-33.4560060" lon="-70.6025880">
    <ele>586.0</ele>
    <time>2025-12-09T23:29:24Z</time>
   </trkpt>
   <trkpt lat="-33.4560080" lon="-70.6025530">
    <ele>586.0</ele>
    <time>2025-12-09T23:29:25Z</time>
   </trkpt>
   <trkpt lat="-33.4560080" lon="-70.6025170">
    <ele>586.1</ele>
    <time>2025-12-09T23:29:26Z</time>
   </trkpt>
   <trkpt lat="-33.4560090" lon="-70.6024740">
    <ele>586.1</ele>
    <time>2025-12-09T23:29:27Z</time>
   </trkpt>
   <trkpt lat="-33.4560110" lon="-70.6024410">
    <ele>586.1</ele>
    <time>2025-12-09T23:29:28Z</time>
   </trkpt>
   <trkpt lat="-33.4560080" lon="-70.6024020">
    <ele>586.1</ele>
    <time>2025-12-09T23:29:29Z</time>
   </trkpt>
   <trkpt lat="-33.4560070" lon="-70.6023610">
    <ele>586.1</ele>
    <time>2025-12-09T23:29:30Z</time>
   </trkpt>
   <trkpt lat="-33.4560150" lon="-70.6023210">
    <ele>586.1</ele>
    <time>2025-12-09T23:29:31Z</time>
   </trkpt>
   <trkpt lat="-33.4560160" lon="-70.6023070">
    <ele>586.1</ele>
    <time>2025-12-09T23:29:32Z</time>
   </trkpt>
   <trkpt lat="-33.4560140" lon="-70.6022740">
    <ele>586.2</ele>
    <time>2025-12-09T23:29:33Z</time>
   </trkpt>
   <trkpt lat="-33.4560150" lon="-70.6022330">
    <ele>586.2</ele>
    <time>2025-12-09T23:29:34Z</time>
   </trkpt>
   <trkpt lat="-33.4560170" lon="-70.6022180">
    <ele>586.2</ele>
    <time>2025-12-09T23:29:35Z</time>
   </trkpt>
   <trkpt lat="-33.4560200" lon="-70.6021830">
    <ele>586.2</ele>
    <time>2025-12-09T23:29:36Z</time>
   </trkpt>
   <trkpt lat="-33.4560160" lon="-70.6021360">
    <ele>586.3</ele>
    <time>2025-12-09T23:29:37Z</time>
   </trkpt>
   <trkpt lat="-33.4560180" lon="-70.6021170">
    <ele>586.3</ele>
    <time>2025-12-09T23:29:38Z</time>
   </trkpt>
   <trkpt lat="-33.4560210" lon="-70.6020800">
    <ele>586.3</ele>
    <time>2025-12-09T23:29:39Z</time>
   </trkpt>
   <trkpt lat="-33.4560270" lon="-70.6020460">
    <ele>586.3</ele>
    <time>2025-12-09T23:29:40Z</time>
   </trkpt>
   <trkpt lat="-33.4560320" lon="-70.6020100">
    <ele>586.4</ele>
    <time>2025-12-09T23:29:41Z</time>
   </trkpt>
   <trkpt lat="-33.4560290" lon="-70.6019660">
    <ele>586.4</ele>
    <time>2025-12-09T23:29:42Z</time>
   </trkpt>
   <trkpt lat="-33.4560320" lon="-70.6019300">
    <ele>586.5</ele>
    <time>2025-12-09T23:29:43Z</time>
   </trkpt>
   <trkpt lat="-33.4560370" lon="-70.6018920">
    <ele>586.5</ele>
    <time>2025-12-09T23:29:44Z</time>
   </trkpt>
   <trkpt lat="-33.4560420" lon="-70.6018550">
    <ele>586.5</ele>
    <time>2025-12-09T23:29:45Z</time>
   </trkpt>
   <trkpt lat="-33.4560490" lon="-70.6018080">
    <ele>586.6</ele>
    <time>2025-12-09T23:29:46Z</time>
   </trkpt>
   <trkpt lat="-33.4560520" lon="-70.6017900">
    <ele>586.6</ele>
    <time>2025-12-09T23:29:47Z</time>
   </trkpt>
   <trkpt lat="-33.4560600" lon="-70.6017430">
    <ele>586.7</ele>
    <time>2025-12-09T23:29:48Z</time>
   </trkpt>
   <trkpt lat="-33.4560620" lon="-70.6017250">
    <ele>586.7</ele>
    <time>2025-12-09T23:29:49Z</time>
   </trkpt>
   <trkpt lat="-33.4560730" lon="-70.6016820">
    <ele>586.7</ele>
    <time>2025-12-09T23:29:50Z</time>
   </trkpt>
   <trkpt lat="-33.4560720" lon="-70.6016630">
    <ele>586.8</ele>
    <time>2025-12-09T23:29:51Z</time>
   </trkpt>
   <trkpt lat="-33.4560740" lon="-70.6016250">
    <ele>586.8</ele>
    <time>2025-12-09T23:29:52Z</time>
   </trkpt>
   <trkpt lat="-33.4560720" lon="-70.6015890">
    <ele>586.8</ele>
    <time>2025-12-09T23:29:53Z</time>
   </trkpt>
   <trkpt lat="-33.4560800" lon="-70.6015450">
    <ele>586.9</ele>
    <time>2025-12-09T23:29:54Z</time>
   </trkpt>
   <trkpt lat="-33.4560830" lon="-70.6015330">
    <ele>586.9</ele>
    <time>2025-12-09T23:29:55Z</time>
   </trkpt>
   <trkpt lat="-33.4560830" lon="-70.6015000">
    <ele>586.9</ele>
    <time>2025-12-09T23:29:56Z</time>
   </trkpt>
   <trkpt lat="-33.4560840" lon="-70.6014560">
    <ele>587.0</ele>
    <time>2025-12-09T23:29:57Z</time>
   </trkpt>
   <trkpt lat="-33.4560840" lon="-70.6014410">
    <ele>587.0</ele>
    <time>2025-12-09T23:29:58Z</time>
   </trkpt>
   <trkpt lat="-33.4560840" lon="-70.6014040">
    <ele>587.0</ele>
    <time>2025-12-09T23:29:59Z</time>
   </trkpt>
   <trkpt lat="-33.4560840" lon="-70.6013670">
    <ele>587.1</ele>
    <time>2025-12-09T23:30:00Z</time>
   </trkpt>
   <trkpt lat="-33.4561010" lon="-70.6013370">
    <ele>587.1</ele>
    <time>2025-12-09T23:30:01Z</time>
   </trkpt>
   <trkpt lat="-33.4561050" lon="-70.6013040">
    <ele>587.2</ele>
    <time>2025-12-09T23:30:02Z</time>
   </trkpt>
   <trkpt lat="-33.4561200" lon="-70.6012640">
    <ele>587.2</ele>
    <time>2025-12-09T23:30:03Z</time>
   </trkpt>
   <trkpt lat="-33.4561230" lon="-70.6012500">
    <ele>587.2</ele>
    <time>2025-12-09T23:30:04Z</time>
   </trkpt>
   <trkpt lat="-33.4561270" lon="-70.6012070">
    <ele>587.3</ele>
    <time>2025-12-09T23:30:05Z</time>
   </trkpt>
   <trkpt lat="-33.4561300" lon="-70.6011930">
    <ele>587.3</ele>
    <time>2025-12-09T23:30:06Z</time>
   </trkpt>
   <trkpt lat="-33.4561430" lon="-70.6011550">
    <ele>587.4</ele>
    <time>2025-12-09T23:30:07Z</time>
   </trkpt>
   <trkpt lat="-33.4561460" lon="-70.6011440">
    <ele>587.4</ele>
    <time>2025-12-09T23:30:08Z</time>
   </trkpt>
   <trkpt lat="-33.4561500" lon="-70.6011070">
    <ele>587.4</ele>
    <time>2025-12-09T23:30:09Z</time>
   </trkpt>
   <trkpt lat="-33.4561650" lon="-70.6010850">
    <ele>587.5</ele>
    <time>2025-12-09T23:30:10Z</time>
   </trkpt>
   <trkpt lat="-33.4561720" lon="-70.6010720">
    <ele>587.5</ele>
    <time>2025-12-09T23:30:11Z</time>
   </trkpt>
   <trkpt lat="-33.4561840" lon="-70.6010330">
    <ele>587.5</ele>
    <time>2025-12-09T23:30:12Z</time>
   </trkpt>
   <trkpt lat="-33.4561860" lon="-70.6010200">
    <ele>587.6</ele>
    <time>2025-12-09T23:30:13Z</time>
   </trkpt>
   <trkpt lat="-33.4561850" lon="-70.6009840">
    <ele>587.6</ele>
    <time>2025-12-09T23:30:14Z</time>
   </trkpt>
   <trkpt lat="-33.4561930" lon="-70.6009490">
    <ele>587.7</ele>
    <time>2025-12-09T23:30:16Z</time>
   </trkpt>
   <trkpt lat="-33.4561990" lon="-70.6009150">
    <ele>587.7</ele>
    <time>2025-12-09T23:30:17Z</time>
   </trkpt>
   <trkpt lat="-33.4562140" lon="-70.6008760">
    <ele>587.7</ele>
    <time>2025-12-09T23:30:18Z</time>
   </trkpt>
   <trkpt lat="-33.4562190" lon="-70.6008640">
    <ele>587.8</ele>
    <time>2025-12-09T23:30:19Z</time>
   </trkpt>
   <trkpt lat="-33.4562260" lon="-70.6008290">
    <ele>587.8</ele>
    <time>2025-12-09T23:30:20Z</time>
   </trkpt>
   <trkpt lat="-33.4562260" lon="-70.6008150">
    <ele>587.8</ele>
    <time>2025-12-09T23:30:21Z</time>
   </trkpt>
   <trkpt lat="-33.4562260" lon="-70.6007690">
    <ele>587.9</ele>
    <time>2025-12-09T23:30:22Z</time>
   </trkpt>
   <trkpt lat="-33.4562310" lon="-70.6007520">
    <ele>587.9</ele>
    <time>2025-12-09T23:30:23Z</time>
   </trkpt>
   <trkpt lat="-33.4562310" lon="-70.6007170">
    <ele>587.9</ele>
    <time>2025-12-09T23:30:24Z</time>
   </trkpt>
   <trkpt lat="-33.4562350" lon="-70.6006690">
    <ele>588.0</ele>
    <time>2025-12-09T23:30:25Z</time>
   </trkpt>
   <trkpt lat="-33.4562360" lon="-70.6006510">
    <ele>588.0</ele>
    <time>2025-12-09T23:30:26Z</time>
   </trkpt>
   <trkpt lat="-33.4562440" lon="-70.6006080">
    <ele>588.0</ele>
    <time>2025-12-09T23:30:27Z</time>
   </trkpt>
   <trkpt lat="-33.4562480" lon="-70.6005950">
    <ele>588.0</ele>
    <time>2025-12-09T23:30:28Z</time>
   </trkpt>
   <trkpt lat="-33.4562630" lon="-70.6005530">
    <ele>588.1</ele>
    <time>2025-12-09T23:30:29Z</time>
   </trkpt>
   <trkpt lat="-33.4562680" lon="-70.6005360">
    <ele>588.1</ele>
    <time>2025-12-09T23:30:30Z</time>
   </trkpt>
   <trkpt lat="-33.4562820" lon="-70.6004880">
    <ele>588.1</ele>
    <time>2025-12-09T23:30:31Z</time>
   </trkpt>
   <trkpt lat="-33.4562850" lon="-70.6004700">
    <ele>588.1</ele>
    <time>2025-12-09T23:30:32Z</time>
   </trkpt>
   <trkpt lat="-33.4562900" lon="-70.6004330">
    <ele>588.2</ele>
    <time>2025-12-09T23:30:33Z</time>
   </trkpt>
   <trkpt lat="-33.4562930" lon="-70.6004010">
    <ele>588.2</ele>
    <time>2025-12-09T23:30:34Z</time>
   </trkpt>
   <trkpt lat="-33.4563000" lon="-70.6003530">
    <ele>588.2</ele>
    <time>2025-12-09T23:30:35Z</time>
   </trkpt>
   <trkpt lat="-33.4563020" lon="-70.6003370">
    <ele>588.2</ele>
    <time>2025-12-09T23:30:36Z</time>
   </trkpt>
   <trkpt lat="-33.4563050" lon="-70.6003040">
    <ele>588.3</ele>
    <time>2025-12-09T23:30:37Z</time>
   </trkpt>
   <trkpt lat="-33.4563030" lon="-70.6002700">
    <ele>588.3</ele>
    <time>2025-12-09T23:30:38Z</time>
   </trkpt>
   <trkpt lat="-33.4563080" lon="-70.6002370">
    <ele>588.3</ele>
    <time>2025-12-09T23:30:39Z</time>
   </trkpt>
   <trkpt lat="-33.4563150" lon="-70.6001890">
    <ele>588.4</ele>
    <time>2025-12-09T23:30:40Z</time>
   </trkpt>
   <trkpt lat="-33.4563150" lon="-70.6001720">
    <ele>588.4</ele>
    <time>2025-12-09T23:30:41Z</time>
   </trkpt>
   <trkpt lat="-33.4563250" lon="-70.6001300">
    <ele>588.4</ele>
    <time>2025-12-09T23:30:42Z</time>
   </trkpt>
   <trkpt lat="-33.4563250" lon="-70.6001120">
    <ele>588.5</ele>
    <time>2025-12-09T23:30:43Z</time>
   </trkpt>
   <trkpt lat="-33.4563380" lon="-70.6000850">
    <ele>588.5</ele>
    <time>2025-12-09T23:30:44Z</time>
   </trkpt>
   <trkpt lat="-33.4563430" lon="-70.6000730">
    <ele>588.5</ele>
    <time>2025-12-09T23:30:45Z</time>
   </trkpt>
   <trkpt lat="-33.4563410" lon="-70.6000350">
    <ele>588.6</ele>
    <time>2025-12-09T23:30:46Z</time>
   </trkpt>
   <trkpt lat="-33.4563490" lon="-70.5999920">
    <ele>588.6</ele>
    <time>2025-12-09T23:30:47Z</time>
   </trkpt>
   <trkpt lat="-33.4563520" lon="-70.5999780">
    <ele>588.6</ele>
    <time>2025-12-09T23:30:48Z</time>
   </trkpt>
   <trkpt lat="-33.4563580" lon="-70.5999580">
    <ele>588.7</ele>
    <time>2025-12-09T23:30:49Z</time>
   </trkpt>
   <trkpt lat="-33.4563610" lon="-70.5999370">
    <ele>588.7</ele>
    <time>2025-12-09T23:30:50Z</time>
   </trkpt>
   <trkpt lat="-33.4563630" lon="-70.5999250">
    <ele>588.7</ele>
    <time>2025-12-09T23:30:51Z</time>
   </trkpt>
   <trkpt lat="-33.4563600" lon="-70.5999060">
    <ele>588.7</ele>
    <time>2025-12-09T23:30:52Z</time>
   </trkpt>
   <trkpt lat="-33.4563630" lon="-70.5999000">
    <ele>588.7</ele>
    <time>2025-12-09T23:30:53Z</time>
   </trkpt>
   <trkpt lat="-33.4563600" lon="-70.5998790">
    <ele>588.8</ele>
    <time>2025-12-09T23:30:54Z</time>
   </trkpt>
   <trkpt lat="-33.4563540" lon="-70.5998650">
    <ele>588.8</ele>
    <time>2025-12-09T23:30:55Z</time>
   </trkpt>
   <trkpt lat="-33.4563490" lon="-70.5998520">
    <ele>588.8</ele>
    <time>2025-12-09T23:30:56Z</time>
   </trkpt>
   <trkpt lat="-33.4563520" lon="-70.5998360">
    <ele>588.8</ele>
    <time>2025-12-09T23:30:57Z</time>
   </trkpt>
   <trkpt lat="-33.4563530" lon="-70.5998170">
    <ele>588.9</ele>
    <time>2025-12-09T23:30:58Z</time>
   </trkpt>
   <trkpt lat="-33.4563590" lon="-70.5997810">
    <ele>588.9</ele>
    <time>2025-12-09T23:30:59Z</time>
   </trkpt>
   <trkpt lat="-33.4563690" lon="-70.5997490">
    <ele>589.0</ele>
    <time>2025-12-09T23:31:00Z</time>
   </trkpt>
   <trkpt lat="-33.4563830" lon="-70.5997210">
    <ele>589.0</ele>
    <time>2025-12-09T23:31:01Z</time>
   </trkpt>
   <trkpt lat="-33.4563980" lon="-70.5996850">
    <ele>589.1</ele>
    <time>2025-12-09T23:31:02Z</time>
   </trkpt>
   <trkpt lat="-33.4564080" lon="-70.5996450">
    <ele>589.1</ele>
    <time>2025-12-09T23:31:03Z</time>
   </trkpt>
   <trkpt lat="-33.4564090" lon="-70.5996060">
    <ele>589.1</ele>
    <time>2025-12-09T23:31:04Z</time>
   </trkpt>
   <trkpt lat="-33.4564100" lon="-70.5995720">
    <ele>589.1</ele>
    <time>2025-12-09T23:31:05Z</time>
   </trkpt>
   <trkpt lat="-33.4564210" lon="-70.5995310">
    <ele>589.1</ele>
    <time>2025-12-09T23:31:06Z</time>
   </trkpt>
   <trkpt lat="-33.4564260" lon="-70.5995180">
    <ele>589.1</ele>
    <time>2025-12-09T23:31:07Z</time>
   </trkpt>
   <trkpt lat="-33.4564280" lon="-70.5994960">
    <ele>589.1</ele>
    <time>2025-12-09T23:31:08Z</time>
   </trkpt>
   <trkpt lat="-33.4564260" lon="-70.5994760">
    <ele>589.1</ele>
    <time>2025-12-09T23:31:09Z</time>
   </trkpt>
   <trkpt lat="-33.4564260" lon="-70.5994360">
    <ele>589.1</ele>
    <time>2025-12-09T23:31:10Z</time>
   </trkpt>
   <trkpt lat="-33.4564270" lon="-70.5994250">
    <ele>589.1</ele>
    <time>2025-12-09T23:31:11Z</time>
   </trkpt>
   <trkpt lat="-33.4564370" lon="-70.5993880">
    <ele>589.2</ele>
    <time>2025-12-09T23:31:12Z</time>
   </trkpt>
   <trkpt lat="-33.4564400" lon="-70.5993680">
    <ele>589.2</ele>
    <time>2025-12-09T23:31:13Z</time>
   </trkpt>
   <trkpt lat="-33.4564510" lon="-70.5993250">
    <ele>589.2</ele>
    <time>2025-12-09T23:31:14Z</time>
   </trkpt>
   <trkpt lat="-33.4564540" lon="-70.5993110">
    <ele>589.2</ele>
    <time>2025-12-09T23:31:15Z</time>
   </trkpt>
   <trkpt lat="-33.4564520" lon="-70.5992850">
    <ele>589.2</ele>
    <time>2025-12-09T23:31:16Z</time>
   </trkpt>
   <trkpt lat="-33.4564520" lon="-70.5992730">
    <ele>589.2</ele>
    <time>2025-12-09T23:31:17Z</time>
   </trkpt>
   <trkpt lat="-33.4564600" lon="-70.5992420">
    <ele>589.2</ele>
    <time>2025-12-09T23:31:18Z</time>
   </trkpt>
   <trkpt lat="-33.4564660" lon="-70.5992120">
    <ele>589.2</ele>
    <time>2025-12-09T23:31:19Z</time>
   </trkpt>
   <trkpt lat="-33.4564680" lon="-70.5991950">
    <ele>589.2</ele>
    <time>2025-12-09T23:31:20Z</time>
   </trkpt>
   <trkpt lat="-33.4564800" lon="-70.5991500">
    <ele>589.3</ele>
    <time>2025-12-09T23:31:21Z</time>
   </trkpt>
   <trkpt lat="-33.4564830" lon="-70.5991340">
    <ele>589.3</ele>
    <time>2025-12-09T23:31:22Z</time>
   </trkpt>
   <trkpt lat="-33.4564860" lon="-70.5990890">
    <ele>589.3</ele>
    <time>2025-12-09T23:31:23Z</time>
   </trkpt>
   <trkpt lat="-33.4564890" lon="-70.5990410">
    <ele>589.3</ele>
    <time>2025-12-09T23:31:24Z</time>
   </trkpt>
   <trkpt lat="-33.4564920" lon="-70.5990240">
    <ele>589.3</ele>
    <time>2025-12-09T23:31:25Z</time>
   </trkpt>
   <trkpt lat="-33.4565120" lon="-70.5989850">
    <ele>589.4</ele>
    <time>2025-12-09T23:31:26Z</time>
   </trkpt>
   <trkpt lat="-33.4565310" lon="-70.5989510">
    <ele>589.4</ele>
    <time>2025-12-09T23:31:27Z</time>
   </trkpt>
   <trkpt lat="-33.4565470" lon="-70.5989160">
    <ele>589.4</ele>
    <time>2025-12-09T23:31:28Z</time>
   </trkpt>
   <trkpt lat="-33.4565510" lon="-70.5988680">
    <ele>589.4</ele>
    <time>2025-12-09T23:31:29Z</time>
   </trkpt>
   <trkpt lat="-33.4565530" lon="-70.5988310">
    <ele>589.5</ele>
    <time>2025-12-09T23:31:30Z</time>
   </trkpt>
   <trkpt lat="-33.4565590" lon="-70.5987980">
    <ele>589.5</ele>
    <time>2025-12-09T23:31:31Z</time>
   </trkpt>
   <trkpt lat="-33.4565590" lon="-70.5987830">
    <ele>589.5</ele>
    <time>2025-12-09T23:31:32Z</time>
   </trkpt>
   <trkpt lat="-33.4565570" lon="-70.5987450">
    <ele>589.5</ele>
    <time>2025-12-09T23:31:33Z</time>
   </trkpt>
   <trkpt lat="-33.4565570" lon="-70.5987320">
    <ele>589.5</ele>
    <time>2025-12-09T23:31:34Z</time>
   </trkpt>
   <trkpt lat="-33.4565740" lon="-70.5987050">
    <ele>589.6</ele>
    <time>2025-12-09T23:31:35Z</time>
   </trkpt>
   <trkpt lat="-33.4565800" lon="-70.5986670">
    <ele>589.6</ele>
    <time>2025-12-09T23:31:36Z</time>
   </trkpt>
   <trkpt lat="-33.4565840" lon="-70.5986540">
    <ele>589.6</ele>
    <time>2025-12-09T23:31:37Z</time>
   </trkpt>
   <trkpt lat="-33.4565740" lon="-70.5986050">
    <ele>589.6</ele>
    <time>2025-12-09T23:31:38Z</time>
   </trkpt>
   <trkpt lat="-33.4565760" lon="-70.5985630">
    <ele>589.7</ele>
    <time>2025-12-09T23:31:39Z</time>
   </trkpt>
   <trkpt lat="-33.4565810" lon="-70.5985450">
    <ele>589.7</ele>
    <time>2025-12-09T23:31:40Z</time>
   </trkpt>
   <trkpt lat="-33.4565900" lon="-70.5985100">
    <ele>589.7</ele>
    <time>2025-12-09T23:31:41Z</time>
   </trkpt>
   <trkpt lat="-33.4565930" lon="-70.5984690">
    <ele>589.7</ele>
    <time>2025-12-09T23:31:42Z</time>
   </trkpt>
   <trkpt lat="-33.4566030" lon="-70.5984220">
    <ele>589.8</ele>
    <time>2025-12-09T23:31:43Z</time>
   </trkpt>
   <trkpt lat="-33.4566070" lon="-70.5984060">
    <ele>589.8</ele>
    <time>2025-12-09T23:31:44Z</time>
   </trkpt>
   <trkpt lat="-33.4566140" lon="-70.5983740">
    <ele>589.9</ele>
    <time>2025-12-09T23:31:45Z</time>
   </trkpt>
   <trkpt lat="-33.4566210" lon="-70.5983310">
    <ele>589.9</ele>
    <time>2025-12-09T23:31:46Z</time>
   </trkpt>
   <trkpt lat="-33.4566240" lon="-70.5983170">
    <ele>590.0</ele>
    <time>2025-12-09T23:31:47Z</time>
   </trkpt>
   <trkpt lat="-33.4566330" lon="-70.5982750">
    <ele>590.0</ele>
    <time>2025-12-09T23:31:48Z</time>
   </trkpt>
   <trkpt lat="-33.4566350" lon="-70.5982620">
    <ele>590.1</ele>
    <time>2025-12-09T23:31:49Z</time>
   </trkpt>
   <trkpt lat="-33.4566440" lon="-70.5982310">
    <ele>590.1</ele>
    <time>2025-12-09T23:31:50Z</time>
   </trkpt>
   <trkpt lat="-33.4566450" lon="-70.5982180">
    <ele>590.1</ele>
    <time>2025-12-09T23:31:51Z</time>
   </trkpt>
   <trkpt lat="-33.4566510" lon="-70.5982000">
    <ele>590.2</ele>
    <time>2025-12-09T23:31:52Z</time>
   </trkpt>
   <trkpt lat="-33.4566550" lon="-70.5981790">
    <ele>590.2</ele>
    <time>2025-12-09T23:31:53Z</time>
   </trkpt>
   <trkpt lat="-33.4566570" lon="-70.5981660">
    <ele>590.2</ele>
    <time>2025-12-09T23:31:54Z</time>
   </trkpt>
   <trkpt lat="-33.4566580" lon="-70.5981460">
    <ele>590.3</ele>
    <time>2025-12-09T23:31:55Z</time>
   </trkpt>
   <trkpt lat="-33.4566570" lon="-70.5981280">
    <ele>590.3</ele>
    <time>2025-12-09T23:31:56Z</time>
   </trkpt>
   <trkpt lat="-33.4566590" lon="-70.5981090">
    <ele>590.3</ele>
    <time>2025-12-09T23:31:57Z</time>
   </trkpt>
   <trkpt lat="-33.4566590" lon="-70.5980970">
    <ele>590.3</ele>
    <time>2025-12-09T23:31:58Z</time>
   </trkpt>
   <trkpt lat="-33.4566630" lon="-70.5980860">
    <ele>590.4</ele>
    <time>2025-12-09T23:31:59Z</time>
   </trkpt>
   <trkpt lat="-33.4566650" lon="-70.5980800">
    <ele>590.4</ele>
    <time>2025-12-09T23:32:00Z</time>
   </trkpt>
   <trkpt lat="-33.4566650" lon="-70.5980750">
    <ele>590.4</ele>
    <time>2025-12-09T23:32:01Z</time>
   </trkpt>
   <trkpt lat="-33.4566640" lon="-70.5980710">
    <ele>590.4</ele>
    <time>2025-12-09T23:32:02Z</time>
   </trkpt>
   <trkpt lat="-33.4566610" lon="-70.5980630">
    <ele>590.4</ele>
    <time>2025-12-09T23:32:03Z</time>
   </trkpt>
   <trkpt lat="-33.4566610" lon="-70.5980630">
    <ele>590.4</ele>
    <time>2025-12-09T23:32:04Z</time>
   </trkpt>
   <trkpt lat="-33.4566590" lon="-70.5980510">
    <ele>590.4</ele>
    <time>2025-12-09T23:32:05Z</time>
   </trkpt>
   <trkpt lat="-33.4566570" lon="-70.5980470">
    <ele>590.4</ele>
    <time>2025-12-09T23:32:06Z</time>
   </trkpt>
   <trkpt lat="-33.4566570" lon="-70.5980470">
    <ele>590.4</ele>
    <time>2025-12-09T23:32:07Z</time>
   </trkpt>
   <trkpt lat="-33.4566300" lon="-70.5978520">
    <ele>590.7</ele>
    <time>2025-12-09T23:32:36Z</time>
   </trkpt>
   <trkpt lat="-33.4566350" lon="-70.5978320">
    <ele>590.7</ele>
    <time>2025-12-09T23:32:37Z</time>
   </trkpt>
   <trkpt lat="-33.4566360" lon="-70.5978130">
    <ele>590.7</ele>
    <time>2025-12-09T23:32:38Z</time>
   </trkpt>
   <trkpt lat="-33.4566450" lon="-70.5977810">
    <ele>590.7</ele>
    <time>2025-12-09T23:32:39Z</time>
   </trkpt>
   <trkpt lat="-33.4566490" lon="-70.5977670">
    <ele>590.7</ele>
    <time>2025-12-09T23:32:40Z</time>
   </trkpt>
   <trkpt lat="-33.4566600" lon="-70.5977320">
    <ele>590.7</ele>
    <time>2025-12-09T23:32:41Z</time>
   </trkpt>
   <trkpt lat="-33.4566680" lon="-70.5977200">
    <ele>590.7</ele>
    <time>2025-12-09T23:32:42Z</time>
   </trkpt>
   <trkpt lat="-33.4566710" lon="-70.5976720">
    <ele>590.8</ele>
    <time>2025-12-09T23:32:43Z</time>
   </trkpt>
   <trkpt lat="-33.4566710" lon="-70.5976540">
    <ele>590.8</ele>
    <time>2025-12-09T23:32:44Z</time>
   </trkpt>
   <trkpt lat="-33.4566740" lon="-70.5976090">
    <ele>590.8</ele>
    <time>2025-12-09T23:32:45Z</time>
   </trkpt>
   <trkpt lat="-33.4566750" lon="-70.5975920">
    <ele>590.8</ele>
    <time>2025-12-09T23:32:46Z</time>
   </trkpt>
   <trkpt lat="-33.4566740" lon="-70.5975640">
    <ele>590.9</ele>
    <time>2025-12-09T23:32:47Z</time>
   </trkpt>
   <trkpt lat="-33.4566720" lon="-70.5975500">
    <ele>590.9</ele>
    <time>2025-12-09T23:32:48Z</time>
   </trkpt>
   <trkpt lat="-33.4566790" lon="-70.5975090">
    <ele>590.9</ele>
    <time>2025-12-09T23:32:49Z</time>
   </trkpt>
   <trkpt lat="-33.4566830" lon="-70.5974630">
    <ele>590.9</ele>
    <time>2025-12-09T23:32:50Z</time>
   </trkpt>
   <trkpt lat="-33.4566890" lon="-70.5974230">
    <ele>591.0</ele>
    <time>2025-12-09T23:32:51Z</time>
   </trkpt>
   <trkpt lat="-33.4566980" lon="-70.5973870">
    <ele>591.0</ele>
    <time>2025-12-09T23:32:52Z</time>
   </trkpt>
   <trkpt lat="-33.4567010" lon="-70.5973540">
    <ele>591.0</ele>
    <time>2025-12-09T23:32:53Z</time>
   </trkpt>
   <trkpt lat="-33.4566980" lon="-70.5973120">
    <ele>591.1</ele>
    <time>2025-12-09T23:32:54Z</time>
   </trkpt>
   <trkpt lat="-33.4566960" lon="-70.5972720">
    <ele>591.1</ele>
    <time>2025-12-09T23:32:55Z</time>
   </trkpt>
   <trkpt lat="-33.4566960" lon="-70.5972230">
    <ele>591.1</ele>
    <time>2025-12-09T23:32:56Z</time>
   </trkpt>
   <trkpt lat="-33.4566990" lon="-70.5972050">
    <ele>591.1</ele>
    <time>2025-12-09T23:32:57Z</time>
   </trkpt>
   <trkpt lat="-33.4567030" lon="-70.5971640">
    <ele>591.1</ele>
    <time>2025-12-09T23:32:58Z</time>
   </trkpt>
   <trkpt lat="-33.4567080" lon="-70.5971280">
    <ele>591.2</ele>
    <time>2025-12-09T23:32:59Z</time>
   </trkpt>
   <trkpt lat="-33.4567090" lon="-70.5970910">
    <ele>591.2</ele>
    <time>2025-12-09T23:33:00Z</time>
   </trkpt>
   <trkpt lat="-33.4567110" lon="-70.5970530">
    <ele>591.2</ele>
    <time>2025-12-09T23:33:01Z</time>
   </trkpt>
   <trkpt lat="-33.4567140" lon="-70.5970190">
    <ele>591.2</ele>
    <time>2025-12-09T23:33:02Z</time>
   </trkpt>
   <trkpt lat="-33.4567120" lon="-70.5969840">
    <ele>591.3</ele>
    <time>2025-12-09T23:33:03Z</time>
   </trkpt>
   <trkpt lat="-33.4567160" lon="-70.5969480">
    <ele>591.3</ele>
    <time>2025-12-09T23:33:04Z</time>
   </trkpt>
   <trkpt lat="-33.4567170" lon="-70.5969130">
    <ele>591.3</ele>
    <time>2025-12-09T23:33:05Z</time>
   </trkpt>
   <trkpt lat="-33.4567160" lon="-70.5968740">
    <ele>591.4</ele>
    <time>2025-12-09T23:33:06Z</time>
   </trkpt>
   <trkpt lat="-33.4567160" lon="-70.5968590">
    <ele>591.4</ele>
    <time>2025-12-09T23:33:07Z</time>
   </trkpt>
   <trkpt lat="-33.4567170" lon="-70.5968210">
    <ele>591.4</ele>
    <time>2025-12-09T23:33:08Z</time>
   </trkpt>
   <trkpt lat="-33.4567170" lon="-70.5968070">
    <ele>591.4</ele>
    <time>2025-12-09T23:33:09Z</time>
   </trkpt>
   <trkpt lat="-33.4567240" lon="-70.5967600">
    <ele>591.5</ele>
    <time>2025-12-09T23:33:10Z</time>
   </trkpt>
   <trkpt lat="-33.4567260" lon="-70.5967440">
    <ele>591.5</ele>
    <time>2025-12-09T23:33:11Z</time>
   </trkpt>
   <trkpt lat="-33.4567260" lon="-70.5967040">
    <ele>591.5</ele>
    <time>2025-12-09T23:33:12Z</time>
   </trkpt>
   <trkpt lat="-33.4567240" lon="-70.5966900">
    <ele>591.6</ele>
    <time>2025-12-09T23:33:13Z</time>
   </trkpt>
   <trkpt lat="-33.4567310" lon="-70.5966520">
    <ele>591.6</ele>
    <time>2025-12-09T23:33:14Z</time>
   </trkpt>
   <trkpt lat="-33.4567290" lon="-70.5966170">
    <ele>591.6</ele>
    <time>2025-12-09T23:33:15Z</time>
   </trkpt>
   <trkpt lat="-33.4567290" lon="-70.5965690">
    <ele>591.7</ele>
    <time>2025-12-09T23:33:16Z</time>
   </trkpt>
   <trkpt lat="-33.4567300" lon="-70.5965520">
    <ele>591.7</ele>
    <time>2025-12-09T23:33:17Z</time>
   </trkpt>
   <trkpt lat="-33.4567410" lon="-70.5965190">
    <ele>591.7</ele>
    <time>2025-12-09T23:33:18Z</time>
   </trkpt>
   <trkpt lat="-33.4567430" lon="-70.5964760">
    <ele>591.8</ele>
    <time>2025-12-09T23:33:19Z</time>
   </trkpt>
   <trkpt lat="-33.4567420" lon="-70.5964620">
    <ele>591.8</ele>
    <time>2025-12-09T23:33:20Z</time>
   </trkpt>
   <trkpt lat="-33.4567490" lon="-70.5964300">
    <ele>591.8</ele>
    <time>2025-12-09T23:33:21Z</time>
   </trkpt>
   <trkpt lat="-33.4567530" lon="-70.5963910">
    <ele>591.9</ele>
    <time>2025-12-09T23:33:22Z</time>
   </trkpt>
   <trkpt lat="-33.4567540" lon="-70.5963800">
    <ele>591.9</ele>
    <time>2025-12-09T23:33:23Z</time>
   </trkpt>
   <trkpt lat="-33.4567620" lon="-70.5963420">
    <ele>592.0</ele>
    <time>2025-12-09T23:33:24Z</time>
   </trkpt>
   <trkpt lat="-33.4567660" lon="-70.5963030">
    <ele>592.0</ele>
    <time>2025-12-09T23:33:25Z</time>
   </trkpt>
   <trkpt lat="-33.4567660" lon="-70.5962880">
    <ele>592.1</ele>
    <time>2025-12-09T23:33:26Z</time>
   </trkpt>
   <trkpt lat="-33.4567650" lon="-70.5962470">
    <ele>592.1</ele>
    <time>2025-12-09T23:33:27Z</time>
   </trkpt>
   <trkpt lat="-33.4567650" lon="-70.5962350">
    <ele>592.2</ele>
    <time>2025-12-09T23:33:28Z</time>
   </trkpt>
   <trkpt lat="-33.4567700" lon="-70.5962000">
    <ele>592.2</ele>
    <time>2025-12-09T23:33:29Z</time>
   </trkpt>
   <trkpt lat="-33.4567870" lon="-70.5961650">
    <ele>592.3</ele>
    <time>2025-12-09T23:33:30Z</time>
   </trkpt>
   <trkpt lat="-33.4567930" lon="-70.5961550">
    <ele>592.3</ele>
    <time>2025-12-09T23:33:31Z</time>
   </trkpt>
   <trkpt lat="-33.4568090" lon="-70.5961220">
    <ele>592.4</ele>
    <time>2025-12-09T23:33:32Z</time>
   </trkpt>
   <trkpt lat="-33.4568160" lon="-70.5961090">
    <ele>592.4</ele>
    <time>2025-12-09T23:33:33Z</time>
   </trkpt>
   <trkpt lat="-33.4568220" lon="-70.5960750">
    <ele>592.5</ele>
    <time>2025-12-09T23:33:34Z</time>
   </trkpt>
   <trkpt lat="-33.4568180" lon="-70.5960610">
    <ele>592.5</ele>
    <time>2025-12-09T23:33:35Z</time>
   </trkpt>
   <trkpt lat="-33.4568160" lon="-70.5960140">
    <ele>592.6</ele>
    <time>2025-12-09T23:33:36Z</time>
   </trkpt>
   <trkpt lat="-33.4568130" lon="-70.5959960">
    <ele>592.6</ele>
    <time>2025-12-09T23:33:37Z</time>
   </trkpt>
   <trkpt lat="-33.4568070" lon="-70.5959640">
    <ele>592.7</ele>
    <time>2025-12-09T23:33:38Z</time>
   </trkpt>
   <trkpt lat="-33.4568050" lon="-70.5959160">
    <ele>592.7</ele>
    <time>2025-12-09T23:33:39Z</time>
   </trkpt>
   <trkpt lat="-33.4568000" lon="-70.5959020">
    <ele>592.8</ele>
    <time>2025-12-09T23:33:40Z</time>
   </trkpt>
   <trkpt lat="-33.4567900" lon="-70.5958790">
    <ele>592.8</ele>
    <time>2025-12-09T23:33:41Z</time>
   </trkpt>
   <trkpt lat="-33.4567900" lon="-70.5958460">
    <ele>592.9</ele>
    <time>2025-12-09T23:33:42Z</time>
   </trkpt>
   <trkpt lat="-33.4567970" lon="-70.5958060">
    <ele>592.9</ele>
    <time>2025-12-09T23:33:43Z</time>
   </trkpt>
   <trkpt lat="-33.4567980" lon="-70.5957720">
    <ele>592.9</ele>
    <time>2025-12-09T23:33:44Z</time>
   </trkpt>
   <trkpt lat="-33.4567980" lon="-70.5957600">
    <ele>592.9</ele>
    <time>2025-12-09T23:33:45Z</time>
   </trkpt>
   <trkpt lat="-33.4568020" lon="-70.5957100">
    <ele>592.9</ele>
    <time>2025-12-09T23:33:46Z</time>
   </trkpt>
   <trkpt lat="-33.4568050" lon="-70.5956880">
    <ele>592.9</ele>
    <time>2025-12-09T23:33:47Z</time>
   </trkpt>
   <trkpt lat="-33.4568100" lon="-70.5956450">
    <ele>592.9</ele>
    <time>2025-12-09T23:33:48Z</time>
   </trkpt>
   <trkpt lat="-33.4568130" lon="-70.5956310">
    <ele>592.9</ele>
    <time>2025-12-09T23:33:49Z</time>
   </trkpt>
   <trkpt lat="-33.4568180" lon="-70.5955820">
    <ele>593.0</ele>
    <time>2025-12-09T23:33:50Z</time>
   </trkpt>
   <trkpt lat="-33.4568200" lon="-70.5955650">
    <ele>593.0</ele>
    <time>2025-12-09T23:33:51Z</time>
   </trkpt>
   <trkpt lat="-33.4568260" lon="-70.5955260">
    <ele>593.0</ele>
    <time>2025-12-09T23:33:52Z</time>
   </trkpt>
   <trkpt lat="-33.4568270" lon="-70.5955100">
    <ele>593.0</ele>
    <time>2025-12-09T23:33:53Z</time>
   </trkpt>
   <trkpt lat="-33.4568270" lon="-70.5954740">
    <ele>593.0</ele>
    <time>2025-12-09T23:33:54Z</time>
   </trkpt>
   <trkpt lat="-33.4568280" lon="-70.5954280">
    <ele>593.1</ele>
    <time>2025-12-09T23:33:55Z</time>
   </trkpt>
   <trkpt lat="-33.4568280" lon="-70.5954120">
    <ele>593.1</ele>
    <time>2025-12-09T23:33:56Z</time>
   </trkpt>
   <trkpt lat="-33.4568280" lon="-70.5953710">
    <ele>593.1</ele>
    <time>2025-12-09T23:33:57Z</time>
   </trkpt>
   <trkpt lat="-33.4568240" lon="-70.5953330">
    <ele>593.2</ele>
    <time>2025-12-09T23:33:58Z</time>
   </trkpt>
   <trkpt lat="-33.4568220" lon="-70.5952950">
    <ele>593.2</ele>
    <time>2025-12-09T23:33:59Z</time>
   </trkpt>
   <trkpt lat="-33.4568160" lon="-70.5952590">
    <ele>593.3</ele>
    <time>2025-12-09T23:34:00Z</time>
   </trkpt>
   <trkpt lat="-33.4568150" lon="-70.5952110">
    <ele>593.3</ele>
    <time>2025-12-09T23:34:01Z</time>
   </trkpt>
   <trkpt lat="-33.4568140" lon="-70.5951950">
    <ele>593.4</ele>
    <time>2025-12-09T23:34:02Z</time>
   </trkpt>
   <trkpt lat="-33.4568250" lon="-70.5951200">
    <ele>593.5</ele>
    <time>2025-12-09T23:34:03Z</time>
   </trkpt>
   <trkpt lat="-33.4568330" lon="-70.5950730">
    <ele>593.5</ele>
    <time>2025-12-09T23:34:04Z</time>
   </trkpt>
   <trkpt lat="-33.4568380" lon="-70.5950280">
    <ele>593.6</ele>
    <time>2025-12-09T23:34:05Z</time>
   </trkpt>
   <trkpt lat="-33.4568410" lon="-70.5949730">
    <ele>593.6</ele>
    <time>2025-12-09T23:34:06Z</time>
   </trkpt>
   <trkpt lat="-33.4568490" lon="-70.5949350">
    <ele>593.7</ele>
    <time>2025-12-09T23:34:07Z</time>
   </trkpt>
   <trkpt lat="-33.4568630" lon="-70.5948890">
    <ele>593.7</ele>
    <time>2025-12-09T23:34:08Z</time>
   </trkpt>
   <trkpt lat="-33.4568710" lon="-70.5948730">
    <ele>593.8</ele>
    <time>2025-12-09T23:34:09Z</time>
   </trkpt>
   <trkpt lat="-33.4568880" lon="-70.5948260">
    <ele>593.8</ele>
    <time>2025-12-09T23:34:10Z</time>
   </trkpt>
   <trkpt lat="-33.4568910" lon="-70.5948050">
    <ele>593.8</ele>
    <time>2025-12-09T23:34:11Z</time>
   </trkpt>
   <trkpt lat="-33.4568990" lon="-70.5947640">
    <ele>593.9</ele>
    <time>2025-12-09T23:34:12Z</time>
   </trkpt>
   <trkpt lat="-33.4568980" lon="-70.5947520">
    <ele>593.9</ele>
    <time>2025-12-09T23:34:13Z</time>
   </trkpt>
   <trkpt lat="-33.4568990" lon="-70.5947190">
    <ele>593.9</ele>
    <time>2025-12-09T23:34:14Z</time>
   </trkpt>
   <trkpt lat="-33.4568990" lon="-70.5947040">
    <ele>593.9</ele>
    <time>2025-12-09T23:34:15Z</time>
   </trkpt>
   <trkpt lat="-33.4569000" lon="-70.5946880">
    <ele>593.9</ele>
    <time>2025-12-09T23:34:16Z</time>
   </trkpt>
   <trkpt lat="-33.4568990" lon="-70.5946500">
    <ele>594.0</ele>
    <time>2025-12-09T23:34:17Z</time>
   </trkpt>
   <trkpt lat="-33.4568970" lon="-70.5946370">
    <ele>594.0</ele>
    <time>2025-12-09T23:34:18Z</time>
   </trkpt>
   <trkpt lat="-33.4568940" lon="-70.5945940">
    <ele>594.0</ele>
    <time>2025-12-09T23:34:19Z</time>
   </trkpt>
   <trkpt lat="-33.4568920" lon="-70.5945840">
    <ele>594.0</ele>
    <time>2025-12-09T23:34:20Z</time>
   </trkpt>
   <trkpt lat="-33.4568950" lon="-70.5945370">
    <ele>594.1</ele>
    <time>2025-12-09T23:34:21Z</time>
   </trkpt>
   <trkpt lat="-33.4568980" lon="-70.5945170">
    <ele>594.1</ele>
    <time>2025-12-09T23:34:22Z</time>
   </trkpt>
   <trkpt lat="-33.4568920" lon="-70.5944800">
    <ele>594.1</ele>
    <time>2025-12-09T23:34:23Z</time>
   </trkpt>
   <trkpt lat="-33.4568850" lon="-70.5944330">
    <ele>594.1</ele>
    <time>2025-12-09T23:34:24Z</time>
   </trkpt>
   <trkpt lat="-33.4568810" lon="-70.5944180">
    <ele>594.2</ele>
    <time>2025-12-09T23:34:25Z</time>
   </trkpt>
   <trkpt lat="-33.4568610" lon="-70.5943810">
    <ele>594.2</ele>
    <time>2025-12-09T23:34:26Z</time>
   </trkpt>
   <trkpt lat="-33.4568520" lon="-70.5943720">
    <ele>594.2</ele>
    <time>2025-12-09T23:34:27Z</time>
   </trkpt>
   <trkpt lat="-33.4568280" lon="-70.5943580">
    <ele>594.2</ele>
    <time>2025-12-09T23:34:28Z</time>
   </trkpt>
   <trkpt lat="-33.4567950" lon="-70.5943420">
    <ele>594.3</ele>
    <time>2025-12-09T23:34:29Z</time>
   </trkpt>
   <trkpt lat="-33.4567630" lon="-70.5943360">
    <ele>594.4</ele>
    <time>2025-12-09T23:34:30Z</time>
   </trkpt>
   <trkpt lat="-33.4567540" lon="-70.5943350">
    <ele>594.4</ele>
    <time>2025-12-09T23:34:31Z</time>
   </trkpt>
   <trkpt lat="-33.4567390" lon="-70.5943210">
    <ele>594.4</ele>
    <time>2025-12-09T23:34:32Z</time>
   </trkpt>
   <trkpt lat="-33.4567320" lon="-70.5943110">
    <ele>594.4</ele>
    <time>2025-12-09T23:34:33Z</time>
   </trkpt>
   <trkpt lat="-33.4567250" lon="-70.5943000">
    <ele>594.4</ele>
    <time>2025-12-09T23:34:34Z</time>
   </trkpt>
   <trkpt lat="-33.4567150" lon="-70.5942780">
    <ele>594.4</ele>
    <time>2025-12-09T23:34:35Z</time>
   </trkpt>
   <trkpt lat="-33.4567140" lon="-70.5942610">
    <ele>594.4</ele>
    <time>2025-12-09T23:34:36Z</time>
   </trkpt>
   <trkpt lat="-33.4567170" lon="-70.5942460">
    <ele>594.4</ele>
    <time>2025-12-09T23:34:37Z</time>
   </trkpt>
   <trkpt lat="-33.4567160" lon="-70.5942380">
    <ele>594.4</ele>
    <time>2025-12-09T23:34:38Z</time>
   </trkpt>
   <trkpt lat="-33.4567150" lon="-70.5942290">
    <ele>594.4</ele>
    <time>2025-12-09T23:34:39Z</time>
   </trkpt>
   <trkpt lat="-33.4567140" lon="-70.5942210">
    <ele>594.4</ele>
    <time>2025-12-09T23:34:40Z</time>
   </trkpt>
   <trkpt lat="-33.4567130" lon="-70.5942130">
    <ele>594.5</ele>
    <time>2025-12-09T23:34:41Z</time>
   </trkpt>
   <trkpt lat="-33.4567120" lon="-70.5942050">
    <ele>594.5</ele>
    <time>2025-12-09T23:34:42Z</time>
   </trkpt>
   <trkpt lat="-33.4567120" lon="-70.5941960">
    <ele>594.5</ele>
    <time>2025-12-09T23:34:43Z</time>
   </trkpt>
   <trkpt lat="-33.4567110" lon="-70.5941880">
    <ele>594.5</ele>
    <time>2025-12-09T23:34:44Z</time>
   </trkpt>
   <trkpt lat="-33.4567100" lon="-70.5941800">
    <ele>594.5</ele>
    <time>2025-12-09T23:34:45Z</time>
   </trkpt>
   <trkpt lat="-33.4567090" lon="-70.5941720">
    <ele>594.5</ele>
    <time>2025-12-09T23:34:46Z</time>
   </trkpt>
   <trkpt lat="-33.4567080" lon="-70.5941630">
    <ele>594.5</ele>
    <time>2025-12-09T23:35:05Z</time>
   </trkpt>
   <trkpt lat="-33.4567070" lon="-70.5941550">
    <ele>594.5</ele>
    <time>2025-12-09T23:35:06Z</time>
   </trkpt>
   <trkpt lat="-33.4567060" lon="-70.5941470">
    <ele>594.5</ele>
    <time>2025-12-09T23:35:07Z</time>
   </trkpt>
   <trkpt lat="-33.4567150" lon="-70.5941050">
    <ele>594.5</ele>
    <time>2025-12-09T23:35:08Z</time>
   </trkpt>
   <trkpt lat="-33.4567170" lon="-70.5940890">
    <ele>594.5</ele>
    <time>2025-12-09T23:35:09Z</time>
   </trkpt>
   <trkpt lat="-33.4567220" lon="-70.5940710">
    <ele>594.5</ele>
    <time>2025-12-09T23:35:10Z</time>
   </trkpt>
   <trkpt lat="-33.4567260" lon="-70.5940510">
    <ele>594.5</ele>
    <time>2025-12-09T23:35:11Z</time>
   </trkpt>
   <trkpt lat="-33.4567310" lon="-70.5940310">
    <ele>594.6</ele>
    <time>2025-12-09T23:35:12Z</time>
   </trkpt>
   <trkpt lat="-33.4567380" lon="-70.5940100">
    <ele>594.6</ele>
    <time>2025-12-09T23:35:13Z</time>
   </trkpt>
   <trkpt lat="-33.4567420" lon="-70.5939870">
    <ele>594.6</ele>
    <time>2025-12-09T23:35:14Z</time>
   </trkpt>
   <trkpt lat="-33.4567430" lon="-70.5939740">
    <ele>594.6</ele>
    <time>2025-12-09T23:35:15Z</time>
   </trkpt>
   <trkpt lat="-33.4567480" lon="-70.5939470">
    <ele>594.6</ele>
    <time>2025-12-09T23:35:16Z</time>
   </trkpt>
   <trkpt lat="-33.4567500" lon="-70.5939350">
    <ele>594.6</ele>
    <time>2025-12-09T23:35:17Z</time>
   </trkpt>
   <trkpt lat="-33.4567520" lon="-70.5939230">
    <ele>594.6</ele>
    <time>2025-12-09T23:35:18Z</time>
   </trkpt>
   <trkpt lat="-33.4567550" lon="-70.5939060">
    <ele>594.6</ele>
    <time>2025-12-09T23:35:19Z</time>
   </trkpt>
   <trkpt lat="-33.4567600" lon="-70.5938870">
    <ele>594.6</ele>
    <time>2025-12-09T23:35:20Z</time>
   </trkpt>
   <trkpt lat="-33.4567600" lon="-70.5938740">
    <ele>594.6</ele>
    <time>2025-12-09T23:35:21Z</time>
   </trkpt>
   <trkpt lat="-33.4567640" lon="-70.5938470">
    <ele>594.7</ele>
    <time>2025-12-09T23:35:22Z</time>
   </trkpt>
   <trkpt lat="-33.4567690" lon="-70.5938120">
    <ele>594.7</ele>
    <time>2025-12-09T23:35:23Z</time>
   </trkpt>
   <trkpt lat="-33.4567710" lon="-70.5938000">
    <ele>594.7</ele>
    <time>2025-12-09T23:35:24Z</time>
   </trkpt>
   <trkpt lat="-33.4567640" lon="-70.5937690">
    <ele>594.7</ele>
    <time>2025-12-09T23:35:25Z</time>
   </trkpt>
   <trkpt lat="-33.4567580" lon="-70.5937570">
    <ele>594.8</ele>
    <time>2025-12-09T23:35:26Z</time>
   </trkpt>
   <trkpt lat="-33.4567300" lon="-70.5937400">
    <ele>594.8</ele>
    <time>2025-12-09T23:35:27Z</time>
   </trkpt>
   <trkpt lat="-33.4567190" lon="-70.5937370">
    <ele>594.8</ele>
    <time>2025-12-09T23:35:28Z</time>
   </trkpt>
   <trkpt lat="-33.4566890" lon="-70.5937410">
    <ele>594.9</ele>
    <time>2025-12-09T23:35:29Z</time>
   </trkpt>
   <trkpt lat="-33.4566780" lon="-70.5937440">
    <ele>594.9</ele>
    <time>2025-12-09T23:35:30Z</time>
   </trkpt>
   <trkpt lat="-33.4566590" lon="-70.5937440">
    <ele>594.9</ele>
    <time>2025-12-09T23:35:31Z</time>
   </trkpt>
   <trkpt lat="-33.4566430" lon="-70.5937460">
    <ele>594.9</ele>
    <time>2025-12-09T23:35:32Z</time>
   </trkpt>
   <trkpt lat="-33.4566280" lon="-70.5937530">
    <ele>594.9</ele>
    <time>2025-12-09T23:35:33Z</time>
   </trkpt>
   <trkpt lat="-33.4566120" lon="-70.5937560">
    <ele>594.9</ele>
    <time>2025-12-09T23:35:34Z</time>
   </trkpt>
   <trkpt lat="-33.4565850" lon="-70.5937550">
    <ele>594.9</ele>
    <time>2025-12-09T23:35:35Z</time>
   </trkpt>
   <trkpt lat="-33.4565750" lon="-70.5937540">
    <ele>595.0</ele>
    <time>2025-12-09T23:35:36Z</time>
   </trkpt>
   <trkpt lat="-33.4565560" lon="-70.5937490">
    <ele>595.0</ele>
    <time>2025-12-09T23:35:37Z</time>
   </trkpt>
   <trkpt lat="-33.4565430" lon="-70.5937460">
    <ele>595.1</ele>
    <time>2025-12-09T23:35:38Z</time>
   </trkpt>
   <trkpt lat="-33.4565120" lon="-70.5937400">
    <ele>595.1</ele>
    <time>2025-12-09T23:35:39Z</time>
   </trkpt>
   <trkpt lat="-33.4565020" lon="-70.5937400">
    <ele>595.1</ele>
    <time>2025-12-09T23:35:40Z</time>
   </trkpt>
   <trkpt lat="-33.4564880" lon="-70.5937470">
    <ele>595.1</ele>
    <time>2025-12-09T23:35:41Z</time>
   </trkpt>
   <trkpt lat="-33.4564730" lon="-70.5937510">
    <ele>595.2</ele>
    <time>2025-12-09T23:35:42Z</time>
   </trkpt>
   <trkpt lat="-33.4564460" lon="-70.5937500">
    <ele>595.2</ele>
    <time>2025-12-09T23:35:43Z</time>
   </trkpt>
   <trkpt lat="-33.4564360" lon="-70.5937480">
    <ele>595.2</ele>
    <time>2025-12-09T23:35:44Z</time>
   </trkpt>
   <trkpt lat="-33.4564080" lon="-70.5937330">
    <ele>595.3</ele>
    <time>2025-12-09T23:35:45Z</time>
   </trkpt>
   <trkpt lat="-33.4563980" lon="-70.5937270">
    <ele>595.3</ele>
    <time>2025-12-09T23:35:46Z</time>
   </trkpt>
   <trkpt lat="-33.4563830" lon="-70.5937230">
    <ele>595.3</ele>
    <time>2025-12-09T23:35:47Z</time>
   </trkpt>
   <trkpt lat="-33.4563660" lon="-70.5937180">
    <ele>595.3</ele>
    <time>2025-12-09T23:35:48Z</time>
   </trkpt>
   <trkpt lat="-33.4563470" lon="-70.5937120">
    <ele>595.3</ele>
    <time>2025-12-09T23:35:49Z</time>
   </trkpt>
   <trkpt lat="-33.4563320" lon="-70.5937090">
    <ele>595.3</ele>
    <time>2025-12-09T23:35:50Z</time>
   </trkpt>
   <trkpt lat="-33.4563160" lon="-70.5937050">
    <ele>595.3</ele>
    <time>2025-12-09T23:35:51Z</time>
   </trkpt>
   <trkpt lat="-33.4563000" lon="-70.5937080">
    <ele>595.3</ele>
    <time>2025-12-09T23:35:52Z</time>
   </trkpt>
   <trkpt lat="-33.4562820" lon="-70.5937110">
    <ele>595.4</ele>
    <time>2025-12-09T23:35:53Z</time>
   </trkpt>
   <trkpt lat="-33.4562690" lon="-70.5937190">
    <ele>595.4</ele>
    <time>2025-12-09T23:35:54Z</time>
   </trkpt>
   <trkpt lat="-33.4562410" lon="-70.5937270">
    <ele>595.4</ele>
    <time>2025-12-09T23:35:55Z</time>
   </trkpt>
   <trkpt lat="-33.4562310" lon="-70.5937280">
    <ele>595.4</ele>
    <time>2025-12-09T23:35:56Z</time>
   </trkpt>
   <trkpt lat="-33.4562030" lon="-70.5937320">
    <ele>595.4</ele>
    <time>2025-12-09T23:35:57Z</time>
   </trkpt>
   <trkpt lat="-33.4561940" lon="-70.5937340">
    <ele>595.4</ele>
    <time>2025-12-09T23:35:58Z</time>
   </trkpt>
   <trkpt lat="-33.4561750" lon="-70.5937350">
    <ele>595.4</ele>
    <time>2025-12-09T23:35:59Z</time>
   </trkpt>
   <trkpt lat="-33.4561580" lon="-70.5937270">
    <ele>595.4</ele>
    <time>2025-12-09T23:36:00Z</time>
   </trkpt>
   <trkpt lat="-33.4561310" lon="-70.5937140">
    <ele>595.4</ele>
    <time>2025-12-09T23:36:01Z</time>
   </trkpt>
   <trkpt lat="-33.4561220" lon="-70.5937100">
    <ele>595.4</ele>
    <time>2025-12-09T23:36:02Z</time>
   </trkpt>
   <trkpt lat="-33.4561110" lon="-70.5936990">
    <ele>595.4</ele>
    <time>2025-12-09T23:36:03Z</time>
   </trkpt>
   <trkpt lat="-33.4560960" lon="-70.5936900">
    <ele>595.5</ele>
    <time>2025-12-09T23:36:04Z</time>
   </trkpt>
   <trkpt lat="-33.4560770" lon="-70.5936830">
    <ele>595.5</ele>
    <time>2025-12-09T23:36:05Z</time>
   </trkpt>
   <trkpt lat="-33.4560650" lon="-70.5936800">
    <ele>595.5</ele>
    <time>2025-12-09T23:36:06Z</time>
   </trkpt>
   <trkpt lat="-33.4560360" lon="-70.5936860">
    <ele>595.5</ele>
    <time>2025-12-09T23:36:07Z</time>
   </trkpt>
   <trkpt lat="-33.4560270" lon="-70.5936930">
    <ele>595.5</ele>
    <time>2025-12-09T23:36:08Z</time>
   </trkpt>
   <trkpt lat="-33.4559950" lon="-70.5936950">
    <ele>595.5</ele>
    <time>2025-12-09T23:36:09Z</time>
   </trkpt>
   <trkpt lat="-33.4559850" lon="-70.5936940">
    <ele>595.5</ele>
    <time>2025-12-09T23:36:10Z</time>
   </trkpt>
   <trkpt lat="-33.4559670" lon="-70.5936950">
    <ele>595.5</ele>
    <time>2025-12-09T23:36:11Z</time>
   </trkpt>
   <trkpt lat="-33.4559500" lon="-70.5937010">
    <ele>595.5</ele>
    <time>2025-12-09T23:36:12Z</time>
   </trkpt>
   <trkpt lat="-33.4559240" lon="-70.5937070">
    <ele>595.5</ele>
    <time>2025-12-09T23:36:13Z</time>
   </trkpt>
   <trkpt lat="-33.4559130" lon="-70.5937080">
    <ele>595.5</ele>
    <time>2025-12-09T23:36:14Z</time>
   </trkpt>
   <trkpt lat="-33.4558970" lon="-70.5937090">
    <ele>595.5</ele>
    <time>2025-12-09T23:36:15Z</time>
   </trkpt>
   <trkpt lat="-33.4558800" lon="-70.5937130">
    <ele>595.5</ele>
    <time>2025-12-09T23:36:16Z</time>
   </trkpt>
   <trkpt lat="-33.4558630" lon="-70.5937130">
    <ele>595.5</ele>
    <time>2025-12-09T23:36:17Z</time>
   </trkpt>
   <trkpt lat="-33.4558490" lon="-70.5937120">
    <ele>595.5</ele>
    <time>2025-12-09T23:36:18Z</time>
   </trkpt>
   <trkpt lat="-33.4558330" lon="-70.5937130">
    <ele>595.5</ele>
    <time>2025-12-09T23:36:19Z</time>
   </trkpt>
   <trkpt lat="-33.4558150" lon="-70.5937080">
    <ele>595.5</ele>
    <time>2025-12-09T23:36:20Z</time>
   </trkpt>
   <trkpt lat="-33.4557960" lon="-70.5937070">
    <ele>595.5</ele>
    <time>2025-12-09T23:36:21Z</time>
   </trkpt>
   <trkpt lat="-33.4557840" lon="-70.5937050">
    <ele>595.5</ele>
    <time>2025-12-09T23:36:22Z</time>
   </trkpt>
   <trkpt lat="-33.4557710" lon="-70.5937120">
    <ele>595.5</ele>
    <time>2025-12-09T23:36:23Z</time>
   </trkpt>
   <trkpt lat="-33.4557620" lon="-70.5937140">
    <ele>595.5</ele>
    <time>2025-12-09T23:36:24Z</time>
   </trkpt>
   <trkpt lat="-33.4557510" lon="-70.5937250">
    <ele>595.5</ele>
    <time>2025-12-09T23:36:25Z</time>
   </trkpt>
   <trkpt lat="-33.4557230" lon="-70.5937460">
    <ele>595.5</ele>
    <time>2025-12-09T23:36:26Z</time>
   </trkpt>
   <trkpt lat="-33.4557150" lon="-70.5937530">
    <ele>595.3</ele>
    <time>2025-12-09T23:36:27Z</time>
   </trkpt>
   <trkpt lat="-33.4557070" lon="-70.5937700">
    <ele>595.3</ele>
    <time>2025-12-09T23:36:28Z</time>
   </trkpt>
   <trkpt lat="-33.4557000" lon="-70.5937880">
    <ele>595.3</ele>
    <time>2025-12-09T23:36:29Z</time>
   </trkpt>
   <trkpt lat="-33.4556960" lon="-70.5938050">
    <ele>595.3</ele>
    <time>2025-12-09T23:36:30Z</time>
   </trkpt>
   <trkpt lat="-33.4556870" lon="-70.5938230">
    <ele>595.4</ele>
    <time>2025-12-09T23:36:31Z</time>
   </trkpt>
   <trkpt lat="-33.4556720" lon="-70.5938330">
    <ele>595.2</ele>
    <time>2025-12-09T23:36:32Z</time>
   </trkpt>
   <trkpt lat="-33.4556610" lon="-70.5938410">
    <ele>595.2</ele>
    <time>2025-12-09T23:36:33Z</time>
   </trkpt>
   <trkpt lat="-33.4556450" lon="-70.5938580">
    <ele>595.2</ele>
    <time>2025-12-09T23:36:34Z</time>
   </trkpt>
   <trkpt lat="-33.4556390" lon="-70.5938650">
    <ele>595.2</ele>
    <time>2025-12-09T23:36:35Z</time>
   </trkpt>
   <trkpt lat="-33.4556340" lon="-70.5938720">
    <ele>595.2</ele>
    <time>2025-12-09T23:36:36Z</time>
   </trkpt>
   <trkpt lat="-33.4556290" lon="-70.5938830">
    <ele>595.2</ele>
    <time>2025-12-09T23:36:37Z</time>
   </trkpt>
   <trkpt lat="-33.4556320" lon="-70.5938880">
    <ele>595.2</ele>
    <time>2025-12-09T23:36:38Z</time>
   </trkpt>
   <trkpt lat="-33.4556330" lon="-70.5938860">
    <ele>595.2</ele>
    <time>2025-12-09T23:36:39Z</time>
   </trkpt>
   <trkpt lat="-33.4556320" lon="-70.5938850">
    <ele>595.2</ele>
    <time>2025-12-09T23:36:40Z</time>
   </trkpt>
   <trkpt lat="-33.4556320" lon="-70.5938850">
    <ele>595.2</ele>
    <time>2025-12-09T23:36:41Z</time>
   </trkpt>
   <trkpt lat="-33.4556320" lon="-70.5938850">
    <ele>595.2</ele>
    <time>2025-12-09T23:36:42Z</time>
   </trkpt>
   <trkpt lat="-33.4556320" lon="-70.5938860">
    <ele>595.2</ele>
    <time>2025-12-09T23:36:43Z</time>
   </trkpt>
   <trkpt lat="-33.4556340" lon="-70.5938840">
    <ele>595.2</ele>
    <time>2025-12-09T23:36:44Z</time>
   </trkpt>
   <trkpt lat="-33.4556340" lon="-70.5938850">
    <ele>595.2</ele>
    <time>2025-12-09T23:36:45Z</time>
   </trkpt>
   <trkpt lat="-33.4556330" lon="-70.5938850">
    <ele>595.2</ele>
    <time>2025-12-09T23:36:46Z</time>
   </trkpt>
   <trkpt lat="-33.4555010" lon="-70.5941960">
    <ele>595.5</ele>
    <time>2025-12-09T23:38:39Z</time>
   </trkpt>
   <trkpt lat="-33.4555580" lon="-70.5940190">
    <ele>595.6</ele>
    <time>2025-12-09T23:38:40Z</time>
   </trkpt>
   <trkpt lat="-33.4555720" lon="-70.5939840">
    <ele>595.6</ele>
    <time>2025-12-09T23:38:41Z</time>
   </trkpt>
   <trkpt lat="-33.4555680" lon="-70.5939840">
    <ele>595.6</ele>
    <time>2025-12-09T23:38:42Z</time>
   </trkpt>
   <trkpt lat="-33.4555880" lon="-70.5939190">
    <ele>595.3</ele>
    <time>2025-12-09T23:38:43Z</time>
   </trkpt>
   <trkpt lat="-33.4555890" lon="-70.5939020">
    <ele>595.3</ele>
    <time>2025-12-09T23:38:44Z</time>
   </trkpt>
   <trkpt lat="-33.4555900" lon="-70.5938900">
    <ele>595.1</ele>
    <time>2025-12-09T23:38:45Z</time>
   </trkpt>
   <trkpt lat="-33.4555960" lon="-70.5938780">
    <ele>595.1</ele>
    <time>2025-12-09T23:38:46Z</time>
   </trkpt>
   <trkpt lat="-33.4556000" lon="-70.5938800">
    <ele>595.1</ele>
    <time>2025-12-09T23:38:47Z</time>
   </trkpt>
   <trkpt lat="-33.4556070" lon="-70.5938810">
    <ele>595.1</ele>
    <time>2025-12-09T23:38:48Z</time>
   </trkpt>
   <trkpt lat="-33.4556200" lon="-70.5938900">
    <ele>595.2</ele>
    <time>2025-12-09T23:38:49Z</time>
   </trkpt>
   <trkpt lat="-33.4556550" lon="-70.5938580">
    <ele>595.3</ele>
    <time>2025-12-09T23:42:07Z</time>
   </trkpt>
   <trkpt lat="-33.4556670" lon="-70.5938470">
    <ele>595.2</ele>
    <time>2025-12-09T23:42:08Z</time>
   </trkpt>
   <trkpt lat="-33.4556760" lon="-70.5938340">
    <ele>595.2</ele>
    <time>2025-12-09T23:42:09Z</time>
   </trkpt>
   <trkpt lat="-33.4556820" lon="-70.5938200">
    <ele>595.2</ele>
    <time>2025-12-09T23:42:10Z</time>
   </trkpt>
   <trkpt lat="-33.4556920" lon="-70.5938070">
    <ele>595.3</ele>
    <time>2025-12-09T23:42:11Z</time>
   </trkpt>
   <trkpt lat="-33.4556950" lon="-70.5937900">
    <ele>595.3</ele>
    <time>2025-12-09T23:42:12Z</time>
   </trkpt>
   <trkpt lat="-33.4557000" lon="-70.5937750">
    <ele>595.3</ele>
    <time>2025-12-09T23:42:13Z</time>
   </trkpt>
   <trkpt lat="-33.4557040" lon="-70.5937650">
    <ele>595.3</ele>
    <time>2025-12-09T23:42:14Z</time>
   </trkpt>
   <trkpt lat="-33.4557060" lon="-70.5937480">
    <ele>595.3</ele>
    <time>2025-12-09T23:42:15Z</time>
   </trkpt>
   <trkpt lat="-33.4557150" lon="-70.5937360">
    <ele>595.3</ele>
    <time>2025-12-09T23:42:16Z</time>
   </trkpt>
   <trkpt lat="-33.4557270" lon="-70.5937240">
    <ele>595.5</ele>
    <time>2025-12-09T23:42:17Z</time>
   </trkpt>
   <trkpt lat="-33.4557390" lon="-70.5937180">
    <ele>595.5</ele>
    <time>2025-12-09T23:42:18Z</time>
   </trkpt>
   <trkpt lat="-33.4557510" lon="-70.5937140">
    <ele>595.5</ele>
    <time>2025-12-09T23:42:19Z</time>
   </trkpt>
   <trkpt lat="-33.4557660" lon="-70.5937080">
    <ele>595.5</ele>
    <time>2025-12-09T23:42:20Z</time>
   </trkpt>
   <trkpt lat="-33.4557820" lon="-70.5937080">
    <ele>595.5</ele>
    <time>2025-12-09T23:42:21Z</time>
   </trkpt>
   <trkpt lat="-33.4557950" lon="-70.5937170">
    <ele>595.5</ele>
    <time>2025-12-09T23:42:22Z</time>
   </trkpt>
   <trkpt lat="-33.4558120" lon="-70.5937220">
    <ele>595.5</ele>
    <time>2025-12-09T23:42:23Z</time>
   </trkpt>
   <trkpt lat="-33.4558250" lon="-70.5937200">
    <ele>595.5</ele>
    <time>2025-12-09T23:42:24Z</time>
   </trkpt>
   <trkpt lat="-33.4558410" lon="-70.5937230">
    <ele>595.5</ele>
    <time>2025-12-09T23:42:25Z</time>
   </trkpt>
   <trkpt lat="-33.4558580" lon="-70.5937330">
    <ele>595.5</ele>
    <time>2025-12-09T23:42:26Z</time>
   </trkpt>
   <trkpt lat="-33.4558690" lon="-70.5937380">
    <ele>595.5</ele>
    <time>2025-12-09T23:42:27Z</time>
   </trkpt>
   <trkpt lat="-33.4558750" lon="-70.5937350">
    <ele>595.5</ele>
    <time>2025-12-09T23:42:28Z</time>
   </trkpt>
   <trkpt lat="-33.4558920" lon="-70.5937290">
    <ele>595.5</ele>
    <time>2025-12-09T23:42:29Z</time>
   </trkpt>
   <trkpt lat="-33.4559060" lon="-70.5937310">
    <ele>595.5</ele>
    <time>2025-12-09T23:42:30Z</time>
   </trkpt>
   <trkpt lat="-33.4559220" lon="-70.5937290">
    <ele>595.5</ele>
    <time>2025-12-09T23:42:31Z</time>
   </trkpt>
   <trkpt lat="-33.4559360" lon="-70.5937270">
    <ele>595.5</ele>
    <time>2025-12-09T23:42:32Z</time>
   </trkpt>
   <trkpt lat="-33.4559530" lon="-70.5937250">
    <ele>595.5</ele>
    <time>2025-12-09T23:42:33Z</time>
   </trkpt>
   <trkpt lat="-33.4559700" lon="-70.5937220">
    <ele>595.5</ele>
    <time>2025-12-09T23:42:34Z</time>
   </trkpt>
   <trkpt lat="-33.4559860" lon="-70.5937220">
    <ele>595.5</ele>
    <time>2025-12-09T23:42:35Z</time>
   </trkpt>
   <trkpt lat="-33.4560100" lon="-70.5937200">
    <ele>595.5</ele>
    <time>2025-12-09T23:42:36Z</time>
   </trkpt>
   <trkpt lat="-33.4560190" lon="-70.5937190">
    <ele>595.5</ele>
    <time>2025-12-09T23:42:37Z</time>
   </trkpt>
   <trkpt lat="-33.4560280" lon="-70.5937190">
    <ele>595.5</ele>
    <time>2025-12-09T23:42:38Z</time>
   </trkpt>
   <trkpt lat="-33.4560520" lon="-70.5937220">
    <ele>595.5</ele>
    <time>2025-12-09T23:42:39Z</time>
   </trkpt>
   <trkpt lat="-33.4560600" lon="-70.5937230">
    <ele>595.5</ele>
    <time>2025-12-09T23:42:40Z</time>
   </trkpt>
   <trkpt lat="-33.4560690" lon="-70.5937240">
    <ele>595.5</ele>
    <time>2025-12-09T23:42:41Z</time>
   </trkpt>
   <trkpt lat="-33.4560810" lon="-70.5937320">
    <ele>595.5</ele>
    <time>2025-12-09T23:42:42Z</time>
   </trkpt>
   <trkpt lat="-33.4560900" lon="-70.5937370">
    <ele>595.5</ele>
    <time>2025-12-09T23:42:43Z</time>
   </trkpt>
   <trkpt lat="-33.4560980" lon="-70.5937410">
    <ele>595.5</ele>
    <time>2025-12-09T23:42:44Z</time>
   </trkpt>
   <trkpt lat="-33.4561070" lon="-70.5937460">
    <ele>595.4</ele>
    <time>2025-12-09T23:42:45Z</time>
   </trkpt>
   <trkpt lat="-33.4561320" lon="-70.5937520">
    <ele>595.4</ele>
    <time>2025-12-09T23:42:46Z</time>
   </trkpt>
   <trkpt lat="-33.4561420" lon="-70.5937520">
    <ele>595.4</ele>
    <time>2025-12-09T23:42:47Z</time>
   </trkpt>
   <trkpt lat="-33.4561530" lon="-70.5937530">
    <ele>595.4</ele>
    <time>2025-12-09T23:42:48Z</time>
   </trkpt>
   <trkpt lat="-33.4561590" lon="-70.5937480">
    <ele>595.4</ele>
    <time>2025-12-09T23:42:49Z</time>
   </trkpt>
   <trkpt lat="-33.4561700" lon="-70.5937400">
    <ele>595.4</ele>
    <time>2025-12-09T23:42:50Z</time>
   </trkpt>
   <trkpt lat="-33.4561780" lon="-70.5937300">
    <ele>595.4</ele>
    <time>2025-12-09T23:42:51Z</time>
   </trkpt>
   <trkpt lat="-33.4561870" lon="-70.5937210">
    <ele>595.4</ele>
    <time>2025-12-09T23:42:52Z</time>
   </trkpt>
   <trkpt lat="-33.4561900" lon="-70.5937180">
    <ele>595.4</ele>
    <time>2025-12-09T23:42:53Z</time>
   </trkpt>
   <trkpt lat="-33.4561920" lon="-70.5937150">
    <ele>595.4</ele>
    <time>2025-12-09T23:42:54Z</time>
   </trkpt>
   <trkpt lat="-33.4561910" lon="-70.5937110">
    <ele>595.4</ele>
    <time>2025-12-09T23:42:55Z</time>
   </trkpt>
   <trkpt lat="-33.4561950" lon="-70.5937110">
    <ele>595.4</ele>
    <time>2025-12-09T23:42:56Z</time>
   </trkpt>
   <trkpt lat="-33.4561970" lon="-70.5937080">
    <ele>595.4</ele>
    <time>2025-12-09T23:42:57Z</time>
   </trkpt>
   <trkpt lat="-33.4561990" lon="-70.5937060">
    <ele>595.4</ele>
    <time>2025-12-09T23:42:58Z</time>
   </trkpt>
   <trkpt lat="-33.4562010" lon="-70.5937050">
    <ele>595.4</ele>
    <time>2025-12-09T23:42:59Z</time>
   </trkpt>
   <trkpt lat="-33.4562010" lon="-70.5937050">
    <ele>595.4</ele>
    <time>2025-12-09T23:43:00Z</time>
   </trkpt>
   <trkpt lat="-33.4562050" lon="-70.5937010">
    <ele>595.4</ele>
    <time>2025-12-09T23:43:01Z</time>
   </trkpt>
   <trkpt lat="-33.4561440" lon="-70.5937620">
    <ele>595.4</ele>
    <time>2025-12-09T23:50:50Z</time>
   </trkpt>
   <trkpt lat="-33.4561660" lon="-70.5937490">
    <ele>595.4</ele>
    <time>2025-12-09T23:50:51Z</time>
   </trkpt>
   <trkpt lat="-33.4561660" lon="-70.5937400">
    <ele>595.4</ele>
    <time>2025-12-09T23:50:52Z</time>
   </trkpt>
   <trkpt lat="-33.4562410" lon="-70.5937150">
    <ele>595.4</ele>
    <time>2025-12-09T23:50:53Z</time>
   </trkpt>
   <trkpt lat="-33.4562210" lon="-70.5936960">
    <ele>595.4</ele>
    <time>2025-12-09T23:50:54Z</time>
   </trkpt>
   <trkpt lat="-33.4562200" lon="-70.5936910">
    <ele>595.4</ele>
    <time>2025-12-09T23:50:55Z</time>
   </trkpt>
   <trkpt lat="-33.4562160" lon="-70.5936920">
    <ele>595.4</ele>
    <time>2025-12-09T23:50:56Z</time>
   </trkpt>
   <trkpt lat="-33.4562220" lon="-70.5936900">
    <ele>595.4</ele>
    <time>2025-12-09T23:50:57Z</time>
   </trkpt>
   <trkpt lat="-33.4562340" lon="-70.5936970">
    <ele>595.4</ele>
    <time>2025-12-09T23:50:58Z</time>
   </trkpt>
   <trkpt lat="-33.4562290" lon="-70.5936890">
    <ele>595.4</ele>
    <time>2025-12-09T23:50:59Z</time>
   </trkpt>
   <trkpt lat="-33.4562490" lon="-70.5937080">
    <ele>595.4</ele>
    <time>2025-12-09T23:51:02Z</time>
   </trkpt>
   <trkpt lat="-33.4562590" lon="-70.5937110">
    <ele>595.4</ele>
    <time>2025-12-09T23:51:03Z</time>
   </trkpt>
   <trkpt lat="-33.4562680" lon="-70.5937080">
    <ele>595.3</ele>
    <time>2025-12-09T23:51:04Z</time>
   </trkpt>
   <trkpt lat="-33.4562740" lon="-70.5937110">
    <ele>595.3</ele>
    <time>2025-12-09T23:51:05Z</time>
   </trkpt>
   <trkpt lat="-33.4562840" lon="-70.5937130">
    <ele>595.3</ele>
    <time>2025-12-09T23:51:06Z</time>
   </trkpt>
   <trkpt lat="-33.4562960" lon="-70.5937150">
    <ele>595.3</ele>
    <time>2025-12-09T23:51:07Z</time>
   </trkpt>
   <trkpt lat="-33.4563040" lon="-70.5937080">
    <ele>595.3</ele>
    <time>2025-12-09T23:51:08Z</time>
   </trkpt>
   <trkpt lat="-33.4563150" lon="-70.5936990">
    <ele>595.3</ele>
    <time>2025-12-09T23:51:09Z</time>
   </trkpt>
   <trkpt lat="-33.4563150" lon="-70.5936970">
    <ele>595.3</ele>
    <time>2025-12-09T23:51:10Z</time>
   </trkpt>
   <trkpt lat="-33.4563210" lon="-70.5936930">
    <ele>595.3</ele>
    <time>2025-12-09T23:51:11Z</time>
   </trkpt>
   <trkpt lat="-33.4563290" lon="-70.5936940">
    <ele>595.3</ele>
    <time>2025-12-09T23:51:12Z</time>
   </trkpt>
   <trkpt lat="-33.4563380" lon="-70.5936960">
    <ele>595.3</ele>
    <time>2025-12-09T23:51:13Z</time>
   </trkpt>
   <trkpt lat="-33.4563440" lon="-70.5936990">
    <ele>595.3</ele>
    <time>2025-12-09T23:51:14Z</time>
   </trkpt>
   <trkpt lat="-33.4563500" lon="-70.5936970">
    <ele>595.3</ele>
    <time>2025-12-09T23:51:15Z</time>
   </trkpt>
   <trkpt lat="-33.4563510" lon="-70.5936940">
    <ele>595.3</ele>
    <time>2025-12-09T23:51:16Z</time>
   </trkpt>
   <trkpt lat="-33.4563500" lon="-70.5936940">
    <ele>595.3</ele>
    <time>2025-12-09T23:51:17Z</time>
   </trkpt>
   <trkpt lat="-33.4563560" lon="-70.5936940">
    <ele>595.3</ele>
    <time>2025-12-09T23:51:18Z</time>
   </trkpt>
   <trkpt lat="-33.4563520" lon="-70.5937310">
    <ele>595.5</ele>
    <time>2025-12-09T23:51:26Z</time>
   </trkpt>
   <trkpt lat="-33.4563700" lon="-70.5937420">
    <ele>596.3</ele>
    <time>2025-12-09T23:51:27Z</time>
   </trkpt>
   <trkpt lat="-33.4563730" lon="-70.5937580">
    <ele>596.6</ele>
    <time>2025-12-09T23:51:28Z</time>
   </trkpt>
   <trkpt lat="-33.4563860" lon="-70.5937790">
    <ele>596.6</ele>
    <time>2025-12-09T23:51:29Z</time>
   </trkpt>
   <trkpt lat="-33.4563910" lon="-70.5937880">
    <ele>596.6</ele>
    <time>2025-12-09T23:51:30Z</time>
   </trkpt>
   <trkpt lat="-33.4563950" lon="-70.5937970">
    <ele>596.6</ele>
    <time>2025-12-09T23:51:31Z</time>
   </trkpt>
   <trkpt lat="-33.4564070" lon="-70.5938060">
    <ele>596.6</ele>
    <time>2025-12-09T23:51:32Z</time>
   </trkpt>
   <trkpt lat="-33.4564170" lon="-70.5938170">
    <ele>596.6</ele>
    <time>2025-12-09T23:51:33Z</time>
   </trkpt>
   <trkpt lat="-33.4564310" lon="-70.5938290">
    <ele>596.6</ele>
    <time>2025-12-09T23:51:34Z</time>
   </trkpt>
   <trkpt lat="-33.4564460" lon="-70.5938380">
    <ele>596.6</ele>
    <time>2025-12-09T23:51:35Z</time>
   </trkpt>
   <trkpt lat="-33.4564630" lon="-70.5938660">
    <ele>596.6</ele>
    <time>2025-12-09T23:51:36Z</time>
   </trkpt>
   <trkpt lat="-33.4564680" lon="-70.5938760">
    <ele>596.6</ele>
    <time>2025-12-09T23:51:37Z</time>
   </trkpt>
   <trkpt lat="-33.4564770" lon="-70.5939070">
    <ele>596.6</ele>
    <time>2025-12-09T23:51:38Z</time>
   </trkpt>
   <trkpt lat="-33.4564790" lon="-70.5939190">
    <ele>596.6</ele>
    <time>2025-12-09T23:51:39Z</time>
   </trkpt>
   <trkpt lat="-33.4564750" lon="-70.5939380">
    <ele>596.5</ele>
    <time>2025-12-09T23:51:40Z</time>
   </trkpt>
   <trkpt lat="-33.4564680" lon="-70.5939550">
    <ele>596.5</ele>
    <time>2025-12-09T23:51:41Z</time>
   </trkpt>
   <trkpt lat="-33.4564600" lon="-70.5939730">
    <ele>596.4</ele>
    <time>2025-12-09T23:51:42Z</time>
   </trkpt>
   <trkpt lat="-33.4564540" lon="-70.5939900">
    <ele>596.4</ele>
    <time>2025-12-09T23:51:43Z</time>
   </trkpt>
   <trkpt lat="-33.4564390" lon="-70.5940030">
    <ele>596.3</ele>
    <time>2025-12-09T23:51:44Z</time>
   </trkpt>
   <trkpt lat="-33.4564270" lon="-70.5940140">
    <ele>596.3</ele>
    <time>2025-12-09T23:51:45Z</time>
   </trkpt>
   <trkpt lat="-33.4564150" lon="-70.5940260">
    <ele>596.3</ele>
    <time>2025-12-09T23:51:46Z</time>
   </trkpt>
   <trkpt lat="-33.4563970" lon="-70.5940270">
    <ele>596.2</ele>
    <time>2025-12-09T23:51:47Z</time>
   </trkpt>
   <trkpt lat="-33.4564010" lon="-70.5940510">
    <ele>596.1</ele>
    <time>2025-12-09T23:51:48Z</time>
   </trkpt>
   <trkpt lat="-33.4564060" lon="-70.5940640">
    <ele>596.1</ele>
    <time>2025-12-09T23:51:49Z</time>
   </trkpt>
   <trkpt lat="-33.4564120" lon="-70.5940760">
    <ele>596.1</ele>
    <time>2025-12-09T23:51:50Z</time>
   </trkpt>
   <trkpt lat="-33.4564390" lon="-70.5940890">
    <ele>596.0</ele>
    <time>2025-12-09T23:51:51Z</time>
   </trkpt>
   <trkpt lat="-33.4564480" lon="-70.5940950">
    <ele>596.0</ele>
    <time>2025-12-09T23:51:52Z</time>
   </trkpt>
   <trkpt lat="-33.4564570" lon="-70.5940920">
    <ele>595.9</ele>
    <time>2025-12-09T23:51:53Z</time>
   </trkpt>
   <trkpt lat="-33.4564580" lon="-70.5940880">
    <ele>595.9</ele>
    <time>2025-12-09T23:51:54Z</time>
   </trkpt>
   <trkpt lat="-33.4564560" lon="-70.5940900">
    <ele>595.9</ele>
    <time>2025-12-09T23:51:55Z</time>
   </trkpt>
   <trkpt lat="-33.4564550" lon="-70.5940910">
    <ele>595.9</ele>
    <time>2025-12-09T23:51:56Z</time>
   </trkpt>
   <trkpt lat="-33.4564560" lon="-70.5940930">
    <ele>595.9</ele>
    <time>2025-12-09T23:51:57Z</time>
   </trkpt>
   <trkpt lat="-33.4564590" lon="-70.5940900">
    <ele>595.9</ele>
    <time>2025-12-09T23:51:58Z</time>
   </trkpt>
   <trkpt lat="-33.4564590" lon="-70.5940910">
    <ele>595.9</ele>
    <time>2025-12-09T23:51:59Z</time>
   </trkpt>
   <trkpt lat="-33.4564570" lon="-70.5940900">
    <ele>595.9</ele>
    <time>2025-12-09T23:52:00Z</time>
   </trkpt>
   <trkpt lat="-33.4564700" lon="-70.5940930">
    <ele>595.8</ele>
    <time>2025-12-09T23:52:01Z</time>
   </trkpt>
   <trkpt lat="-33.4564620" lon="-70.5940940">
    <ele>595.8</ele>
    <time>2025-12-09T23:52:02Z</time>
   </trkpt>
   <trkpt lat="-33.4564630" lon="-70.5940930">
    <ele>595.8</ele>
    <time>2025-12-09T23:52:03Z</time>
   </trkpt>
   <trkpt lat="-33.4564010" lon="-70.5940840">
    <ele>595.6</ele>
    <time>2025-12-09T23:53:32Z</time>
   </trkpt>
   <trkpt lat="-33.4563930" lon="-70.5940920">
    <ele>595.4</ele>
    <time>2025-12-09T23:53:33Z</time>
   </trkpt>
   <trkpt lat="-33.4563850" lon="-70.5940960">
    <ele>595.3</ele>
    <time>2025-12-09T23:53:34Z</time>
   </trkpt>
   <trkpt lat="-33.4563770" lon="-70.5940910">
    <ele>595.1</ele>
    <time>2025-12-09T23:53:35Z</time>
   </trkpt>
   <trkpt lat="-33.4563720" lon="-70.5940950">
    <ele>595.0</ele>
    <time>2025-12-09T23:53:36Z</time>
   </trkpt>
   <trkpt lat="-33.4563620" lon="-70.5941030">
    <ele>594.8</ele>
    <time>2025-12-09T23:53:37Z</time>
   </trkpt>
   <trkpt lat="-33.4563430" lon="-70.5941040">
    <ele>594.8</ele>
    <time>2025-12-09T23:53:38Z</time>
   </trkpt>
   <trkpt lat="-33.4563120" lon="-70.5940990">
    <ele>594.8</ele>
    <time>2025-12-09T23:53:39Z</time>
   </trkpt>
   <trkpt lat="-33.4563030" lon="-70.5940970">
    <ele>594.8</ele>
    <time>2025-12-09T23:53:40Z</time>
   </trkpt>
   <trkpt lat="-33.4562760" lon="-70.5940880">
    <ele>594.8</ele>
    <time>2025-12-09T23:53:41Z</time>
   </trkpt>
   <trkpt lat="-33.4562670" lon="-70.5940850">
    <ele>594.8</ele>
    <time>2025-12-09T23:53:42Z</time>
   </trkpt>
   <trkpt lat="-33.4562500" lon="-70.5940830">
    <ele>594.9</ele>
    <time>2025-12-09T23:53:43Z</time>
   </trkpt>
   <trkpt lat="-33.4562340" lon="-70.5940860">
    <ele>594.9</ele>
    <time>2025-12-09T23:53:44Z</time>
   </trkpt>
   <trkpt lat="-33.4562170" lon="-70.5940870">
    <ele>594.9</ele>
    <time>2025-12-09T23:53:45Z</time>
   </trkpt>
   <trkpt lat="-33.4562020" lon="-70.5940840">
    <ele>594.9</ele>
    <time>2025-12-09T23:53:46Z</time>
   </trkpt>
   <trkpt lat="-33.4561860" lon="-70.5940770">
    <ele>594.9</ele>
    <time>2025-12-09T23:53:47Z</time>
   </trkpt>
   <trkpt lat="-33.4561710" lon="-70.5940740">
    <ele>594.9</ele>
    <time>2025-12-09T23:53:48Z</time>
   </trkpt>
   <trkpt lat="-33.4561450" lon="-70.5940610">
    <ele>594.9</ele>
    <time>2025-12-09T23:53:49Z</time>
   </trkpt>
   <trkpt lat="-33.4561350" lon="-70.5940590">
    <ele>594.9</ele>
    <time>2025-12-09T23:53:50Z</time>
   </trkpt>
   <trkpt lat="-33.4561080" lon="-70.5940590">
    <ele>595.0</ele>
    <time>2025-12-09T23:53:51Z</time>
   </trkpt>
   <trkpt lat="-33.4560970" lon="-70.5940590">
    <ele>595.0</ele>
    <time>2025-12-09T23:53:52Z</time>
   </trkpt>
   <trkpt lat="-33.4560690" lon="-70.5940660">
    <ele>595.0</ele>
    <time>2025-12-09T23:53:53Z</time>
   </trkpt>
   <trkpt lat="-33.4560590" lon="-70.5940670">
    <ele>595.0</ele>
    <time>2025-12-09T23:53:54Z</time>
   </trkpt>
   <trkpt lat="-33.4560300" lon="-70.5940640">
    <ele>595.0</ele>
    <time>2025-12-09T23:53:55Z</time>
   </trkpt>
   <trkpt lat="-33.4560190" lon="-70.5940640">
    <ele>595.0</ele>
    <time>2025-12-09T23:53:56Z</time>
   </trkpt>
   <trkpt lat="-33.4559890" lon="-70.5940740">
    <ele>595.0</ele>
    <time>2025-12-09T23:53:57Z</time>
   </trkpt>
   <trkpt lat="-33.4559790" lon="-70.5940770">
    <ele>595.0</ele>
    <time>2025-12-09T23:53:58Z</time>
   </trkpt>
   <trkpt lat="-33.4559620" lon="-70.5940750">
    <ele>595.0</ele>
    <time>2025-12-09T23:53:59Z</time>
   </trkpt>
   <trkpt lat="-33.4559450" lon="-70.5940690">
    <ele>595.0</ele>
    <time>2025-12-09T23:54:00Z</time>
   </trkpt>
   <trkpt lat="-33.4559260" lon="-70.5940640">
    <ele>595.0</ele>
    <time>2025-12-09T23:54:01Z</time>
   </trkpt>
   <trkpt lat="-33.4559100" lon="-70.5940590">
    <ele>595.0</ele>
    <time>2025-12-09T23:54:02Z</time>
   </trkpt>
   <trkpt lat="-33.4558790" lon="-70.5940630">
    <ele>595.0</ele>
    <time>2025-12-09T23:54:03Z</time>
   </trkpt>
   <trkpt lat="-33.4558690" lon="-70.5940640">
    <ele>595.0</ele>
    <time>2025-12-09T23:54:04Z</time>
   </trkpt>
   <trkpt lat="-33.4558490" lon="-70.5940620">
    <ele>595.0</ele>
    <time>2025-12-09T23:54:05Z</time>
   </trkpt>
   <trkpt lat="-33.4558350" lon="-70.5940560">
    <ele>595.0</ele>
    <time>2025-12-09T23:54:06Z</time>
   </trkpt>
   <trkpt lat="-33.4558190" lon="-70.5940480">
    <ele>595.0</ele>
    <time>2025-12-09T23:54:07Z</time>
   </trkpt>
   <trkpt lat="-33.4558050" lon="-70.5940460">
    <ele>595.0</ele>
    <time>2025-12-09T23:54:08Z</time>
   </trkpt>
   <trkpt lat="-33.4557870" lon="-70.5940470">
    <ele>595.0</ele>
    <time>2025-12-09T23:54:09Z</time>
   </trkpt>
   <trkpt lat="-33.4557710" lon="-70.5940450">
    <ele>595.0</ele>
    <time>2025-12-09T23:54:10Z</time>
   </trkpt>
   <trkpt lat="-33.4557540" lon="-70.5940470">
    <ele>595.0</ele>
    <time>2025-12-09T23:54:11Z</time>
   </trkpt>
   <trkpt lat="-33.4557400" lon="-70.5940450">
    <ele>595.0</ele>
    <time>2025-12-09T23:54:12Z</time>
   </trkpt>
   <trkpt lat="-33.4557220" lon="-70.5940460">
    <ele>595.0</ele>
    <time>2025-12-09T23:54:13Z</time>
   </trkpt>
   <trkpt lat="-33.4557060" lon="-70.5940420">
    <ele>595.0</ele>
    <time>2025-12-09T23:54:14Z</time>
   </trkpt>
   <trkpt lat="-33.4556910" lon="-70.5940440">
    <ele>595.1</ele>
    <time>2025-12-09T23:54:15Z</time>
   </trkpt>
   <trkpt lat="-33.4556750" lon="-70.5940490">
    <ele>595.1</ele>
    <time>2025-12-09T23:54:16Z</time>
   </trkpt>
   <trkpt lat="-33.4556590" lon="-70.5940540">
    <ele>595.1</ele>
    <time>2025-12-09T23:54:17Z</time>
   </trkpt>
   <trkpt lat="-33.4556400" lon="-70.5940560">
    <ele>595.1</ele>
    <time>2025-12-09T23:54:18Z</time>
   </trkpt>
   <trkpt lat="-33.4556080" lon="-70.5940580">
    <ele>595.1</ele>
    <time>2025-12-09T23:54:19Z</time>
   </trkpt>
   <trkpt lat="-33.4555970" lon="-70.5940580">
    <ele>595.1</ele>
    <time>2025-12-09T23:54:20Z</time>
   </trkpt>
   <trkpt lat="-33.4555820" lon="-70.5940600">
    <ele>595.1</ele>
    <time>2025-12-09T23:54:21Z</time>
   </trkpt>
   <trkpt lat="-33.4555700" lon="-70.5940560">
    <ele>595.1</ele>
    <time>2025-12-09T23:54:22Z</time>
   </trkpt>
   <trkpt lat="-33.4555590" lon="-70.5940530">
    <ele>595.1</ele>
    <time>2025-12-09T23:54:23Z</time>
   </trkpt>
   <trkpt lat="-33.4555460" lon="-70.5940540">
    <ele>595.1</ele>
    <time>2025-12-09T23:54:24Z</time>
   </trkpt>
   <trkpt lat="-33.4555340" lon="-70.5940520">
    <ele>595.1</ele>
    <time>2025-12-09T23:54:25Z</time>
   </trkpt>
   <trkpt lat="-33.4555060" lon="-70.5940480">
    <ele>595.1</ele>
    <time>2025-12-09T23:54:26Z</time>
   </trkpt>
   <trkpt lat="-33.4554960" lon="-70.5940450">
    <ele>595.2</ele>
    <time>2025-12-09T23:54:27Z</time>
   </trkpt>
   <trkpt lat="-33.4554870" lon="-70.5940360">
    <ele>595.2</ele>
    <time>2025-12-09T23:54:28Z</time>
   </trkpt>
   <trkpt lat="-33.4554740" lon="-70.5940290">
    <ele>595.2</ele>
    <time>2025-12-09T23:54:29Z</time>
   </trkpt>
   <trkpt lat="-33.4554630" lon="-70.5940270">
    <ele>595.2</ele>
    <time>2025-12-09T23:54:30Z</time>
   </trkpt>
   <trkpt lat="-33.4554520" lon="-70.5940230">
    <ele>595.2</ele>
    <time>2025-12-09T23:54:31Z</time>
   </trkpt>
   <trkpt lat="-33.4554410" lon="-70.5940240">
    <ele>595.2</ele>
    <time>2025-12-09T23:54:32Z</time>
   </trkpt>
   <trkpt lat="-33.4554360" lon="-70.5940190">
    <ele>595.2</ele>
    <time>2025-12-09T23:54:33Z</time>
   </trkpt>
   <trkpt lat="-33.4554320" lon="-70.5940180">
    <ele>595.2</ele>
    <time>2025-12-09T23:54:34Z</time>
   </trkpt>
   <trkpt lat="-33.4554210" lon="-70.5940210">
    <ele>595.2</ele>
    <time>2025-12-09T23:54:35Z</time>
   </trkpt>
   <trkpt lat="-33.4554090" lon="-70.5940270">
    <ele>595.2</ele>
    <time>2025-12-09T23:54:36Z</time>
   </trkpt>
   <trkpt lat="-33.4554070" lon="-70.5940320">
    <ele>595.2</ele>
    <time>2025-12-09T23:54:37Z</time>
   </trkpt>
   <trkpt lat="-33.4554070" lon="-70.5940290">
    <ele>595.2</ele>
    <time>2025-12-09T23:54:38Z</time>
   </trkpt>
   <trkpt lat="-33.4554070" lon="-70.5940290">
    <ele>595.2</ele>
    <time>2025-12-09T23:54:39Z</time>
   </trkpt>
   <trkpt lat="-33.4554070" lon="-70.5940290">
    <ele>595.2</ele>
    <time>2025-12-09T23:54:40Z</time>
   </trkpt>
   <trkpt lat="-33.4554130" lon="-70.5940360">
    <ele>595.2</ele>
    <time>2025-12-09T23:54:41Z</time>
   </trkpt>
   <trkpt lat="-33.4554110" lon="-70.5940380">
    <ele>595.2</ele>
    <time>2025-12-09T23:54:42Z</time>
   </trkpt>
   <trkpt lat="-33.4554120" lon="-70.5940400">
    <ele>595.2</ele>
    <time>2025-12-09T23:54:43Z</time>
   </trkpt>
   <trkpt lat="-33.4554090" lon="-70.5940400">
    <ele>595.2</ele>
    <time>2025-12-09T23:54:44Z</time>
   </trkpt>
   <trkpt lat="-33.4554060" lon="-70.5940400">
    <ele>595.2</ele>
    <time>2025-12-09T23:54:45Z</time>
   </trkpt>
   <trkpt lat="-33.4554050" lon="-70.5940390">
    <ele>595.2</ele>
    <time>2025-12-09T23:54:46Z</time>
   </trkpt>
   <trkpt lat="-33.4553920" lon="-70.5941750">
    <ele>595.1</ele>
    <time>2025-12-09T23:56:02Z</time>
   </trkpt>
   <trkpt lat="-33.4553860" lon="-70.5941830">
    <ele>595.1</ele>
    <time>2025-12-09T23:56:03Z</time>
   </trkpt>
   <trkpt lat="-33.4553840" lon="-70.5941890">
    <ele>595.1</ele>
    <time>2025-12-09T23:56:04Z</time>
   </trkpt>
   <trkpt lat="-33.4553810" lon="-70.5941970">
    <ele>595.1</ele>
    <time>2025-12-09T23:56:05Z</time>
   </trkpt>
   <trkpt lat="-33.4553770" lon="-70.5942010">
    <ele>595.1</ele>
    <time>2025-12-09T23:56:06Z</time>
   </trkpt>
   <trkpt lat="-33.4553750" lon="-70.5942060">
    <ele>595.1</ele>
    <time>2025-12-09T23:56:07Z</time>
   </trkpt>
   <trkpt lat="-33.4553760" lon="-70.5942040">
    <ele>595.1</ele>
    <time>2025-12-09T23:56:08Z</time>
   </trkpt>
   <trkpt lat="-33.4553760" lon="-70.5942040">
    <ele>595.1</ele>
    <time>2025-12-09T23:56:09Z</time>
   </trkpt>
   <trkpt lat="-33.4553760" lon="-70.5942040">
    <ele>595.1</ele>
    <time>2025-12-09T23:56:10Z</time>
   </trkpt>
   <trkpt lat="-33.4553760" lon="-70.5942040">
    <ele>595.1</ele>
    <time>2025-12-09T23:56:11Z</time>
   </trkpt>
   <trkpt lat="-33.4553760" lon="-70.5941990">
    <ele>595.1</ele>
    <time>2025-12-09T23:56:12Z</time>
   </trkpt>
   <trkpt lat="-33.4553740" lon="-70.5941970">
    <ele>595.1</ele>
    <time>2025-12-09T23:56:13Z</time>
   </trkpt>
   <trkpt lat="-33.4553400" lon="-70.5942130">
    <ele>595.1</ele>
    <time>2025-12-09T23:56:56Z</time>
   </trkpt>
   <trkpt lat="-33.4553330" lon="-70.5942100">
    <ele>595.1</ele>
    <time>2025-12-09T23:56:57Z</time>
   </trkpt>
   <trkpt lat="-33.4553220" lon="-70.5942100">
    <ele>595.1</ele>
    <time>2025-12-09T23:56:58Z</time>
   </trkpt>
   <trkpt lat="-33.4553150" lon="-70.5942110">
    <ele>595.1</ele>
    <time>2025-12-09T23:56:59Z</time>
   </trkpt>
   <trkpt lat="-33.4553050" lon="-70.5942110">
    <ele>595.1</ele>
    <time>2025-12-09T23:57:00Z</time>
   </trkpt>
   <trkpt lat="-33.4552950" lon="-70.5942120">
    <ele>595.1</ele>
    <time>2025-12-09T23:57:01Z</time>
   </trkpt>
   <trkpt lat="-33.4552840" lon="-70.5942180">
    <ele>595.1</ele>
    <time>2025-12-09T23:57:02Z</time>
   </trkpt>
   <trkpt lat="-33.4552770" lon="-70.5942170">
    <ele>595.1</ele>
    <time>2025-12-09T23:57:03Z</time>
   </trkpt>
   <trkpt lat="-33.4552650" lon="-70.5942150">
    <ele>595.1</ele>
    <time>2025-12-09T23:57:04Z</time>
   </trkpt>
   <trkpt lat="-33.4552550" lon="-70.5942170">
    <ele>595.1</ele>
    <time>2025-12-09T23:57:05Z</time>
   </trkpt>
   <trkpt lat="-33.4552420" lon="-70.5942170">
    <ele>595.1</ele>
    <time>2025-12-09T23:57:06Z</time>
   </trkpt>
   <trkpt lat="-33.4552300" lon="-70.5942150">
    <ele>595.1</ele>
    <time>2025-12-09T23:57:07Z</time>
   </trkpt>
   <trkpt lat="-33.4552190" lon="-70.5942130">
    <ele>595.1</ele>
    <time>2025-12-09T23:57:08Z</time>
   </trkpt>
   <trkpt lat="-33.4552100" lon="-70.5942110">
    <ele>595.1</ele>
    <time>2025-12-09T23:57:09Z</time>
   </trkpt>
   <trkpt lat="-33.4552000" lon="-70.5942050">
    <ele>595.1</ele>
    <time>2025-12-09T23:57:10Z</time>
   </trkpt>
   <trkpt lat="-33.4551930" lon="-70.5942000">
    <ele>595.2</ele>
    <time>2025-12-09T23:57:11Z</time>
   </trkpt>
   <trkpt lat="-33.4551870" lon="-70.5941970">
    <ele>595.2</ele>
    <time>2025-12-09T23:57:12Z</time>
   </trkpt>
   <trkpt lat="-33.4551840" lon="-70.5941950">
    <ele>595.2</ele>
    <time>2025-12-09T23:57:13Z</time>
   </trkpt>
   <trkpt lat="-33.4551890" lon="-70.5941930">
    <ele>595.2</ele>
    <time>2025-12-09T23:57:14Z</time>
   </trkpt>
   <trkpt lat="-33.4551960" lon="-70.5941940">
    <ele>595.2</ele>
    <time>2025-12-09T23:57:15Z</time>
   </trkpt>
   <trkpt lat="-33.4552030" lon="-70.5941950">
    <ele>595.2</ele>
    <time>2025-12-09T23:57:16Z</time>
   </trkpt>
   <trkpt lat="-33.4552100" lon="-70.5941960">
    <ele>595.2</ele>
    <time>2025-12-09T23:57:17Z</time>
   </trkpt>
   <trkpt lat="-33.4552170" lon="-70.5941970">
    <ele>595.2</ele>
    <time>2025-12-09T23:57:18Z</time>
   </trkpt>
   <trkpt lat="-33.4552240" lon="-70.5941980">
    <ele>595.2</ele>
    <time>2025-12-09T23:57:19Z</time>
   </trkpt>
   <trkpt lat="-33.4552310" lon="-70.5941990">
    <ele>595.2</ele>
    <time>2025-12-09T23:57:20Z</time>
   </trkpt>
   <trkpt lat="-33.4552380" lon="-70.5942000">
    <ele>595.2</ele>
    <time>2025-12-09T23:57:21Z</time>
   </trkpt>
   <trkpt lat="-33.4552450" lon="-70.5942010">
    <ele>595.2</ele>
    <time>2025-12-10T00:29:26Z</time>
   </trkpt>
   <trkpt lat="-33.4552520" lon="-70.5942020">
    <ele>595.2</ele>
    <time>2025-12-10T00:29:27Z</time>
   </trkpt>
   <trkpt lat="-33.4552590" lon="-70.5942030">
    <ele>595.2</ele>
    <time>2025-12-10T00:29:28Z</time>
   </trkpt>
   <trkpt lat="-33.4552660" lon="-70.5942040">
    <ele>595.2</ele>
    <time>2025-12-10T00:29:29Z</time>
   </trkpt>
   <trkpt lat="-33.4552730" lon="-70.5942050">
    <ele>595.2</ele>
    <time>2025-12-10T00:29:30Z</time>
   </trkpt>
   <trkpt lat="-33.4552800" lon="-70.5942060">
    <ele>595.2</ele>
    <time>2025-12-10T00:29:31Z</time>
   </trkpt>
   <trkpt lat="-33.4552870" lon="-70.5942070">
    <ele>595.2</ele>
    <time>2025-12-10T00:29:32Z</time>
   </trkpt>
   <trkpt lat="-33.4552940" lon="-70.5942080">
    <ele>595.2</ele>
    <time>2025-12-10T00:29:33Z</time>
   </trkpt>
   <trkpt lat="-33.4553010" lon="-70.5942090">
    <ele>595.2</ele>
    <time>2025-12-10T00:29:34Z</time>
   </trkpt>
   <trkpt lat="-33.4553080" lon="-70.5942100">
    <ele>595.2</ele>
    <time>2025-12-10T00:29:35Z</time>
   </trkpt>
   <trkpt lat="-33.4552870" lon="-70.5942380">
    <ele>595.2</ele>
    <time>2025-12-10T00:29:36Z</time>
   </trkpt>
   <trkpt lat="-33.4552590" lon="-70.5942480">
    <ele>595.3</ele>
    <time>2025-12-10T00:29:37Z</time>
   </trkpt>
   <trkpt lat="-33.4552560" lon="-70.5942520">
    <ele>595.3</ele>
    <time>2025-12-10T00:29:38Z</time>
   </trkpt>
   <trkpt lat="-33.4552510" lon="-70.5942540">
    <ele>595.3</ele>
    <time>2025-12-10T00:29:39Z</time>
   </trkpt>
   <trkpt lat="-33.4552470" lon="-70.5942560">
    <ele>595.3</ele>
    <time>2025-12-10T00:29:40Z</time>
   </trkpt>
   <trkpt lat="-33.4552420" lon="-70.5942580">
    <ele>595.3</ele>
    <time>2025-12-10T00:29:41Z</time>
   </trkpt>
   <trkpt lat="-33.4552380" lon="-70.5942600">
    <ele>595.3</ele>
    <time>2025-12-10T00:29:42Z</time>
   </trkpt>
   <trkpt lat="-33.4552330" lon="-70.5942620">
    <ele>595.3</ele>
    <time>2025-12-10T00:29:43Z</time>
   </trkpt>
   <trkpt lat="-33.4552290" lon="-70.5942640">
    <ele>595.3</ele>
    <time>2025-12-10T00:29:44Z</time>
   </trkpt>
   <trkpt lat="-33.4552240" lon="-70.5942660">
    <ele>595.3</ele>
    <time>2025-12-10T00:29:45Z</time>
   </trkpt>
   <trkpt lat="-33.4551830" lon="-70.5942710">
    <ele>595.3</ele>
    <time>2025-12-10T00:29:50Z</time>
   </trkpt>
   <trkpt lat="-33.4551750" lon="-70.5942790">
    <ele>595.3</ele>
    <time>2025-12-10T00:29:51Z</time>
   </trkpt>
   <trkpt lat="-33.4551730" lon="-70.5942840">
    <ele>595.3</ele>
    <time>2025-12-10T00:29:52Z</time>
   </trkpt>
   <trkpt lat="-33.4551860" lon="-70.5942780">
    <ele>595.3</ele>
    <time>2025-12-10T00:29:53Z</time>
   </trkpt>
   <trkpt lat="-33.4551880" lon="-70.5942680">
    <ele>595.3</ele>
    <time>2025-12-10T00:29:54Z</time>
   </trkpt>
   <trkpt lat="-33.4551820" lon="-70.5942530">
    <ele>595.4</ele>
    <time>2025-12-10T00:29:55Z</time>
   </trkpt>
   <trkpt lat="-33.4551850" lon="-70.5942430">
    <ele>595.4</ele>
    <time>2025-12-10T00:29:56Z</time>
   </trkpt>
   <trkpt lat="-33.4551940" lon="-70.5942310">
    <ele>595.4</ele>
    <time>2025-12-10T00:29:57Z</time>
   </trkpt>
   <trkpt lat="-33.4551890" lon="-70.5942160">
    <ele>595.4</ele>
    <time>2025-12-10T00:29:58Z</time>
   </trkpt>
   <trkpt lat="-33.4551840" lon="-70.5942120">
    <ele>595.4</ele>
    <time>2025-12-10T00:29:59Z</time>
   </trkpt>
   <trkpt lat="-33.4551810" lon="-70.5942040">
    <ele>595.4</ele>
    <time>2025-12-10T00:30:00Z</time>
   </trkpt>
   <trkpt lat="-33.4551810" lon="-70.5941980">
    <ele>595.4</ele>
    <time>2025-12-10T00:30:01Z</time>
   </trkpt>
   <trkpt lat="-33.4551790" lon="-70.5941970">
    <ele>595.4</ele>
    <time>2025-12-10T00:30:02Z</time>
   </trkpt>
   <trkpt lat="-33.4551800" lon="-70.5941970">
    <ele>595.4</ele>
    <time>2025-12-10T00:30:03Z</time>
   </trkpt>
   <trkpt lat="-33.4551850" lon="-70.5941940">
    <ele>595.4</ele>
    <time>2025-12-10T00:30:04Z</time>
   </trkpt>
   <trkpt lat="-33.4551830" lon="-70.5941950">
    <ele>595.4</ele>
    <time>2025-12-10T00:30:05Z</time>
   </trkpt>
   <trkpt lat="-33.4551800" lon="-70.5941970">
    <ele>595.4</ele>
    <time>2025-12-10T00:30:06Z</time>
   </trkpt>
   <trkpt lat="-33.4551770" lon="-70.5942010">
    <ele>595.5</ele>
    <time>2025-12-10T00:30:07Z</time>
   </trkpt>
   <trkpt lat="-33.4551780" lon="-70.5942010">
    <ele>595.5</ele>
    <time>2025-12-10T00:30:08Z</time>
   </trkpt>
   <trkpt lat="-33.4551740" lon="-70.5941800">
    <ele>595.5</ele>
    <time>2025-12-10T00:30:10Z</time>
   </trkpt>
   <trkpt lat="-33.4551670" lon="-70.5941650">
    <ele>595.5</ele>
    <time>2025-12-10T00:30:11Z</time>
   </trkpt>
   <trkpt lat="-33.4551590" lon="-70.5941470">
    <ele>595.5</ele>
    <time>2025-12-10T00:30:12Z</time>
   </trkpt>
   <trkpt lat="-33.4551540" lon="-70.5941360">
    <ele>595.5</ele>
    <time>2025-12-10T00:30:13Z</time>
   </trkpt>
   <trkpt lat="-33.4551440" lon="-70.5941190">
    <ele>595.5</ele>
    <time>2025-12-10T00:30:14Z</time>
   </trkpt>
   <trkpt lat="-33.4551350" lon="-70.5941040">
    <ele>595.6</ele>
    <time>2025-12-10T00:30:15Z</time>
   </trkpt>
   <trkpt lat="-33.4551340" lon="-70.5940870">
    <ele>595.6</ele>
    <time>2025-12-10T00:30:16Z</time>
   </trkpt>
   <trkpt lat="-33.4551290" lon="-70.5940660">
    <ele>595.6</ele>
    <time>2025-12-10T00:30:17Z</time>
   </trkpt>
   <trkpt lat="-33.4551320" lon="-70.5940470">
    <ele>595.6</ele>
    <time>2025-12-10T00:30:18Z</time>
   </trkpt>
   <trkpt lat="-33.4551330" lon="-70.5940250">
    <ele>595.6</ele>
    <time>2025-12-10T00:30:19Z</time>
   </trkpt>
   <trkpt lat="-33.4551300" lon="-70.5940070">
    <ele>595.6</ele>
    <time>2025-12-10T00:30:20Z</time>
   </trkpt>
   <trkpt lat="-33.4551300" lon="-70.5939870">
    <ele>595.7</ele>
    <time>2025-12-10T00:30:21Z</time>
   </trkpt>
   <trkpt lat="-33.4551310" lon="-70.5939780">
    <ele>595.7</ele>
    <time>2025-12-10T00:30:22Z</time>
   </trkpt>
   <trkpt lat="-33.4551310" lon="-70.5939700">
    <ele>595.7</ele>
    <time>2025-12-10T00:30:23Z</time>
   </trkpt>
   <trkpt lat="-33.4551320" lon="-70.5939610">
    <ele>595.7</ele>
    <time>2025-12-10T00:30:24Z</time>
   </trkpt>
   <trkpt lat="-33.4551350" lon="-70.5939280">
    <ele>595.7</ele>
    <time>2025-12-10T00:30:25Z</time>
   </trkpt>
   <trkpt lat="-33.4551350" lon="-70.5939150">
    <ele>595.7</ele>
    <time>2025-12-10T00:30:26Z</time>
   </trkpt>
   <trkpt lat="-33.4551330" lon="-70.5938780">
    <ele>595.8</ele>
    <time>2025-12-10T00:30:27Z</time>
   </trkpt>
   <trkpt lat="-33.4551350" lon="-70.5938660">
    <ele>595.8</ele>
    <time>2025-12-10T00:30:28Z</time>
   </trkpt>
   <trkpt lat="-33.4551390" lon="-70.5938330">
    <ele>595.8</ele>
    <time>2025-12-10T00:30:29Z</time>
   </trkpt>
   <trkpt lat="-33.4551380" lon="-70.5937960">
    <ele>595.8</ele>
    <time>2025-12-10T00:30:30Z</time>
   </trkpt>
   <trkpt lat="-33.4551380" lon="-70.5937570">
    <ele>595.9</ele>
    <time>2025-12-10T00:30:31Z</time>
   </trkpt>
   <trkpt lat="-33.4551350" lon="-70.5937220">
    <ele>595.9</ele>
    <time>2025-12-10T00:30:32Z</time>
   </trkpt>
   <trkpt lat="-33.4551340" lon="-70.5936890">
    <ele>595.9</ele>
    <time>2025-12-10T00:30:33Z</time>
   </trkpt>
   <trkpt lat="-33.4551350" lon="-70.5936420">
    <ele>595.9</ele>
    <time>2025-12-10T00:30:34Z</time>
   </trkpt>
   <trkpt lat="-33.4551350" lon="-70.5936250">
    <ele>596.0</ele>
    <time>2025-12-10T00:30:35Z</time>
   </trkpt>
   <trkpt lat="-33.4551410" lon="-70.5935820">
    <ele>596.0</ele>
    <time>2025-12-10T00:30:36Z</time>
   </trkpt>
   <trkpt lat="-33.4551440" lon="-70.5935670">
    <ele>596.0</ele>
    <time>2025-12-10T00:30:37Z</time>
   </trkpt>
   <trkpt lat="-33.4551420" lon="-70.5935230">
    <ele>596.1</ele>
    <time>2025-12-10T00:30:38Z</time>
   </trkpt>
   <trkpt lat="-33.4551420" lon="-70.5935090">
    <ele>596.1</ele>
    <time>2025-12-10T00:30:39Z</time>
   </trkpt>
   <trkpt lat="-33.4551370" lon="-70.5934640">
    <ele>596.1</ele>
    <time>2025-12-10T00:30:40Z</time>
   </trkpt>
   <trkpt lat="-33.4551360" lon="-70.5934510">
    <ele>596.1</ele>
    <time>2025-12-10T00:30:41Z</time>
   </trkpt>
   <trkpt lat="-33.4551330" lon="-70.5934100">
    <ele>596.2</ele>
    <time>2025-12-10T00:30:42Z</time>
   </trkpt>
   <trkpt lat="-33.4551310" lon="-70.5933950">
    <ele>596.2</ele>
    <time>2025-12-10T00:30:43Z</time>
   </trkpt>
   <trkpt lat="-33.4551200" lon="-70.5933580">
    <ele>596.2</ele>
    <time>2025-12-10T00:30:44Z</time>
   </trkpt>
   <trkpt lat="-33.4551140" lon="-70.5933470">
    <ele>596.2</ele>
    <time>2025-12-10T00:30:45Z</time>
   </trkpt>
   <trkpt lat="-33.4550790" lon="-70.5933220">
    <ele>596.3</ele>
    <time>2025-12-10T00:30:46Z</time>
   </trkpt>
   <trkpt lat="-33.4550640" lon="-70.5933180">
    <ele>596.3</ele>
    <time>2025-12-10T00:30:47Z</time>
   </trkpt>
   <trkpt lat="-33.4550290" lon="-70.5933300">
    <ele>596.4</ele>
    <time>2025-12-10T00:30:48Z</time>
   </trkpt>
   <trkpt lat="-33.4549950" lon="-70.5933180">
    <ele>596.4</ele>
    <time>2025-12-10T00:30:49Z</time>
   </trkpt>
   <trkpt lat="-33.4549830" lon="-70.5933170">
    <ele>596.4</ele>
    <time>2025-12-10T00:30:50Z</time>
   </trkpt>
   <trkpt lat="-33.4549550" lon="-70.5933070">
    <ele>596.5</ele>
    <time>2025-12-10T00:30:51Z</time>
   </trkpt>
   <trkpt lat="-33.4549230" lon="-70.5933040">
    <ele>596.5</ele>
    <time>2025-12-10T00:30:52Z</time>
   </trkpt>
   <trkpt lat="-33.4548820" lon="-70.5933070">
    <ele>596.6</ele>
    <time>2025-12-10T00:30:53Z</time>
   </trkpt>
   <trkpt lat="-33.4548670" lon="-70.5933100">
    <ele>596.6</ele>
    <time>2025-12-10T00:30:54Z</time>
   </trkpt>
   <trkpt lat="-33.4548390" lon="-70.5933080">
    <ele>596.6</ele>
    <time>2025-12-10T00:30:55Z</time>
   </trkpt>
   <trkpt lat="-33.4548030" lon="-70.5933040">
    <ele>596.6</ele>
    <time>2025-12-10T00:30:56Z</time>
   </trkpt>
   <trkpt lat="-33.4547910" lon="-70.5933050">
    <ele>596.7</ele>
    <time>2025-12-10T00:30:57Z</time>
   </trkpt>
   <trkpt lat="-33.4547580" lon="-70.5933010">
    <ele>596.7</ele>
    <time>2025-12-10T00:30:58Z</time>
   </trkpt>
   <trkpt lat="-33.4547450" lon="-70.5932990">
    <ele>596.7</ele>
    <time>2025-12-10T00:30:59Z</time>
   </trkpt>
   <trkpt lat="-33.4547090" lon="-70.5932930">
    <ele>596.7</ele>
    <time>2025-12-10T00:31:00Z</time>
   </trkpt>
   <trkpt lat="-33.4546990" lon="-70.5932910">
    <ele>596.7</ele>
    <time>2025-12-10T00:31:01Z</time>
   </trkpt>
   <trkpt lat="-33.4546690" lon="-70.5932780">
    <ele>596.8</ele>
    <time>2025-12-10T00:31:02Z</time>
   </trkpt>
   <trkpt lat="-33.4546590" lon="-70.5932740">
    <ele>596.8</ele>
    <time>2025-12-10T00:31:03Z</time>
   </trkpt>
   <trkpt lat="-33.4546200" lon="-70.5932720">
    <ele>596.8</ele>
    <time>2025-12-10T00:31:04Z</time>
   </trkpt>
   <trkpt lat="-33.4546070" lon="-70.5932720">
    <ele>596.8</ele>
    <time>2025-12-10T00:31:05Z</time>
   </trkpt>
   <trkpt lat="-33.4545750" lon="-70.5932670">
    <ele>596.8</ele>
    <time>2025-12-10T00:31:06Z</time>
   </trkpt>
   <trkpt lat="-33.4545630" lon="-70.5932660">
    <ele>596.9</ele>
    <time>2025-12-10T00:31:07Z</time>
   </trkpt>
   <trkpt lat="-33.4545310" lon="-70.5932600">
    <ele>596.9</ele>
    <time>2025-12-10T00:31:08Z</time>
   </trkpt>
   <trkpt lat="-33.4545190" lon="-70.5932590">
    <ele>596.9</ele>
    <time>2025-12-10T00:31:09Z</time>
   </trkpt>
   <trkpt lat="-33.4544890" lon="-70.5932590">
    <ele>596.9</ele>
    <time>2025-12-10T00:31:10Z</time>
   </trkpt>
   <trkpt lat="-33.4544530" lon="-70.5932610">
    <ele>596.9</ele>
    <time>2025-12-10T00:31:11Z</time>
   </trkpt>
   <trkpt lat="-33.4544410" lon="-70.5932620">
    <ele>596.9</ele>
    <time>2025-12-10T00:31:12Z</time>
   </trkpt>
   <trkpt lat="-33.4544070" lon="-70.5932720">
    <ele>597.0</ele>
    <time>2025-12-10T00:31:13Z</time>
   </trkpt>
   <trkpt lat="-33.4543940" lon="-70.5932740">
    <ele>597.0</ele>
    <time>2025-12-10T00:31:14Z</time>
   </trkpt>
   <trkpt lat="-33.4543620" lon="-70.5932740">
    <ele>597.0</ele>
    <time>2025-12-10T00:31:15Z</time>
   </trkpt>
   <trkpt lat="-33.4543500" lon="-70.5932730">
    <ele>597.0</ele>
    <time>2025-12-10T00:31:16Z</time>
   </trkpt>
   <trkpt lat="-33.4543120" lon="-70.5932750">
    <ele>597.0</ele>
    <time>2025-12-10T00:31:17Z</time>
   </trkpt>
   <trkpt lat="-33.4542980" lon="-70.5932770">
    <ele>597.0</ele>
    <time>2025-12-10T00:31:18Z</time>
   </trkpt>
   <trkpt lat="-33.4542610" lon="-70.5932780">
    <ele>597.1</ele>
    <time>2025-12-10T00:31:19Z</time>
   </trkpt>
   <trkpt lat="-33.4542480" lon="-70.5932770">
    <ele>597.1</ele>
    <time>2025-12-10T00:31:20Z</time>
   </trkpt>
   <trkpt lat="-33.4542140" lon="-70.5932790">
    <ele>597.1</ele>
    <time>2025-12-10T00:31:21Z</time>
   </trkpt>
   <trkpt lat="-33.4542020" lon="-70.5932780">
    <ele>597.1</ele>
    <time>2025-12-10T00:31:22Z</time>
   </trkpt>
   <trkpt lat="-33.4541700" lon="-70.5932750">
    <ele>597.1</ele>
    <time>2025-12-10T00:31:23Z</time>
   </trkpt>
   <trkpt lat="-33.4541600" lon="-70.5932760">
    <ele>597.1</ele>
    <time>2025-12-10T00:31:24Z</time>
   </trkpt>
   <trkpt lat="-33.4541340" lon="-70.5932710">
    <ele>597.1</ele>
    <time>2025-12-10T00:31:25Z</time>
   </trkpt>
   <trkpt lat="-33.4541240" lon="-70.5932700">
    <ele>597.1</ele>
    <time>2025-12-10T00:31:26Z</time>
   </trkpt>
   <trkpt lat="-33.4540910" lon="-70.5932730">
    <ele>597.1</ele>
    <time>2025-12-10T00:31:27Z</time>
   </trkpt>
   <trkpt lat="-33.4540800" lon="-70.5932740">
    <ele>597.2</ele>
    <time>2025-12-10T00:31:28Z</time>
   </trkpt>
   <trkpt lat="-33.4540510" lon="-70.5932700">
    <ele>597.2</ele>
    <time>2025-12-10T00:31:29Z</time>
   </trkpt>
   <trkpt lat="-33.4540390" lon="-70.5932690">
    <ele>597.2</ele>
    <time>2025-12-10T00:31:30Z</time>
   </trkpt>
   <trkpt lat="-33.4540080" lon="-70.5932590">
    <ele>597.2</ele>
    <time>2025-12-10T00:31:31Z</time>
   </trkpt>
   <trkpt lat="-33.4539970" lon="-70.5932560">
    <ele>597.2</ele>
    <time>2025-12-10T00:31:32Z</time>
   </trkpt>
   <trkpt lat="-33.4539690" lon="-70.5932470">
    <ele>597.2</ele>
    <time>2025-12-10T00:31:33Z</time>
   </trkpt>
   <trkpt lat="-33.4539340" lon="-70.5932360">
    <ele>597.3</ele>
    <time>2025-12-10T00:31:34Z</time>
   </trkpt>
   <trkpt lat="-33.4539220" lon="-70.5932310">
    <ele>597.3</ele>
    <time>2025-12-10T00:31:35Z</time>
   </trkpt>
   <trkpt lat="-33.4538910" lon="-70.5932360">
    <ele>597.3</ele>
    <time>2025-12-10T00:31:36Z</time>
   </trkpt>
   <trkpt lat="-33.4538810" lon="-70.5932360">
    <ele>597.4</ele>
    <time>2025-12-10T00:31:37Z</time>
   </trkpt>
   <trkpt lat="-33.4538650" lon="-70.5932350">
    <ele>597.4</ele>
    <time>2025-12-10T00:31:38Z</time>
   </trkpt>
   <trkpt lat="-33.4538530" lon="-70.5932390">
    <ele>597.4</ele>
    <time>2025-12-10T00:31:39Z</time>
   </trkpt>
   <trkpt lat="-33.4538260" lon="-70.5932280">
    <ele>597.4</ele>
    <time>2025-12-10T00:31:40Z</time>
   </trkpt>
   <trkpt lat="-33.4538160" lon="-70.5932250">
    <ele>597.4</ele>
    <time>2025-12-10T00:31:41Z</time>
   </trkpt>
   <trkpt lat="-33.4537910" lon="-70.5932420">
    <ele>597.5</ele>
    <time>2025-12-10T00:31:42Z</time>
   </trkpt>
   <trkpt lat="-33.4537840" lon="-70.5932500">
    <ele>597.5</ele>
    <time>2025-12-10T00:31:43Z</time>
   </trkpt>
   <trkpt lat="-33.4537560" lon="-70.5932560">
    <ele>597.5</ele>
    <time>2025-12-10T00:31:44Z</time>
   </trkpt>
   <trkpt lat="-33.4537460" lon="-70.5932560">
    <ele>597.5</ele>
    <time>2025-12-10T00:31:45Z</time>
   </trkpt>
   <trkpt lat="-33.4537280" lon="-70.5932420">
    <ele>597.6</ele>
    <time>2025-12-10T00:31:46Z</time>
   </trkpt>
   <trkpt lat="-33.4537150" lon="-70.5932320">
    <ele>597.6</ele>
    <time>2025-12-10T00:31:47Z</time>
   </trkpt>
   <trkpt lat="-33.4536940" lon="-70.5932270">
    <ele>597.7</ele>
    <time>2025-12-10T00:31:48Z</time>
   </trkpt>
   <trkpt lat="-33.4536850" lon="-70.5932280">
    <ele>597.7</ele>
    <time>2025-12-10T00:31:49Z</time>
   </trkpt>
   <trkpt lat="-33.4536770" lon="-70.5932290">
    <ele>597.7</ele>
    <time>2025-12-10T00:31:50Z</time>
   </trkpt>
   <trkpt lat="-33.4536580" lon="-70.5932260">
    <ele>597.8</ele>
    <time>2025-12-10T00:31:51Z</time>
   </trkpt>
   <trkpt lat="-33.4536510" lon="-70.5932260">
    <ele>597.8</ele>
    <time>2025-12-10T00:31:52Z</time>
   </trkpt>
   <trkpt lat="-33.4536440" lon="-70.5932250">
    <ele>597.8</ele>
    <time>2025-12-10T00:31:53Z</time>
   </trkpt>
   <trkpt lat="-33.4536360" lon="-70.5932250">
    <ele>597.8</ele>
    <time>2025-12-10T00:31:54Z</time>
   </trkpt>
   <trkpt lat="-33.4536240" lon="-70.5932280">
    <ele>597.8</ele>
    <time>2025-12-10T00:31:55Z</time>
   </trkpt>
   <trkpt lat="-33.4536060" lon="-70.5932290">
    <ele>597.8</ele>
    <time>2025-12-10T00:31:56Z</time>
   </trkpt>
   <trkpt lat="-33.4535940" lon="-70.5932310">
    <ele>597.9</ele>
    <time>2025-12-10T00:31:57Z</time>
   </trkpt>
   <trkpt lat="-33.4535810" lon="-70.5932280">
    <ele>597.9</ele>
    <time>2025-12-10T00:31:58Z</time>
   </trkpt>
   <trkpt lat="-33.4535730" lon="-70.5932260">
    <ele>597.9</ele>
    <time>2025-12-10T00:31:59Z</time>
   </trkpt>
   <trkpt lat="-33.4535650" lon="-70.5932250">
    <ele>597.9</ele>
    <time>2025-12-10T00:32:00Z</time>
   </trkpt>
   <trkpt lat="-33.4535550" lon="-70.5932250">
    <ele>597.9</ele>
    <time>2025-12-10T00:32:01Z</time>
   </trkpt>
   <trkpt lat="-33.4535450" lon="-70.5932230">
    <ele>597.9</ele>
    <time>2025-12-10T00:32:02Z</time>
   </trkpt>
   <trkpt lat="-33.4535410" lon="-70.5932160">
    <ele>597.9</ele>
    <time>2025-12-10T00:32:03Z</time>
   </trkpt>
   <trkpt lat="-33.4535380" lon="-70.5932120">
    <ele>597.9</ele>
    <time>2025-12-10T00:32:04Z</time>
   </trkpt>
   <trkpt lat="-33.4535360" lon="-70.5932070">
    <ele>598.0</ele>
    <time>2025-12-10T00:32:05Z</time>
   </trkpt>
   <trkpt lat="-33.4535340" lon="-70.5932030">
    <ele>598.0</ele>
    <time>2025-12-10T00:32:06Z</time>
   </trkpt>
   <trkpt lat="-33.4535310" lon="-70.5931980">
    <ele>598.0</ele>
    <time>2025-12-10T00:32:07Z</time>
   </trkpt>
   <trkpt lat="-33.4535290" lon="-70.5931940">
    <ele>598.0</ele>
    <time>2025-12-10T00:32:08Z</time>
   </trkpt>
   <trkpt lat="-33.4535260" lon="-70.5931890">
    <ele>598.0</ele>
    <time>2025-12-10T00:32:09Z</time>
   </trkpt>
   <trkpt lat="-33.4535240" lon="-70.5931850">
    <ele>598.0</ele>
    <time>2025-12-10T00:32:10Z</time>
   </trkpt>
   <trkpt lat="-33.4534910" lon="-70.5931600">
    <ele>598.0</ele>
    <time>2025-12-10T00:32:11Z</time>
   </trkpt>
   <trkpt lat="-33.4534790" lon="-70.5931550">
    <ele>598.0</ele>
    <time>2025-12-10T00:32:12Z</time>
   </trkpt>
   <trkpt lat="-33.4534450" lon="-70.5931380">
    <ele>598.1</ele>
    <time>2025-12-10T00:32:13Z</time>
   </trkpt>
   <trkpt lat="-33.4534330" lon="-70.5931300">
    <ele>598.1</ele>
    <time>2025-12-10T00:32:14Z</time>
   </trkpt>
   <trkpt lat="-33.4534130" lon="-70.5931100">
    <ele>598.1</ele>
    <time>2025-12-10T00:32:15Z</time>
   </trkpt>
   <trkpt lat="-33.4534030" lon="-70.5931060">
    <ele>598.1</ele>
    <time>2025-12-10T00:32:16Z</time>
   </trkpt>
   <trkpt lat="-33.4533750" lon="-70.5931100">
    <ele>598.1</ele>
    <time>2025-12-10T00:32:17Z</time>
   </trkpt>
   <trkpt lat="-33.4533630" lon="-70.5931100">
    <ele>598.2</ele>
    <time>2025-12-10T00:32:18Z</time>
   </trkpt>
   <trkpt lat="-33.4533280" lon="-70.5931190">
    <ele>598.2</ele>
    <time>2025-12-10T00:32:19Z</time>
   </trkpt>
   <trkpt lat="-33.4533150" lon="-70.5931220">
    <ele>598.2</ele>
    <time>2025-12-10T00:32:20Z</time>
   </trkpt>
   <trkpt lat="-33.4532720" lon="-70.5931250">
    <ele>598.3</ele>
    <time>2025-12-10T00:32:21Z</time>
   </trkpt>
   <trkpt lat="-33.4532540" lon="-70.5931230">
    <ele>598.3</ele>
    <time>2025-12-10T00:32:22Z</time>
   </trkpt>
   <trkpt lat="-33.4532370" lon="-70.5931240">
    <ele>598.3</ele>
    <time>2025-12-10T00:32:23Z</time>
   </trkpt>
   <trkpt lat="-33.4532200" lon="-70.5931230">
    <ele>598.3</ele>
    <time>2025-12-10T00:32:24Z</time>
   </trkpt>
   <trkpt lat="-33.4531890" lon="-70.5931230">
    <ele>598.4</ele>
    <time>2025-12-10T00:32:25Z</time>
   </trkpt>
   <trkpt lat="-33.4531760" lon="-70.5931180">
    <ele>598.4</ele>
    <time>2025-12-10T00:32:26Z</time>
   </trkpt>
   <trkpt lat="-33.4531390" lon="-70.5931120">
    <ele>598.4</ele>
    <time>2025-12-10T00:32:27Z</time>
   </trkpt>
   <trkpt lat="-33.4531080" lon="-70.5931120">
    <ele>598.5</ele>
    <time>2025-12-10T00:32:28Z</time>
   </trkpt>
   <trkpt lat="-33.4530710" lon="-70.5931050">
    <ele>598.5</ele>
    <time>2025-12-10T00:32:29Z</time>
   </trkpt>
   <trkpt lat="-33.4530390" lon="-70.5930960">
    <ele>598.5</ele>
    <time>2025-12-10T00:32:30Z</time>
   </trkpt>
   <trkpt lat="-33.4530020" lon="-70.5931010">
    <ele>598.6</ele>
    <time>2025-12-10T00:32:31Z</time>
   </trkpt>
   <trkpt lat="-33.4529860" lon="-70.5931050">
    <ele>598.6</ele>
    <time>2025-12-10T00:32:32Z</time>
   </trkpt>
   <trkpt lat="-33.4529580" lon="-70.5930940">
    <ele>598.6</ele>
    <time>2025-12-10T00:32:33Z</time>
   </trkpt>
   <trkpt lat="-33.4529280" lon="-70.5930930">
    <ele>598.7</ele>
    <time>2025-12-10T00:32:34Z</time>
   </trkpt>
   <trkpt lat="-33.4528990" lon="-70.5930850">
    <ele>598.7</ele>
    <time>2025-12-10T00:32:35Z</time>
   </trkpt>
   <trkpt lat="-33.4528650" lon="-70.5930750">
    <ele>598.7</ele>
    <time>2025-12-10T00:32:36Z</time>
   </trkpt>
   <trkpt lat="-33.4528520" lon="-70.5930740">
    <ele>598.7</ele>
    <time>2025-12-10T00:32:37Z</time>
   </trkpt>
   <trkpt lat="-33.4528150" lon="-70.5930730">
    <ele>598.8</ele>
    <time>2025-12-10T00:32:38Z</time>
   </trkpt>
   <trkpt lat="-33.4528030" lon="-70.5930740">
    <ele>598.8</ele>
    <time>2025-12-10T00:32:39Z</time>
   </trkpt>
   <trkpt lat="-33.4527730" lon="-70.5930670">
    <ele>598.8</ele>
    <time>2025-12-10T00:32:40Z</time>
   </trkpt>
   <trkpt lat="-33.4527450" lon="-70.5930730">
    <ele>598.9</ele>
    <time>2025-12-10T00:32:41Z</time>
   </trkpt>
   <trkpt lat="-33.4527160" lon="-70.5930740">
    <ele>598.9</ele>
    <time>2025-12-10T00:32:42Z</time>
   </trkpt>
   <trkpt lat="-33.4526890" lon="-70.5930720">
    <ele>598.9</ele>
    <time>2025-12-10T00:32:43Z</time>
   </trkpt>
   <trkpt lat="-33.4526600" lon="-70.5930730">
    <ele>599.0</ele>
    <time>2025-12-10T00:32:44Z</time>
   </trkpt>
   <trkpt lat="-33.4526330" lon="-70.5930770">
    <ele>599.0</ele>
    <time>2025-12-10T00:32:45Z</time>
   </trkpt>
   <trkpt lat="-33.4526060" lon="-70.5930740">
    <ele>599.0</ele>
    <time>2025-12-10T00:32:46Z</time>
   </trkpt>
   <trkpt lat="-33.4525950" lon="-70.5930720">
    <ele>599.0</ele>
    <time>2025-12-10T00:32:47Z</time>
   </trkpt>
   <trkpt lat="-33.4525600" lon="-70.5930650">
    <ele>599.1</ele>
    <time>2025-12-10T00:32:48Z</time>
   </trkpt>
   <trkpt lat="-33.4525480" lon="-70.5930640">
    <ele>599.1</ele>
    <time>2025-12-10T00:32:49Z</time>
   </trkpt>
   <trkpt lat="-33.4525210" lon="-70.5930620">
    <ele>599.1</ele>
    <time>2025-12-10T00:32:50Z</time>
   </trkpt>
   <trkpt lat="-33.4525090" lon="-70.5930610">
    <ele>599.1</ele>
    <time>2025-12-10T00:32:51Z</time>
   </trkpt>
   <trkpt lat="-33.4524790" lon="-70.5930670">
    <ele>599.2</ele>
    <time>2025-12-10T00:32:52Z</time>
   </trkpt>
   <trkpt lat="-33.4524670" lon="-70.5930680">
    <ele>599.2</ele>
    <time>2025-12-10T00:32:53Z</time>
   </trkpt>
   <trkpt lat="-33.4524320" lon="-70.5930660">
    <ele>599.2</ele>
    <time>2025-12-10T00:32:54Z</time>
   </trkpt>
   <trkpt lat="-33.4523940" lon="-70.5930620">
    <ele>599.3</ele>
    <time>2025-12-10T00:32:55Z</time>
   </trkpt>
   <trkpt lat="-33.4523810" lon="-70.5930610">
    <ele>599.3</ele>
    <time>2025-12-10T00:32:56Z</time>
   </trkpt>
   <trkpt lat="-33.4523470" lon="-70.5930690">
    <ele>599.3</ele>
    <time>2025-12-10T00:32:57Z</time>
   </trkpt>
   <trkpt lat="-33.4523350" lon="-70.5930690">
    <ele>599.4</ele>
    <time>2025-12-10T00:32:58Z</time>
   </trkpt>
   <trkpt lat="-33.4523070" lon="-70.5930620">
    <ele>599.4</ele>
    <time>2025-12-10T00:32:59Z</time>
   </trkpt>
   <trkpt lat="-33.4522950" lon="-70.5930600">
    <ele>599.4</ele>
    <time>2025-12-10T00:33:00Z</time>
   </trkpt>
   <trkpt lat="-33.4522640" lon="-70.5930500">
    <ele>599.4</ele>
    <time>2025-12-10T00:33:01Z</time>
   </trkpt>
   <trkpt lat="-33.4522530" lon="-70.5930490">
    <ele>599.5</ele>
    <time>2025-12-10T00:33:02Z</time>
   </trkpt>
   <trkpt lat="-33.4522260" lon="-70.5930530">
    <ele>599.5</ele>
    <time>2025-12-10T00:33:03Z</time>
   </trkpt>
   <trkpt lat="-33.4521920" lon="-70.5930500">
    <ele>599.5</ele>
    <time>2025-12-10T00:33:04Z</time>
   </trkpt>
   <trkpt lat="-33.4521820" lon="-70.5930490">
    <ele>599.5</ele>
    <time>2025-12-10T00:33:05Z</time>
   </trkpt>
   <trkpt lat="-33.4521480" lon="-70.5930490">
    <ele>599.6</ele>
    <time>2025-12-10T00:33:06Z</time>
   </trkpt>
   <trkpt lat="-33.4521360" lon="-70.5930500">
    <ele>599.6</ele>
    <time>2025-12-10T00:33:07Z</time>
   </trkpt>
   <trkpt lat="-33.4521090" lon="-70.5930530">
    <ele>599.6</ele>
    <time>2025-12-10T00:33:08Z</time>
   </trkpt>
   <trkpt lat="-33.4520720" lon="-70.5930540">
    <ele>599.7</ele>
    <time>2025-12-10T00:33:09Z</time>
   </trkpt>
   <trkpt lat="-33.4520610" lon="-70.5930530">
    <ele>599.7</ele>
    <time>2025-12-10T00:33:10Z</time>
   </trkpt>
   <trkpt lat="-33.4520340" lon="-70.5930610">
    <ele>599.7</ele>
    <time>2025-12-10T00:33:11Z</time>
   </trkpt>
   <trkpt lat="-33.4519990" lon="-70.5930480">
    <ele>599.7</ele>
    <time>2025-12-10T00:33:12Z</time>
   </trkpt>
   <trkpt lat="-33.4519870" lon="-70.5930450">
    <ele>599.7</ele>
    <time>2025-12-10T00:33:13Z</time>
   </trkpt>
   <trkpt lat="-33.4519740" lon="-70.5930460">
    <ele>599.7</ele>
    <time>2025-12-10T00:33:14Z</time>
   </trkpt>
   <trkpt lat="-33.4519560" lon="-70.5930420">
    <ele>599.7</ele>
    <time>2025-12-10T00:33:15Z</time>
   </trkpt>
   <trkpt lat="-33.4519450" lon="-70.5930370">
    <ele>599.7</ele>
    <time>2025-12-10T00:33:16Z</time>
   </trkpt>
   <trkpt lat="-33.4519260" lon="-70.5930340">
    <ele>599.8</ele>
    <time>2025-12-10T00:33:17Z</time>
   </trkpt>
   <trkpt lat="-33.4519150" lon="-70.5930380">
    <ele>599.8</ele>
    <time>2025-12-10T00:33:18Z</time>
   </trkpt>
   <trkpt lat="-33.4519020" lon="-70.5930360">
    <ele>599.8</ele>
    <time>2025-12-10T00:33:19Z</time>
   </trkpt>
   <trkpt lat="-33.4518930" lon="-70.5930370">
    <ele>599.8</ele>
    <time>2025-12-10T00:33:20Z</time>
   </trkpt>
   <trkpt lat="-33.4518850" lon="-70.5930420">
    <ele>599.8</ele>
    <time>2025-12-10T00:33:21Z</time>
   </trkpt>
   <trkpt lat="-33.4518810" lon="-70.5930500">
    <ele>599.8</ele>
    <time>2025-12-10T00:33:22Z</time>
   </trkpt>
   <trkpt lat="-33.4518810" lon="-70.5930540">
    <ele>599.8</ele>
    <time>2025-12-10T00:33:23Z</time>
   </trkpt>
   <trkpt lat="-33.4518790" lon="-70.5930570">
    <ele>599.8</ele>
    <time>2025-12-10T00:33:24Z</time>
   </trkpt>
   <trkpt lat="-33.4518750" lon="-70.5930590">
    <ele>599.8</ele>
    <time>2025-12-10T00:33:25Z</time>
   </trkpt>
   <trkpt lat="-33.4518760" lon="-70.5930580">
    <ele>599.8</ele>
    <time>2025-12-10T00:33:26Z</time>
   </trkpt>
   <trkpt lat="-33.4518790" lon="-70.5930600">
    <ele>599.8</ele>
    <time>2025-12-10T00:33:27Z</time>
   </trkpt>
   <trkpt lat="-33.4518790" lon="-70.5930620">
    <ele>599.8</ele>
    <time>2025-12-10T00:33:28Z</time>
   </trkpt>
   <trkpt lat="-33.4518720" lon="-70.5930680">
    <ele>599.8</ele>
    <time>2025-12-10T00:33:29Z</time>
   </trkpt>
   <trkpt lat="-33.4518530" lon="-70.5931000">
    <ele>599.8</ele>
    <time>2025-12-10T00:33:30Z</time>
   </trkpt>
   <trkpt lat="-33.4518490" lon="-70.5931140">
    <ele>599.8</ele>
    <time>2025-12-10T00:33:31Z</time>
   </trkpt>
   <trkpt lat="-33.4518530" lon="-70.5931500">
    <ele>599.8</ele>
    <time>2025-12-10T00:33:32Z</time>
   </trkpt>
   <trkpt lat="-33.4518550" lon="-70.5931630">
    <ele>599.8</ele>
    <time>2025-12-10T00:33:33Z</time>
   </trkpt>
   <trkpt lat="-33.4518480" lon="-70.5931950">
    <ele>599.8</ele>
    <time>2025-12-10T00:33:34Z</time>
   </trkpt>
   <trkpt lat="-33.4518410" lon="-70.5932170">
    <ele>599.7</ele>
    <time>2025-12-10T00:33:35Z</time>
   </trkpt>
   <trkpt lat="-33.4518430" lon="-70.5932290">
    <ele>599.7</ele>
    <time>2025-12-10T00:33:36Z</time>
   </trkpt>
   <trkpt lat="-33.4518450" lon="-70.5932400">
    <ele>599.7</ele>
    <time>2025-12-10T00:33:37Z</time>
   </trkpt>
   <trkpt lat="-33.4518430" lon="-70.5932800">
    <ele>599.7</ele>
    <time>2025-12-10T00:33:38Z</time>
   </trkpt>
   <trkpt lat="-33.4518430" lon="-70.5932930">
    <ele>599.6</ele>
    <time>2025-12-10T00:33:39Z</time>
   </trkpt>
   <trkpt lat="-33.4518430" lon="-70.5933280">
    <ele>599.6</ele>
    <time>2025-12-10T00:33:40Z</time>
   </trkpt>
   <trkpt lat="-33.4518430" lon="-70.5933390">
    <ele>599.6</ele>
    <time>2025-12-10T00:33:41Z</time>
   </trkpt>
   <trkpt lat="-33.4518410" lon="-70.5933560">
    <ele>599.6</ele>
    <time>2025-12-10T00:33:42Z</time>
   </trkpt>
   <trkpt lat="-33.4518380" lon="-70.5933740">
    <ele>599.5</ele>
    <time>2025-12-10T00:33:43Z</time>
   </trkpt>
   <trkpt lat="-33.4518460" lon="-70.5934180">
    <ele>599.5</ele>
    <time>2025-12-10T00:33:44Z</time>
   </trkpt>
   <trkpt lat="-33.4518500" lon="-70.5934380">
    <ele>599.4</ele>
    <time>2025-12-10T00:33:45Z</time>
   </trkpt>
   <trkpt lat="-33.4518500" lon="-70.5934720">
    <ele>599.4</ele>
    <time>2025-12-10T00:33:46Z</time>
   </trkpt>
   <trkpt lat="-33.4518540" lon="-70.5935100">
    <ele>599.4</ele>
    <time>2025-12-10T00:33:47Z</time>
   </trkpt>
   <trkpt lat="-33.4518480" lon="-70.5935540">
    <ele>599.3</ele>
    <time>2025-12-10T00:33:48Z</time>
   </trkpt>
   <trkpt lat="-33.4518460" lon="-70.5935700">
    <ele>599.3</ele>
    <time>2025-12-10T00:33:49Z</time>
   </trkpt>
   <trkpt lat="-33.4518420" lon="-70.5936160">
    <ele>599.2</ele>
    <time>2025-12-10T00:33:50Z</time>
   </trkpt>
   <trkpt lat="-33.4518420" lon="-70.5936300">
    <ele>599.2</ele>
    <time>2025-12-10T00:33:51Z</time>
   </trkpt>
   <trkpt lat="-33.4518400" lon="-70.5936700">
    <ele>599.2</ele>
    <time>2025-12-10T00:33:52Z</time>
   </trkpt>
   <trkpt lat="-33.4518390" lon="-70.5936830">
    <ele>599.1</ele>
    <time>2025-12-10T00:33:53Z</time>
   </trkpt>
   <trkpt lat="-33.4518370" lon="-70.5937190">
    <ele>599.1</ele>
    <time>2025-12-10T00:33:54Z</time>
   </trkpt>
   <trkpt lat="-33.4518380" lon="-70.5937550">
    <ele>599.1</ele>
    <time>2025-12-10T00:33:55Z</time>
   </trkpt>
   <trkpt lat="-33.4518450" lon="-70.5938010">
    <ele>599.0</ele>
    <time>2025-12-10T00:33:56Z</time>
   </trkpt>
   <trkpt lat="-33.4518480" lon="-70.5938180">
    <ele>599.0</ele>
    <time>2025-12-10T00:33:57Z</time>
   </trkpt>
   <trkpt lat="-33.4518340" lon="-70.5938530">
    <ele>598.9</ele>
    <time>2025-12-10T00:33:58Z</time>
   </trkpt>
   <trkpt lat="-33.4518350" lon="-70.5938670">
    <ele>598.9</ele>
    <time>2025-12-10T00:33:59Z</time>
   </trkpt>
   <trkpt lat="-33.4518340" lon="-70.5938980">
    <ele>598.9</ele>
    <time>2025-12-10T00:34:00Z</time>
   </trkpt>
   <trkpt lat="-33.4518320" lon="-70.5939130">
    <ele>598.9</ele>
    <time>2025-12-10T00:34:01Z</time>
   </trkpt>
   <trkpt lat="-33.4518110" lon="-70.5939250">
    <ele>598.8</ele>
    <time>2025-12-10T00:34:02Z</time>
   </trkpt>
   <trkpt lat="-33.4518000" lon="-70.5939300">
    <ele>598.8</ele>
    <time>2025-12-10T00:34:03Z</time>
   </trkpt>
   <trkpt lat="-33.4517660" lon="-70.5939240">
    <ele>598.8</ele>
    <time>2025-12-10T00:34:04Z</time>
   </trkpt>
   <trkpt lat="-33.4517540" lon="-70.5939220">
    <ele>598.8</ele>
    <time>2025-12-10T00:34:05Z</time>
   </trkpt>
   <trkpt lat="-33.4517290" lon="-70.5939150">
    <ele>598.8</ele>
    <time>2025-12-10T00:34:06Z</time>
   </trkpt>
   <trkpt lat="-33.4517180" lon="-70.5939170">
    <ele>598.8</ele>
    <time>2025-12-10T00:34:07Z</time>
   </trkpt>
   <trkpt lat="-33.4516820" lon="-70.5939240">
    <ele>598.8</ele>
    <time>2025-12-10T00:34:08Z</time>
   </trkpt>
   <trkpt lat="-33.4516680" lon="-70.5939230">
    <ele>598.8</ele>
    <time>2025-12-10T00:34:09Z</time>
   </trkpt>
   <trkpt lat="-33.4516290" lon="-70.5939180">
    <ele>598.8</ele>
    <time>2025-12-10T00:34:10Z</time>
   </trkpt>
   <trkpt lat="-33.4516170" lon="-70.5939160">
    <ele>598.8</ele>
    <time>2025-12-10T00:34:11Z</time>
   </trkpt>
   <trkpt lat="-33.4515840" lon="-70.5939170">
    <ele>598.8</ele>
    <time>2025-12-10T00:34:12Z</time>
   </trkpt>
   <trkpt lat="-33.4515730" lon="-70.5939170">
    <ele>598.8</ele>
    <time>2025-12-10T00:34:13Z</time>
   </trkpt>
   <trkpt lat="-33.4515460" lon="-70.5939160">
    <ele>598.8</ele>
    <time>2025-12-10T00:34:14Z</time>
   </trkpt>
   <trkpt lat="-33.4515330" lon="-70.5939130">
    <ele>598.8</ele>
    <time>2025-12-10T00:34:15Z</time>
   </trkpt>
   <trkpt lat="-33.4515050" lon="-70.5939010">
    <ele>598.8</ele>
    <time>2025-12-10T00:34:16Z</time>
   </trkpt>
   <trkpt lat="-33.4514940" lon="-70.5938970">
    <ele>598.8</ele>
    <time>2025-12-10T00:34:17Z</time>
   </trkpt>
   <trkpt lat="-33.4514590" lon="-70.5939010">
    <ele>598.8</ele>
    <time>2025-12-10T00:34:18Z</time>
   </trkpt>
   <trkpt lat="-33.4514460" lon="-70.5938990">
    <ele>598.8</ele>
    <time>2025-12-10T00:34:19Z</time>
   </trkpt>
   <trkpt lat="-33.4514110" lon="-70.5939030">
    <ele>598.9</ele>
    <time>2025-12-10T00:34:20Z</time>
   </trkpt>
   <trkpt lat="-33.4514000" lon="-70.5939040">
    <ele>598.9</ele>
    <time>2025-12-10T00:34:21Z</time>
   </trkpt>
   <trkpt lat="-33.4513660" lon="-70.5939100">
    <ele>598.9</ele>
    <time>2025-12-10T00:34:22Z</time>
   </trkpt>
   <trkpt lat="-33.4513540" lon="-70.5939120">
    <ele>598.9</ele>
    <time>2025-12-10T00:34:23Z</time>
   </trkpt>
   <trkpt lat="-33.4513220" lon="-70.5939130">
    <ele>598.9</ele>
    <time>2025-12-10T00:34:24Z</time>
   </trkpt>
   <trkpt lat="-33.4513100" lon="-70.5939160">
    <ele>598.9</ele>
    <time>2025-12-10T00:34:25Z</time>
   </trkpt>
   <trkpt lat="-33.4512720" lon="-70.5939250">
    <ele>598.9</ele>
    <time>2025-12-10T00:34:26Z</time>
   </trkpt>
   <trkpt lat="-33.4512590" lon="-70.5939250">
    <ele>598.9</ele>
    <time>2025-12-10T00:34:27Z</time>
   </trkpt>
   <trkpt lat="-33.4512230" lon="-70.5939230">
    <ele>598.9</ele>
    <time>2025-12-10T00:34:28Z</time>
   </trkpt>
   <trkpt lat="-33.4512110" lon="-70.5939250">
    <ele>599.0</ele>
    <time>2025-12-10T00:34:29Z</time>
   </trkpt>
   <trkpt lat="-33.4511820" lon="-70.5939230">
    <ele>599.0</ele>
    <time>2025-12-10T00:34:30Z</time>
   </trkpt>
   <trkpt lat="-33.4511710" lon="-70.5939210">
    <ele>599.0</ele>
    <time>2025-12-10T00:34:31Z</time>
   </trkpt>
   <trkpt lat="-33.4511410" lon="-70.5939180">
    <ele>599.0</ele>
    <time>2025-12-10T00:34:32Z</time>
   </trkpt>
   <trkpt lat="-33.4511330" lon="-70.5939160">
    <ele>599.0</ele>
    <time>2025-12-10T00:34:33Z</time>
   </trkpt>
   <trkpt lat="-33.4511060" lon="-70.5939180">
    <ele>599.0</ele>
    <time>2025-12-10T00:34:34Z</time>
   </trkpt>
   <trkpt lat="-33.4510950" lon="-70.5939230">
    <ele>599.1</ele>
    <time>2025-12-10T00:34:35Z</time>
   </trkpt>
   <trkpt lat="-33.4510610" lon="-70.5939170">
    <ele>599.1</ele>
    <time>2025-12-10T00:34:36Z</time>
   </trkpt>
   <trkpt lat="-33.4510490" lon="-70.5939150">
    <ele>599.1</ele>
    <time>2025-12-10T00:34:37Z</time>
   </trkpt>
   <trkpt lat="-33.4510310" lon="-70.5939220">
    <ele>599.1</ele>
    <time>2025-12-10T00:34:38Z</time>
   </trkpt>
   <trkpt lat="-33.4510160" lon="-70.5939270">
    <ele>599.1</ele>
    <time>2025-12-10T00:34:39Z</time>
   </trkpt>
   <trkpt lat="-33.4509970" lon="-70.5939280">
    <ele>599.2</ele>
    <time>2025-12-10T00:34:40Z</time>
   </trkpt>
   <trkpt lat="-33.4509810" lon="-70.5939330">
    <ele>599.2</ele>
    <time>2025-12-10T00:34:41Z</time>
   </trkpt>
   <trkpt lat="-33.4509640" lon="-70.5939300">
    <ele>599.2</ele>
    <time>2025-12-10T00:34:42Z</time>
   </trkpt>
   <trkpt lat="-33.4509480" lon="-70.5939290">
    <ele>599.2</ele>
    <time>2025-12-10T00:34:43Z</time>
   </trkpt>
   <trkpt lat="-33.4509390" lon="-70.5939380">
    <ele>599.3</ele>
    <time>2025-12-10T00:34:44Z</time>
   </trkpt>
   <trkpt lat="-33.4509340" lon="-70.5939450">
    <ele>599.3</ele>
    <time>2025-12-10T00:34:45Z</time>
   </trkpt>
   <trkpt lat="-33.4509300" lon="-70.5939550">
    <ele>599.3</ele>
    <time>2025-12-10T00:34:46Z</time>
   </trkpt>
   <trkpt lat="-33.4509230" lon="-70.5939670">
    <ele>599.3</ele>
    <time>2025-12-10T00:34:47Z</time>
   </trkpt>
   <trkpt lat="-33.4509180" lon="-70.5939730">
    <ele>599.3</ele>
    <time>2025-12-10T00:34:48Z</time>
   </trkpt>
   <trkpt lat="-33.4509130" lon="-70.5939800">
    <ele>599.3</ele>
    <time>2025-12-10T00:34:49Z</time>
   </trkpt>
   <trkpt lat="-33.4509080" lon="-70.5939860">
    <ele>599.4</ele>
    <time>2025-12-10T00:34:50Z</time>
   </trkpt>
   <trkpt lat="-33.4509030" lon="-70.5939920">
    <ele>599.4</ele>
    <time>2025-12-10T00:34:51Z</time>
   </trkpt>
   <trkpt lat="-33.4508880" lon="-70.5940210">
    <ele>599.5</ele>
    <time>2025-12-10T00:34:52Z</time>
   </trkpt>
   <trkpt lat="-33.4508830" lon="-70.5940290">
    <ele>599.5</ele>
    <time>2025-12-10T00:34:53Z</time>
   </trkpt>
   <trkpt lat="-33.4508800" lon="-70.5940430">
    <ele>599.5</ele>
    <time>2025-12-10T00:34:54Z</time>
   </trkpt>
   <trkpt lat="-33.4508790" lon="-70.5940630">
    <ele>599.5</ele>
    <time>2025-12-10T00:34:55Z</time>
   </trkpt>
   <trkpt lat="-33.4508780" lon="-70.5940710">
    <ele>599.5</ele>
    <time>2025-12-10T00:34:56Z</time>
   </trkpt>
   <trkpt lat="-33.4508880" lon="-70.5940650">
    <ele>599.5</ele>
    <time>2025-12-10T00:34:57Z</time>
   </trkpt>
   <trkpt lat="-33.4509090" lon="-70.5940600">
    <ele>599.5</ele>
    <time>2025-12-10T00:34:58Z</time>
   </trkpt>
   <trkpt lat="-33.4509520" lon="-70.5940610">
    <ele>599.4</ele>
    <time>2025-12-10T00:34:59Z</time>
   </trkpt>
   <trkpt lat="-33.4509690" lon="-70.5940630">
    <ele>599.4</ele>
    <time>2025-12-10T00:35:00Z</time>
   </trkpt>
   <trkpt lat="-33.4510080" lon="-70.5940680">
    <ele>599.4</ele>
    <time>2025-12-10T00:35:01Z</time>
   </trkpt>
   <trkpt lat="-33.4510360" lon="-70.5940740">
    <ele>599.4</ele>
    <time>2025-12-10T00:35:02Z</time>
   </trkpt>
   <trkpt lat="-33.4510680" lon="-70.5940640">
    <ele>599.4</ele>
    <time>2025-12-10T00:35:03Z</time>
   </trkpt>
   <trkpt lat="-33.4510800" lon="-70.5940610">
    <ele>599.4</ele>
    <time>2025-12-10T00:35:04Z</time>
   </trkpt>
   <trkpt lat="-33.4511110" lon="-70.5940630">
    <ele>599.3</ele>
    <time>2025-12-10T00:35:05Z</time>
   </trkpt>
   <trkpt lat="-33.4511220" lon="-70.5940600">
    <ele>599.3</ele>
    <time>2025-12-10T00:35:06Z</time>
   </trkpt>
   <trkpt lat="-33.4511490" lon="-70.5940520">
    <ele>599.3</ele>
    <time>2025-12-10T00:35:07Z</time>
   </trkpt>
   <trkpt lat="-33.4511570" lon="-70.5940470">
    <ele>599.3</ele>
    <time>2025-12-10T00:35:08Z</time>
   </trkpt>
   <trkpt lat="-33.4511770" lon="-70.5940470">
    <ele>599.3</ele>
    <time>2025-12-10T00:35:09Z</time>
   </trkpt>
   <trkpt lat="-33.4511850" lon="-70.5940440">
    <ele>599.3</ele>
    <time>2025-12-10T00:35:10Z</time>
   </trkpt>
   <trkpt lat="-33.4511940" lon="-70.5940410">
    <ele>599.3</ele>
    <time>2025-12-10T00:35:11Z</time>
   </trkpt>
   <trkpt lat="-33.4512070" lon="-70.5940310">
    <ele>599.2</ele>
    <time>2025-12-10T00:35:12Z</time>
   </trkpt>
   <trkpt lat="-33.4512250" lon="-70.5940290">
    <ele>599.2</ele>
    <time>2025-12-10T00:35:13Z</time>
   </trkpt>
   <trkpt lat="-33.4512550" lon="-70.5940150">
    <ele>599.2</ele>
    <time>2025-12-10T00:35:14Z</time>
   </trkpt>
   <trkpt lat="-33.4512640" lon="-70.5940100">
    <ele>599.2</ele>
    <time>2025-12-10T00:35:15Z</time>
   </trkpt>
   <trkpt lat="-33.4512990" lon="-70.5940120">
    <ele>599.1</ele>
    <time>2025-12-10T00:35:16Z</time>
   </trkpt>
   <trkpt lat="-33.4513100" lon="-70.5940130">
    <ele>599.1</ele>
    <time>2025-12-10T00:35:17Z</time>
   </trkpt>
   <trkpt lat="-33.4513390" lon="-70.5940060">
    <ele>599.1</ele>
    <time>2025-12-10T00:35:18Z</time>
   </trkpt>
   <trkpt lat="-33.4513510" lon="-70.5940080">
    <ele>599.1</ele>
    <time>2025-12-10T00:35:19Z</time>
   </trkpt>
   <trkpt lat="-33.4513670" lon="-70.5939980">
    <ele>599.1</ele>
    <time>2025-12-10T00:35:20Z</time>
   </trkpt>
   <trkpt lat="-33.4513810" lon="-70.5939900">
    <ele>599.0</ele>
    <time>2025-12-10T00:35:21Z</time>
   </trkpt>
   <trkpt lat="-33.4513980" lon="-70.5939890">
    <ele>599.0</ele>
    <time>2025-12-10T00:35:22Z</time>
   </trkpt>
   <trkpt lat="-33.4514060" lon="-70.5939810">
    <ele>599.0</ele>
    <time>2025-12-10T00:35:23Z</time>
   </trkpt>
   <trkpt lat="-33.4514130" lon="-70.5939780">
    <ele>599.0</ele>
    <time>2025-12-10T00:35:24Z</time>
   </trkpt>
   <trkpt lat="-33.4514400" lon="-70.5939830">
    <ele>599.0</ele>
    <time>2025-12-10T00:35:25Z</time>
   </trkpt>
   <trkpt lat="-33.4514530" lon="-70.5939870">
    <ele>599.0</ele>
    <time>2025-12-10T00:35:26Z</time>
   </trkpt>
   <trkpt lat="-33.4514790" lon="-70.5940020">
    <ele>599.0</ele>
    <time>2025-12-10T00:35:27Z</time>
   </trkpt>
   <trkpt lat="-33.4515110" lon="-70.5940180">
    <ele>599.0</ele>
    <time>2025-12-10T00:35:28Z</time>
   </trkpt>
   <trkpt lat="-33.4515500" lon="-70.5940200">
    <ele>598.9</ele>
    <time>2025-12-10T00:35:29Z</time>
   </trkpt>
   <trkpt lat="-33.4515620" lon="-70.5940190">
    <ele>598.9</ele>
    <time>2025-12-10T00:35:30Z</time>
   </trkpt>
   <trkpt lat="-33.4516000" lon="-70.5940150">
    <ele>598.9</ele>
    <time>2025-12-10T00:35:31Z</time>
   </trkpt>
   <trkpt lat="-33.4516130" lon="-70.5940110">
    <ele>598.9</ele>
    <time>2025-12-10T00:35:32Z</time>
   </trkpt>
   <trkpt lat="-33.4516200" lon="-70.5940280">
    <ele>598.9</ele>
    <time>2025-12-10T00:35:33Z</time>
   </trkpt>
   <trkpt lat="-33.4516450" lon="-70.5940260">
    <ele>598.9</ele>
    <time>2025-12-10T00:35:34Z</time>
   </trkpt>
   <trkpt lat="-33.4516570" lon="-70.5940280">
    <ele>598.8</ele>
    <time>2025-12-10T00:35:35Z</time>
   </trkpt>
   <trkpt lat="-33.4516740" lon="-70.5940420">
    <ele>598.8</ele>
    <time>2025-12-10T00:35:36Z</time>
   </trkpt>
   <trkpt lat="-33.4516890" lon="-70.5940800">
    <ele>598.8</ele>
    <time>2025-12-10T00:35:37Z</time>
   </trkpt>
   <trkpt lat="-33.4516920" lon="-70.5941230">
    <ele>598.8</ele>
    <time>2025-12-10T00:35:38Z</time>
   </trkpt>
   <trkpt lat="-33.4516900" lon="-70.5941370">
    <ele>598.8</ele>
    <time>2025-12-10T00:35:39Z</time>
   </trkpt>
   <trkpt lat="-33.4516940" lon="-70.5941840">
    <ele>598.8</ele>
    <time>2025-12-10T00:35:40Z</time>
   </trkpt>
   <trkpt lat="-33.4516950" lon="-70.5942010">
    <ele>598.8</ele>
    <time>2025-12-10T00:35:41Z</time>
   </trkpt>
   <trkpt lat="-33.4516910" lon="-70.5942580">
    <ele>598.7</ele>
    <time>2025-12-10T00:35:42Z</time>
   </trkpt>
   <trkpt lat="-33.4516890" lon="-70.5942930">
    <ele>598.7</ele>
    <time>2025-12-10T00:35:43Z</time>
   </trkpt>
   <trkpt lat="-33.4516840" lon="-70.5943280">
    <ele>598.7</ele>
    <time>2025-12-10T00:35:44Z</time>
   </trkpt>
   <trkpt lat="-33.4516840" lon="-70.5943740">
    <ele>598.7</ele>
    <time>2025-12-10T00:35:45Z</time>
   </trkpt>
   <trkpt lat="-33.4516800" lon="-70.5943900">
    <ele>598.7</ele>
    <time>2025-12-10T00:35:46Z</time>
   </trkpt>
   <trkpt lat="-33.4516790" lon="-70.5944320">
    <ele>598.6</ele>
    <time>2025-12-10T00:35:47Z</time>
   </trkpt>
   <trkpt lat="-33.4516780" lon="-70.5944470">
    <ele>598.6</ele>
    <time>2025-12-10T00:35:48Z</time>
   </trkpt>
   <trkpt lat="-33.4516720" lon="-70.5944820">
    <ele>598.6</ele>
    <time>2025-12-10T00:35:49Z</time>
   </trkpt>
   <trkpt lat="-33.4516730" lon="-70.5945260">
    <ele>598.5</ele>
    <time>2025-12-10T00:35:50Z</time>
   </trkpt>
   <trkpt lat="-33.4516710" lon="-70.5945620">
    <ele>598.5</ele>
    <time>2025-12-10T00:35:51Z</time>
   </trkpt>
   <trkpt lat="-33.4516550" lon="-70.5945980">
    <ele>598.5</ele>
    <time>2025-12-10T00:35:52Z</time>
   </trkpt>
   <trkpt lat="-33.4516500" lon="-70.5946400">
    <ele>598.4</ele>
    <time>2025-12-10T00:35:53Z</time>
   </trkpt>
   <trkpt lat="-33.4516530" lon="-70.5946780">
    <ele>598.4</ele>
    <time>2025-12-10T00:35:54Z</time>
   </trkpt>
   <trkpt lat="-33.4516420" lon="-70.5947230">
    <ele>598.4</ele>
    <time>2025-12-10T00:35:55Z</time>
   </trkpt>
   <trkpt lat="-33.4516390" lon="-70.5947380">
    <ele>598.3</ele>
    <time>2025-12-10T00:35:56Z</time>
   </trkpt>
   <trkpt lat="-33.4516340" lon="-70.5947860">
    <ele>598.3</ele>
    <time>2025-12-10T00:35:57Z</time>
   </trkpt>
   <trkpt lat="-33.4516370" lon="-70.5948050">
    <ele>598.3</ele>
    <time>2025-12-10T00:35:58Z</time>
   </trkpt>
   <trkpt lat="-33.4516470" lon="-70.5948270">
    <ele>598.2</ele>
    <time>2025-12-10T00:35:59Z</time>
   </trkpt>
   <trkpt lat="-33.4516450" lon="-70.5948450">
    <ele>598.2</ele>
    <time>2025-12-10T00:36:00Z</time>
   </trkpt>
   <trkpt lat="-33.4516440" lon="-70.5948620">
    <ele>598.2</ele>
    <time>2025-12-10T00:36:01Z</time>
   </trkpt>
   <trkpt lat="-33.4516430" lon="-70.5949030">
    <ele>598.2</ele>
    <time>2025-12-10T00:36:02Z</time>
   </trkpt>
   <trkpt lat="-33.4516390" lon="-70.5949490">
    <ele>598.1</ele>
    <time>2025-12-10T00:36:03Z</time>
   </trkpt>
   <trkpt lat="-33.4516370" lon="-70.5949910">
    <ele>598.1</ele>
    <time>2025-12-10T00:36:04Z</time>
   </trkpt>
   <trkpt lat="-33.4516380" lon="-70.5950230">
    <ele>598.0</ele>
    <time>2025-12-10T00:36:05Z</time>
   </trkpt>
   <trkpt lat="-33.4516320" lon="-70.5950700">
    <ele>598.0</ele>
    <time>2025-12-10T00:36:06Z</time>
   </trkpt>
   <trkpt lat="-33.4516300" lon="-70.5950860">
    <ele>598.0</ele>
    <time>2025-12-10T00:36:07Z</time>
   </trkpt>
   <trkpt lat="-33.4516240" lon="-70.5951310">
    <ele>597.9</ele>
    <time>2025-12-10T00:36:08Z</time>
   </trkpt>
   <trkpt lat="-33.4516230" lon="-70.5951450">
    <ele>597.9</ele>
    <time>2025-12-10T00:36:09Z</time>
   </trkpt>
   <trkpt lat="-33.4516240" lon="-70.5951820">
    <ele>597.9</ele>
    <time>2025-12-10T00:36:10Z</time>
   </trkpt>
   <trkpt lat="-33.4516120" lon="-70.5952280">
    <ele>597.9</ele>
    <time>2025-12-10T00:36:11Z</time>
   </trkpt>
   <trkpt lat="-33.4516080" lon="-70.5952440">
    <ele>597.8</ele>
    <time>2025-12-10T00:36:12Z</time>
   </trkpt>
   <trkpt lat="-33.4516040" lon="-70.5952790">
    <ele>597.8</ele>
    <time>2025-12-10T00:36:13Z</time>
   </trkpt>
   <trkpt lat="-33.4516080" lon="-70.5953150">
    <ele>597.8</ele>
    <time>2025-12-10T00:36:14Z</time>
   </trkpt>
   <trkpt lat="-33.4516050" lon="-70.5953520">
    <ele>597.7</ele>
    <time>2025-12-10T00:36:15Z</time>
   </trkpt>
   <trkpt lat="-33.4516050" lon="-70.5953900">
    <ele>597.7</ele>
    <time>2025-12-10T00:36:16Z</time>
   </trkpt>
   <trkpt lat="-33.4516040" lon="-70.5953970">
    <ele>597.6</ele>
    <time>2025-12-10T00:36:17Z</time>
   </trkpt>
   <trkpt lat="-33.4516030" lon="-70.5954430">
    <ele>597.6</ele>
    <time>2025-12-10T00:36:18Z</time>
   </trkpt>
   <trkpt lat="-33.4516030" lon="-70.5954630">
    <ele>597.5</ele>
    <time>2025-12-10T00:36:19Z</time>
   </trkpt>
   <trkpt lat="-33.4516010" lon="-70.5954980">
    <ele>597.5</ele>
    <time>2025-12-10T00:36:20Z</time>
   </trkpt>
   <trkpt lat="-33.4516010" lon="-70.5955340">
    <ele>597.4</ele>
    <time>2025-12-10T00:36:21Z</time>
   </trkpt>
   <trkpt lat="-33.4515990" lon="-70.5955680">
    <ele>597.4</ele>
    <time>2025-12-10T00:36:22Z</time>
   </trkpt>
   <trkpt lat="-33.4515990" lon="-70.5956120">
    <ele>597.3</ele>
    <time>2025-12-10T00:36:23Z</time>
   </trkpt>
   <trkpt lat="-33.4515970" lon="-70.5956260">
    <ele>597.3</ele>
    <time>2025-12-10T00:36:24Z</time>
   </trkpt>
   <trkpt lat="-33.4515920" lon="-70.5956510">
    <ele>597.3</ele>
    <time>2025-12-10T00:36:25Z</time>
   </trkpt>
   <trkpt lat="-33.4515880" lon="-70.5956660">
    <ele>597.3</ele>
    <time>2025-12-10T00:36:26Z</time>
   </trkpt>
   <trkpt lat="-33.4515830" lon="-70.5957020">
    <ele>597.3</ele>
    <time>2025-12-10T00:36:27Z</time>
   </trkpt>
   <trkpt lat="-33.4515780" lon="-70.5957480">
    <ele>597.2</ele>
    <time>2025-12-10T00:36:28Z</time>
   </trkpt>
   <trkpt lat="-33.4515730" lon="-70.5957620">
    <ele>597.2</ele>
    <time>2025-12-10T00:36:29Z</time>
   </trkpt>
   <trkpt lat="-33.4515650" lon="-70.5957940">
    <ele>597.2</ele>
    <time>2025-12-10T00:36:30Z</time>
   </trkpt>
   <trkpt lat="-33.4515630" lon="-70.5958080">
    <ele>597.2</ele>
    <time>2025-12-10T00:36:31Z</time>
   </trkpt>
   <trkpt lat="-33.4515600" lon="-70.5958310">
    <ele>597.2</ele>
    <time>2025-12-10T00:36:32Z</time>
   </trkpt>
   <trkpt lat="-33.4515570" lon="-70.5958510">
    <ele>597.2</ele>
    <time>2025-12-10T00:36:33Z</time>
   </trkpt>
   <trkpt lat="-33.4515550" lon="-70.5958730">
    <ele>597.2</ele>
    <time>2025-12-10T00:36:34Z</time>
   </trkpt>
   <trkpt lat="-33.4515520" lon="-70.5958910">
    <ele>597.2</ele>
    <time>2025-12-10T00:36:35Z</time>
   </trkpt>
   <trkpt lat="-33.4515460" lon="-70.5959130">
    <ele>597.1</ele>
    <time>2025-12-10T00:36:36Z</time>
   </trkpt>
   <trkpt lat="-33.4515520" lon="-70.5959250">
    <ele>597.1</ele>
    <time>2025-12-10T00:36:37Z</time>
   </trkpt>
   <trkpt lat="-33.4515800" lon="-70.5959470">
    <ele>597.1</ele>
    <time>2025-12-10T00:36:38Z</time>
   </trkpt>
   <trkpt lat="-33.4515920" lon="-70.5959500">
    <ele>597.1</ele>
    <time>2025-12-10T00:36:39Z</time>
   </trkpt>
   <trkpt lat="-33.4516270" lon="-70.5959470">
    <ele>597.1</ele>
    <time>2025-12-10T00:36:40Z</time>
   </trkpt>
   <trkpt lat="-33.4516400" lon="-70.5959490">
    <ele>597.1</ele>
    <time>2025-12-10T00:36:41Z</time>
   </trkpt>
   <trkpt lat="-33.4516570" lon="-70.5959540">
    <ele>597.1</ele>
    <time>2025-12-10T00:36:42Z</time>
   </trkpt>
   <trkpt lat="-33.4516670" lon="-70.5959650">
    <ele>597.0</ele>
    <time>2025-12-10T00:36:43Z</time>
   </trkpt>
   <trkpt lat="-33.4516960" lon="-70.5959540">
    <ele>597.0</ele>
    <time>2025-12-10T00:36:44Z</time>
   </trkpt>
   <trkpt lat="-33.4517060" lon="-70.5959560">
    <ele>597.0</ele>
    <time>2025-12-10T00:36:45Z</time>
   </trkpt>
   <trkpt lat="-33.4517450" lon="-70.5959660">
    <ele>597.0</ele>
    <time>2025-12-10T00:36:46Z</time>
   </trkpt>
   <trkpt lat="-33.4517610" lon="-70.5959700">
    <ele>597.0</ele>
    <time>2025-12-10T00:36:47Z</time>
   </trkpt>
   <trkpt lat="-33.4517990" lon="-70.5959710">
    <ele>596.9</ele>
    <time>2025-12-10T00:36:48Z</time>
   </trkpt>
   <trkpt lat="-33.4518270" lon="-70.5959790">
    <ele>596.9</ele>
    <time>2025-12-10T00:36:49Z</time>
   </trkpt>
   <trkpt lat="-33.4518550" lon="-70.5959850">
    <ele>596.8</ele>
    <time>2025-12-10T00:36:50Z</time>
   </trkpt>
   <trkpt lat="-33.4518850" lon="-70.5959880">
    <ele>596.8</ele>
    <time>2025-12-10T00:36:51Z</time>
   </trkpt>
   <trkpt lat="-33.4519180" lon="-70.5959930">
    <ele>596.8</ele>
    <time>2025-12-10T00:36:52Z</time>
   </trkpt>
   <trkpt lat="-33.4519460" lon="-70.5959960">
    <ele>596.7</ele>
    <time>2025-12-10T00:36:53Z</time>
   </trkpt>
   <trkpt lat="-33.4519750" lon="-70.5959930">
    <ele>596.7</ele>
    <time>2025-12-10T00:36:54Z</time>
   </trkpt>
   <trkpt lat="-33.4520130" lon="-70.5959860">
    <ele>596.6</ele>
    <time>2025-12-10T00:36:55Z</time>
   </trkpt>
   <trkpt lat="-33.4520300" lon="-70.5959830">
    <ele>596.6</ele>
    <time>2025-12-10T00:36:56Z</time>
   </trkpt>
   <trkpt lat="-33.4520620" lon="-70.5959840">
    <ele>596.6</ele>
    <time>2025-12-10T00:36:57Z</time>
   </trkpt>
   <trkpt lat="-33.4521020" lon="-70.5959830">
    <ele>596.5</ele>
    <time>2025-12-10T00:36:58Z</time>
   </trkpt>
   <trkpt lat="-33.4521150" lon="-70.5959810">
    <ele>596.5</ele>
    <time>2025-12-10T00:36:59Z</time>
   </trkpt>
   <trkpt lat="-33.4521480" lon="-70.5959830">
    <ele>596.5</ele>
    <time>2025-12-10T00:37:00Z</time>
   </trkpt>
   <trkpt lat="-33.4521610" lon="-70.5959820">
    <ele>596.5</ele>
    <time>2025-12-10T00:37:01Z</time>
   </trkpt>
   <trkpt lat="-33.4521900" lon="-70.5959840">
    <ele>596.4</ele>
    <time>2025-12-10T00:37:02Z</time>
   </trkpt>
   <trkpt lat="-33.4522190" lon="-70.5959790">
    <ele>596.4</ele>
    <time>2025-12-10T00:37:03Z</time>
   </trkpt>
   <trkpt lat="-33.4522570" lon="-70.5959790">
    <ele>596.4</ele>
    <time>2025-12-10T00:37:04Z</time>
   </trkpt>
   <trkpt lat="-33.4522680" lon="-70.5959790">
    <ele>596.3</ele>
    <time>2025-12-10T00:37:05Z</time>
   </trkpt>
   <trkpt lat="-33.4523030" lon="-70.5959910">
    <ele>596.3</ele>
    <time>2025-12-10T00:37:06Z</time>
   </trkpt>
   <trkpt lat="-33.4523150" lon="-70.5959950">
    <ele>596.3</ele>
    <time>2025-12-10T00:37:07Z</time>
   </trkpt>
   <trkpt lat="-33.4523590" lon="-70.5960050">
    <ele>596.3</ele>
    <time>2025-12-10T00:37:08Z</time>
   </trkpt>
   <trkpt lat="-33.4523750" lon="-70.5960090">
    <ele>596.2</ele>
    <time>2025-12-10T00:37:09Z</time>
   </trkpt>
   <trkpt lat="-33.4524020" lon="-70.5960130">
    <ele>596.2</ele>
    <time>2025-12-10T00:37:10Z</time>
   </trkpt>
   <trkpt lat="-33.4524330" lon="-70.5960190">
    <ele>596.2</ele>
    <time>2025-12-10T00:37:11Z</time>
   </trkpt>
   <trkpt lat="-33.4524400" lon="-70.5960220">
    <ele>596.2</ele>
    <time>2025-12-10T00:37:12Z</time>
   </trkpt>
   <trkpt lat="-33.4524700" lon="-70.5960180">
    <ele>596.1</ele>
    <time>2025-12-10T00:37:13Z</time>
   </trkpt>
   <trkpt lat="-33.4524820" lon="-70.5960170">
    <ele>596.1</ele>
    <time>2025-12-10T00:37:14Z</time>
   </trkpt>
   <trkpt lat="-33.4525140" lon="-70.5960110">
    <ele>596.1</ele>
    <time>2025-12-10T00:37:15Z</time>
   </trkpt>
   <trkpt lat="-33.4525230" lon="-70.5960080">
    <ele>596.1</ele>
    <time>2025-12-10T00:37:16Z</time>
   </trkpt>
   <trkpt lat="-33.4525590" lon="-70.5960120">
    <ele>596.0</ele>
    <time>2025-12-10T00:37:17Z</time>
   </trkpt>
   <trkpt lat="-33.4525710" lon="-70.5960120">
    <ele>596.0</ele>
    <time>2025-12-10T00:37:18Z</time>
   </trkpt>
   <trkpt lat="-33.4525970" lon="-70.5960220">
    <ele>596.0</ele>
    <time>2025-12-10T00:37:19Z</time>
   </trkpt>
   <trkpt lat="-33.4526270" lon="-70.5960240">
    <ele>595.9</ele>
    <time>2025-12-10T00:37:20Z</time>
   </trkpt>
   <trkpt lat="-33.4526360" lon="-70.5960240">
    <ele>595.9</ele>
    <time>2025-12-10T00:37:21Z</time>
   </trkpt>
   <trkpt lat="-33.4526690" lon="-70.5960270">
    <ele>595.9</ele>
    <time>2025-12-10T00:37:22Z</time>
   </trkpt>
   <trkpt lat="-33.4526820" lon="-70.5960290">
    <ele>595.9</ele>
    <time>2025-12-10T00:37:23Z</time>
   </trkpt>
   <trkpt lat="-33.4526980" lon="-70.5960300">
    <ele>595.9</ele>
    <time>2025-12-10T00:37:24Z</time>
   </trkpt>
   <trkpt lat="-33.4527140" lon="-70.5960350">
    <ele>595.9</ele>
    <time>2025-12-10T00:37:25Z</time>
   </trkpt>
   <trkpt lat="-33.4527300" lon="-70.5960350">
    <ele>595.9</ele>
    <time>2025-12-10T00:37:26Z</time>
   </trkpt>
   <trkpt lat="-33.4527480" lon="-70.5960360">
    <ele>595.8</ele>
    <time>2025-12-10T00:37:27Z</time>
   </trkpt>
   <trkpt lat="-33.4527770" lon="-70.5960370">
    <ele>595.8</ele>
    <time>2025-12-10T00:37:28Z</time>
   </trkpt>
   <trkpt lat="-33.4527870" lon="-70.5960380">
    <ele>595.8</ele>
    <time>2025-12-10T00:37:29Z</time>
   </trkpt>
   <trkpt lat="-33.4528010" lon="-70.5960410">
    <ele>595.8</ele>
    <time>2025-12-10T00:37:30Z</time>
   </trkpt>
   <trkpt lat="-33.4528200" lon="-70.5960380">
    <ele>595.8</ele>
    <time>2025-12-10T00:37:31Z</time>
   </trkpt>
   <trkpt lat="-33.4528470" lon="-70.5960350">
    <ele>595.8</ele>
    <time>2025-12-10T00:37:32Z</time>
   </trkpt>
   <trkpt lat="-33.4528570" lon="-70.5960320">
    <ele>595.8</ele>
    <time>2025-12-10T00:37:33Z</time>
   </trkpt>
   <trkpt lat="-33.4528790" lon="-70.5960370">
    <ele>595.7</ele>
    <time>2025-12-10T00:37:34Z</time>
   </trkpt>
   <trkpt lat="-33.4528850" lon="-70.5960590">
    <ele>595.7</ele>
    <time>2025-12-10T00:37:35Z</time>
   </trkpt>
   <trkpt lat="-33.4528960" lon="-70.5960960">
    <ele>595.7</ele>
    <time>2025-12-10T00:37:36Z</time>
   </trkpt>
   <trkpt lat="-33.4528940" lon="-70.5961090">
    <ele>595.7</ele>
    <time>2025-12-10T00:37:37Z</time>
   </trkpt>
   <trkpt lat="-33.4528810" lon="-70.5961490">
    <ele>595.7</ele>
    <time>2025-12-10T00:37:38Z</time>
   </trkpt>
   <trkpt lat="-33.4528770" lon="-70.5961590">
    <ele>595.7</ele>
    <time>2025-12-10T00:37:39Z</time>
   </trkpt>
   <trkpt lat="-33.4528860" lon="-70.5961910">
    <ele>595.7</ele>
    <time>2025-12-10T00:37:40Z</time>
   </trkpt>
   <trkpt lat="-33.4528930" lon="-70.5962000">
    <ele>595.7</ele>
    <time>2025-12-10T00:37:41Z</time>
   </trkpt>
   <trkpt lat="-33.4529190" lon="-70.5962080">
    <ele>595.6</ele>
    <time>2025-12-10T00:37:42Z</time>
   </trkpt>
   <trkpt lat="-33.4529300" lon="-70.5962090">
    <ele>595.6</ele>
    <time>2025-12-10T00:37:43Z</time>
   </trkpt>
   <trkpt lat="-33.4529590" lon="-70.5962110">
    <ele>595.6</ele>
    <time>2025-12-10T00:37:44Z</time>
   </trkpt>
   <trkpt lat="-33.4529880" lon="-70.5962120">
    <ele>595.6</ele>
    <time>2025-12-10T00:37:45Z</time>
   </trkpt>
   <trkpt lat="-33.4530180" lon="-70.5962190">
    <ele>595.5</ele>
    <time>2025-12-10T00:37:46Z</time>
   </trkpt>
   <trkpt lat="-33.4530530" lon="-70.5962240">
    <ele>595.5</ele>
    <time>2025-12-10T00:37:47Z</time>
   </trkpt>
   <trkpt lat="-33.4530630" lon="-70.5962230">
    <ele>595.5</ele>
    <time>2025-12-10T00:37:48Z</time>
   </trkpt>
   <trkpt lat="-33.4530930" lon="-70.5962260">
    <ele>595.4</ele>
    <time>2025-12-10T00:37:49Z</time>
   </trkpt>
   <trkpt lat="-33.4531040" lon="-70.5962250">
    <ele>595.4</ele>
    <time>2025-12-10T00:37:50Z</time>
   </trkpt>
   <trkpt lat="-33.4531330" lon="-70.5962190">
    <ele>595.4</ele>
    <time>2025-12-10T00:37:51Z</time>
   </trkpt>
   <trkpt lat="-33.4531720" lon="-70.5962190">
    <ele>595.3</ele>
    <time>2025-12-10T00:37:52Z</time>
   </trkpt>
   <trkpt lat="-33.4531900" lon="-70.5962170">
    <ele>595.3</ele>
    <time>2025-12-10T00:37:53Z</time>
   </trkpt>
   <trkpt lat="-33.4532280" lon="-70.5962130">
    <ele>595.2</ele>
    <time>2025-12-10T00:37:54Z</time>
   </trkpt>
   <trkpt lat="-33.4532420" lon="-70.5962170">
    <ele>595.2</ele>
    <time>2025-12-10T00:37:55Z</time>
   </trkpt>
   <trkpt lat="-33.4532730" lon="-70.5962260">
    <ele>595.2</ele>
    <time>2025-12-10T00:37:56Z</time>
   </trkpt>
   <trkpt lat="-33.4532820" lon="-70.5962280">
    <ele>595.2</ele>
    <time>2025-12-10T00:37:57Z</time>
   </trkpt>
   <trkpt lat="-33.4533100" lon="-70.5962240">
    <ele>595.1</ele>
    <time>2025-12-10T00:37:58Z</time>
   </trkpt>
   <trkpt lat="-33.4533530" lon="-70.5962210">
    <ele>595.1</ele>
    <time>2025-12-10T00:37:59Z</time>
   </trkpt>
   <trkpt lat="-33.4533690" lon="-70.5962210">
    <ele>595.1</ele>
    <time>2025-12-10T00:38:00Z</time>
   </trkpt>
   <trkpt lat="-33.4534020" lon="-70.5962220">
    <ele>595.0</ele>
    <time>2025-12-10T00:38:01Z</time>
   </trkpt>
   <trkpt lat="-33.4534110" lon="-70.5962240">
    <ele>595.0</ele>
    <time>2025-12-10T00:38:02Z</time>
   </trkpt>
   <trkpt lat="-33.4534320" lon="-70.5962310">
    <ele>595.0</ele>
    <time>2025-12-10T00:38:03Z</time>
   </trkpt>
   <trkpt lat="-33.4534460" lon="-70.5962360">
    <ele>595.0</ele>
    <time>2025-12-10T00:38:04Z</time>
   </trkpt>
   <trkpt lat="-33.4534860" lon="-70.5962420">
    <ele>594.9</ele>
    <time>2025-12-10T00:38:05Z</time>
   </trkpt>
   <trkpt lat="-33.4535270" lon="-70.5962440">
    <ele>594.9</ele>
    <time>2025-12-10T00:38:06Z</time>
   </trkpt>
   <trkpt lat="-33.4535600" lon="-70.5962420">
    <ele>594.8</ele>
    <time>2025-12-10T00:38:07Z</time>
   </trkpt>
   <trkpt lat="-33.4535810" lon="-70.5962390">
    <ele>594.8</ele>
    <time>2025-12-10T00:38:08Z</time>
   </trkpt>
   <trkpt lat="-33.4535900" lon="-70.5962260">
    <ele>594.8</ele>
    <time>2025-12-10T00:38:09Z</time>
   </trkpt>
   <trkpt lat="-33.4536040" lon="-70.5962250">
    <ele>594.8</ele>
    <time>2025-12-10T00:38:10Z</time>
   </trkpt>
   <trkpt lat="-33.4536240" lon="-70.5962340">
    <ele>594.8</ele>
    <time>2025-12-10T00:38:11Z</time>
   </trkpt>
   <trkpt lat="-33.4536520" lon="-70.5962480">
    <ele>594.7</ele>
    <time>2025-12-10T00:38:12Z</time>
   </trkpt>
   <trkpt lat="-33.4536840" lon="-70.5962530">
    <ele>594.7</ele>
    <time>2025-12-10T00:38:13Z</time>
   </trkpt>
   <trkpt lat="-33.4537210" lon="-70.5962590">
    <ele>594.7</ele>
    <time>2025-12-10T00:38:14Z</time>
   </trkpt>
   <trkpt lat="-33.4537370" lon="-70.5962570">
    <ele>594.7</ele>
    <time>2025-12-10T00:38:15Z</time>
   </trkpt>
   <trkpt lat="-33.4537680" lon="-70.5962600">
    <ele>594.6</ele>
    <time>2025-12-10T00:38:16Z</time>
   </trkpt>
   <trkpt lat="-33.4538010" lon="-70.5962550">
    <ele>594.6</ele>
    <time>2025-12-10T00:38:17Z</time>
   </trkpt>
   <trkpt lat="-33.4538350" lon="-70.5962530">
    <ele>594.5</ele>
    <time>2025-12-10T00:38:18Z</time>
   </trkpt>
   <trkpt lat="-33.4538620" lon="-70.5962610">
    <ele>594.5</ele>
    <time>2025-12-10T00:38:19Z</time>
   </trkpt>
   <trkpt lat="-33.4538930" lon="-70.5962660">
    <ele>594.5</ele>
    <time>2025-12-10T00:38:20Z</time>
   </trkpt>
   <trkpt lat="-33.4539200" lon="-70.5962720">
    <ele>594.4</ele>
    <time>2025-12-10T00:38:21Z</time>
   </trkpt>
   <trkpt lat="-33.4539500" lon="-70.5962800">
    <ele>594.4</ele>
    <time>2025-12-10T00:38:22Z</time>
   </trkpt>
   <trkpt lat="-33.4539940" lon="-70.5962750">
    <ele>594.4</ele>
    <time>2025-12-10T00:38:23Z</time>
   </trkpt>
   <trkpt lat="-33.4540120" lon="-70.5962750">
    <ele>594.3</ele>
    <time>2025-12-10T00:38:24Z</time>
   </trkpt>
   <trkpt lat="-33.4540420" lon="-70.5962820">
    <ele>594.3</ele>
    <time>2025-12-10T00:38:25Z</time>
   </trkpt>
   <trkpt lat="-33.4540780" lon="-70.5962870">
    <ele>594.3</ele>
    <time>2025-12-10T00:38:26Z</time>
   </trkpt>
   <trkpt lat="-33.4540900" lon="-70.5962900">
    <ele>594.2</ele>
    <time>2025-12-10T00:38:27Z</time>
   </trkpt>
   <trkpt lat="-33.4541240" lon="-70.5962970">
    <ele>594.2</ele>
    <time>2025-12-10T00:38:28Z</time>
   </trkpt>
   <trkpt lat="-33.4541380" lon="-70.5963000">
    <ele>594.2</ele>
    <time>2025-12-10T00:38:29Z</time>
   </trkpt>
   <trkpt lat="-33.4541720" lon="-70.5963080">
    <ele>594.2</ele>
    <time>2025-12-10T00:38:30Z</time>
   </trkpt>
   <trkpt lat="-33.4542070" lon="-70.5963120">
    <ele>594.1</ele>
    <time>2025-12-10T00:38:31Z</time>
   </trkpt>
   <trkpt lat="-33.4542430" lon="-70.5963200">
    <ele>594.1</ele>
    <time>2025-12-10T00:38:32Z</time>
   </trkpt>
   <trkpt lat="-33.4542550" lon="-70.5963220">
    <ele>594.1</ele>
    <time>2025-12-10T00:38:33Z</time>
   </trkpt>
   <trkpt lat="-33.4542930" lon="-70.5963320">
    <ele>594.0</ele>
    <time>2025-12-10T00:38:34Z</time>
   </trkpt>
   <trkpt lat="-33.4543050" lon="-70.5963300">
    <ele>594.0</ele>
    <time>2025-12-10T00:38:35Z</time>
   </trkpt>
   <trkpt lat="-33.4543400" lon="-70.5963380">
    <ele>594.0</ele>
    <time>2025-12-10T00:38:36Z</time>
   </trkpt>
   <trkpt lat="-33.4543520" lon="-70.5963450">
    <ele>594.0</ele>
    <time>2025-12-10T00:38:37Z</time>
   </trkpt>
   <trkpt lat="-33.4543640" lon="-70.5963470">
    <ele>594.0</ele>
    <time>2025-12-10T00:38:38Z</time>
   </trkpt>
   <trkpt lat="-33.4543780" lon="-70.5963540">
    <ele>593.9</ele>
    <time>2025-12-10T00:38:39Z</time>
   </trkpt>
   <trkpt lat="-33.4544100" lon="-70.5963470">
    <ele>593.9</ele>
    <time>2025-12-10T00:38:40Z</time>
   </trkpt>
   <trkpt lat="-33.4544200" lon="-70.5963440">
    <ele>593.9</ele>
    <time>2025-12-10T00:38:41Z</time>
   </trkpt>
   <trkpt lat="-33.4544500" lon="-70.5963310">
    <ele>593.9</ele>
    <time>2025-12-10T00:38:42Z</time>
   </trkpt>
   <trkpt lat="-33.4544870" lon="-70.5963200">
    <ele>593.8</ele>
    <time>2025-12-10T00:38:43Z</time>
   </trkpt>
   <trkpt lat="-33.4545000" lon="-70.5963220">
    <ele>593.8</ele>
    <time>2025-12-10T00:38:44Z</time>
   </trkpt>
   <trkpt lat="-33.4545300" lon="-70.5963240">
    <ele>593.8</ele>
    <time>2025-12-10T00:38:45Z</time>
   </trkpt>
   <trkpt lat="-33.4545650" lon="-70.5963250">
    <ele>593.7</ele>
    <time>2025-12-10T00:38:46Z</time>
   </trkpt>
   <trkpt lat="-33.4545770" lon="-70.5963210">
    <ele>593.7</ele>
    <time>2025-12-10T00:38:47Z</time>
   </trkpt>
   <trkpt lat="-33.4546200" lon="-70.5963280">
    <ele>593.7</ele>
    <time>2025-12-10T00:38:48Z</time>
   </trkpt>
   <trkpt lat="-33.4546390" lon="-70.5963310">
    <ele>593.6</ele>
    <time>2025-12-10T00:38:49Z</time>
   </trkpt>
   <trkpt lat="-33.4546680" lon="-70.5963350">
    <ele>593.6</ele>
    <time>2025-12-10T00:38:50Z</time>
   </trkpt>
   <trkpt lat="-33.4547100" lon="-70.5963380">
    <ele>593.6</ele>
    <time>2025-12-10T00:38:51Z</time>
   </trkpt>
   <trkpt lat="-33.4547250" lon="-70.5963410">
    <ele>593.6</ele>
    <time>2025-12-10T00:38:52Z</time>
   </trkpt>
   <trkpt lat="-33.4547550" lon="-70.5963520">
    <ele>593.5</ele>
    <time>2025-12-10T00:38:53Z</time>
   </trkpt>
   <trkpt lat="-33.4547770" lon="-70.5963670">
    <ele>593.4</ele>
    <time>2025-12-10T00:38:54Z</time>
   </trkpt>
   <trkpt lat="-33.4547880" lon="-70.5963670">
    <ele>593.4</ele>
    <time>2025-12-10T00:38:55Z</time>
   </trkpt>
   <trkpt lat="-33.4548000" lon="-70.5963680">
    <ele>593.4</ele>
    <time>2025-12-10T00:38:56Z</time>
   </trkpt>
   <trkpt lat="-33.4548330" lon="-70.5963750">
    <ele>593.3</ele>
    <time>2025-12-10T00:38:57Z</time>
   </trkpt>
   <trkpt lat="-33.4548450" lon="-70.5963810">
    <ele>593.3</ele>
    <time>2025-12-10T00:38:58Z</time>
   </trkpt>
   <trkpt lat="-33.4548790" lon="-70.5963840">
    <ele>593.2</ele>
    <time>2025-12-10T00:38:59Z</time>
   </trkpt>
   <trkpt lat="-33.4548870" lon="-70.5963850">
    <ele>593.2</ele>
    <time>2025-12-10T00:39:00Z</time>
   </trkpt>
   <trkpt lat="-33.4549180" lon="-70.5963970">
    <ele>593.1</ele>
    <time>2025-12-10T00:39:01Z</time>
   </trkpt>
   <trkpt lat="-33.4549310" lon="-70.5964070">
    <ele>593.0</ele>
    <time>2025-12-10T00:39:02Z</time>
   </trkpt>
   <trkpt lat="-33.4549440" lon="-70.5964470">
    <ele>592.9</ele>
    <time>2025-12-10T00:39:03Z</time>
   </trkpt>
   <trkpt lat="-33.4549470" lon="-70.5964640">
    <ele>592.9</ele>
    <time>2025-12-10T00:39:04Z</time>
   </trkpt>
   <trkpt lat="-33.4549480" lon="-70.5964990">
    <ele>592.8</ele>
    <time>2025-12-10T00:39:05Z</time>
   </trkpt>
   <trkpt lat="-33.4549470" lon="-70.5965430">
    <ele>592.8</ele>
    <time>2025-12-10T00:39:06Z</time>
   </trkpt>
   <trkpt lat="-33.4549430" lon="-70.5965780">
    <ele>592.7</ele>
    <time>2025-12-10T00:39:07Z</time>
   </trkpt>
   <trkpt lat="-33.4549420" lon="-70.5965890">
    <ele>592.7</ele>
    <time>2025-12-10T00:39:08Z</time>
   </trkpt>
   <trkpt lat="-33.4549420" lon="-70.5966220">
    <ele>592.6</ele>
    <time>2025-12-10T00:39:09Z</time>
   </trkpt>
   <trkpt lat="-33.4549390" lon="-70.5966540">
    <ele>592.6</ele>
    <time>2025-12-10T00:39:10Z</time>
   </trkpt>
   <trkpt lat="-33.4549380" lon="-70.5966670">
    <ele>592.6</ele>
    <time>2025-12-10T00:39:11Z</time>
   </trkpt>
   <trkpt lat="-33.4549360" lon="-70.5967120">
    <ele>592.5</ele>
    <time>2025-12-10T00:39:12Z</time>
   </trkpt>
   <trkpt lat="-33.4549350" lon="-70.5967260">
    <ele>592.5</ele>
    <time>2025-12-10T00:39:13Z</time>
   </trkpt>
   <trkpt lat="-33.4549340" lon="-70.5967690">
    <ele>592.5</ele>
    <time>2025-12-10T00:39:14Z</time>
   </trkpt>
   <trkpt lat="-33.4549330" lon="-70.5967820">
    <ele>592.4</ele>
    <time>2025-12-10T00:39:15Z</time>
   </trkpt>
   <trkpt lat="-33.4549320" lon="-70.5968280">
    <ele>592.4</ele>
    <time>2025-12-10T00:39:16Z</time>
   </trkpt>
   <trkpt lat="-33.4549310" lon="-70.5968440">
    <ele>592.4</ele>
    <time>2025-12-10T00:39:17Z</time>
   </trkpt>
   <trkpt lat="-33.4549260" lon="-70.5968840">
    <ele>592.3</ele>
    <time>2025-12-10T00:39:18Z</time>
   </trkpt>
   <trkpt lat="-33.4549240" lon="-70.5968970">
    <ele>592.3</ele>
    <time>2025-12-10T00:39:19Z</time>
   </trkpt>
   <trkpt lat="-33.4549150" lon="-70.5969340">
    <ele>592.3</ele>
    <time>2025-12-10T00:39:20Z</time>
   </trkpt>
   <trkpt lat="-33.4549140" lon="-70.5969440">
    <ele>592.3</ele>
    <time>2025-12-10T00:39:21Z</time>
   </trkpt>
   <trkpt lat="-33.4548940" lon="-70.5969750">
    <ele>592.2</ele>
    <time>2025-12-10T00:39:22Z</time>
   </trkpt>
   <trkpt lat="-33.4548850" lon="-70.5969850">
    <ele>592.2</ele>
    <time>2025-12-10T00:39:23Z</time>
   </trkpt>
   <trkpt lat="-33.4548690" lon="-70.5970190">
    <ele>592.2</ele>
    <time>2025-12-10T00:39:24Z</time>
   </trkpt>
   <trkpt lat="-33.4548640" lon="-70.5970300">
    <ele>592.2</ele>
    <time>2025-12-10T00:39:25Z</time>
   </trkpt>
   <trkpt lat="-33.4548580" lon="-70.5970450">
    <ele>592.1</ele>
    <time>2025-12-10T00:39:26Z</time>
   </trkpt>
   <trkpt lat="-33.4548560" lon="-70.5970690">
    <ele>592.1</ele>
    <time>2025-12-10T00:39:27Z</time>
   </trkpt>
   <trkpt lat="-33.4548460" lon="-70.5970860">
    <ele>592.1</ele>
    <time>2025-12-10T00:39:28Z</time>
   </trkpt>
   <trkpt lat="-33.4548450" lon="-70.5971080">
    <ele>592.1</ele>
    <time>2025-12-10T00:39:29Z</time>
   </trkpt>
   <trkpt lat="-33.4548290" lon="-70.5971400">
    <ele>592.0</ele>
    <time>2025-12-10T00:39:30Z</time>
   </trkpt>
   <trkpt lat="-33.4548160" lon="-70.5971490">
    <ele>592.0</ele>
    <time>2025-12-10T00:39:31Z</time>
   </trkpt>
   <trkpt lat="-33.4548080" lon="-70.5971860">
    <ele>592.0</ele>
    <time>2025-12-10T00:39:32Z</time>
   </trkpt>
   <trkpt lat="-33.4548090" lon="-70.5971950">
    <ele>592.0</ele>
    <time>2025-12-10T00:39:33Z</time>
   </trkpt>
   <trkpt lat="-33.4547960" lon="-70.5972220">
    <ele>592.0</ele>
    <time>2025-12-10T00:39:34Z</time>
   </trkpt>
   <trkpt lat="-33.4547930" lon="-70.5972350">
    <ele>592.0</ele>
    <time>2025-12-10T00:39:35Z</time>
   </trkpt>
   <trkpt lat="-33.4547900" lon="-70.5972530">
    <ele>592.0</ele>
    <time>2025-12-10T00:39:36Z</time>
   </trkpt>
   <trkpt lat="-33.4547870" lon="-70.5972680">
    <ele>592.0</ele>
    <time>2025-12-10T00:39:37Z</time>
   </trkpt>
   <trkpt lat="-33.4547820" lon="-70.5972800">
    <ele>592.0</ele>
    <time>2025-12-10T00:39:38Z</time>
   </trkpt>
   <trkpt lat="-33.4547900" lon="-70.5973010">
    <ele>591.9</ele>
    <time>2025-12-10T00:39:39Z</time>
   </trkpt>
   <trkpt lat="-33.4547940" lon="-70.5973360">
    <ele>591.9</ele>
    <time>2025-12-10T00:39:40Z</time>
   </trkpt>
   <trkpt lat="-33.4547980" lon="-70.5973490">
    <ele>591.9</ele>
    <time>2025-12-10T00:39:41Z</time>
   </trkpt>
   <trkpt lat="-33.4548020" lon="-70.5973910">
    <ele>591.9</ele>
    <time>2025-12-10T00:39:42Z</time>
   </trkpt>
   <trkpt lat="-33.4548000" lon="-70.5974060">
    <ele>591.9</ele>
    <time>2025-12-10T00:39:43Z</time>
   </trkpt>
   <trkpt lat="-33.4547970" lon="-70.5974410">
    <ele>591.8</ele>
    <time>2025-12-10T00:39:44Z</time>
   </trkpt>
   <trkpt lat="-33.4547950" lon="-70.5974520">
    <ele>591.8</ele>
    <time>2025-12-10T00:39:45Z</time>
   </trkpt>
   <trkpt lat="-33.4547960" lon="-70.5974700">
    <ele>591.7</ele>
    <time>2025-12-10T00:39:46Z</time>
   </trkpt>
   <trkpt lat="-33.4547930" lon="-70.5974890">
    <ele>591.7</ele>
    <time>2025-12-10T00:39:47Z</time>
   </trkpt>
   <trkpt lat="-33.4547920" lon="-70.5975110">
    <ele>591.7</ele>
    <time>2025-12-10T00:39:48Z</time>
   </trkpt>
   <trkpt lat="-33.4547920" lon="-70.5975220">
    <ele>591.7</ele>
    <time>2025-12-10T00:39:49Z</time>
   </trkpt>
   <trkpt lat="-33.4547910" lon="-70.5975330">
    <ele>591.7</ele>
    <time>2025-12-10T00:39:50Z</time>
   </trkpt>
   <trkpt lat="-33.4547850" lon="-70.5975430">
    <ele>591.7</ele>
    <time>2025-12-10T00:39:51Z</time>
   </trkpt>
   <trkpt lat="-33.4547870" lon="-70.5975590">
    <ele>591.6</ele>
    <time>2025-12-10T00:39:52Z</time>
   </trkpt>
   <trkpt lat="-33.4547850" lon="-70.5975710">
    <ele>591.6</ele>
    <time>2025-12-10T00:39:53Z</time>
   </trkpt>
   <trkpt lat="-33.4547830" lon="-70.5975840">
    <ele>591.6</ele>
    <time>2025-12-10T00:39:54Z</time>
   </trkpt>
   <trkpt lat="-33.4547870" lon="-70.5975820">
    <ele>591.6</ele>
    <time>2025-12-10T00:39:55Z</time>
   </trkpt>
   <trkpt lat="-33.4547920" lon="-70.5975810">
    <ele>591.6</ele>
    <time>2025-12-10T00:39:56Z</time>
   </trkpt>
   <trkpt lat="-33.4547930" lon="-70.5975810">
    <ele>591.6</ele>
    <time>2025-12-10T00:39:57Z</time>
   </trkpt>
   <trkpt lat="-33.4547950" lon="-70.5975820">
    <ele>591.6</ele>
    <time>2025-12-10T00:39:58Z</time>
   </trkpt>
   <trkpt lat="-33.4548110" lon="-70.5975830">
    <ele>591.6</ele>
    <time>2025-12-10T00:39:59Z</time>
   </trkpt>
   <trkpt lat="-33.4548150" lon="-70.5975830">
    <ele>591.6</ele>
    <time>2025-12-10T00:40:00Z</time>
   </trkpt>
   <trkpt lat="-33.4548150" lon="-70.5975830">
    <ele>591.6</ele>
    <time>2025-12-10T00:40:01Z</time>
   </trkpt>
   <trkpt lat="-33.4548220" lon="-70.5975810">
    <ele>591.6</ele>
    <time>2025-12-10T00:40:02Z</time>
   </trkpt>
   <trkpt lat="-33.4548240" lon="-70.5975740">
    <ele>591.6</ele>
    <time>2025-12-10T00:40:03Z</time>
   </trkpt>
   <trkpt lat="-33.4548390" lon="-70.5977070">
    <ele>591.5</ele>
    <time>2025-12-10T00:41:23Z</time>
   </trkpt>
   <trkpt lat="-33.4548390" lon="-70.5977270">
    <ele>591.5</ele>
    <time>2025-12-10T00:41:24Z</time>
   </trkpt>
   <trkpt lat="-33.4548380" lon="-70.5977370">
    <ele>591.4</ele>
    <time>2025-12-10T00:41:25Z</time>
   </trkpt>
   <trkpt lat="-33.4548370" lon="-70.5977480">
    <ele>591.4</ele>
    <time>2025-12-10T00:41:26Z</time>
   </trkpt>
   <trkpt lat="-33.4548350" lon="-70.5977650">
    <ele>591.4</ele>
    <time>2025-12-10T00:41:27Z</time>
   </trkpt>
   <trkpt lat="-33.4548350" lon="-70.5977720">
    <ele>591.4</ele>
    <time>2025-12-10T00:41:28Z</time>
   </trkpt>
   <trkpt lat="-33.4548350" lon="-70.5977880">
    <ele>591.4</ele>
    <time>2025-12-10T00:41:29Z</time>
   </trkpt>
   <trkpt lat="-33.4548350" lon="-70.5977990">
    <ele>591.4</ele>
    <time>2025-12-10T00:41:30Z</time>
   </trkpt>
   <trkpt lat="-33.4548400" lon="-70.5978130">
    <ele>591.4</ele>
    <time>2025-12-10T00:41:31Z</time>
   </trkpt>
   <trkpt lat="-33.4548400" lon="-70.5978250">
    <ele>591.4</ele>
    <time>2025-12-10T00:41:32Z</time>
   </trkpt>
   <trkpt lat="-33.4548380" lon="-70.5978360">
    <ele>591.4</ele>
    <time>2025-12-10T00:41:33Z</time>
   </trkpt>
   <trkpt lat="-33.4548370" lon="-70.5978450">
    <ele>591.4</ele>
    <time>2025-12-10T00:41:34Z</time>
   </trkpt>
   <trkpt lat="-33.4548370" lon="-70.5978550">
    <ele>591.4</ele>
    <time>2025-12-10T00:41:35Z</time>
   </trkpt>
   <trkpt lat="-33.4548340" lon="-70.5978660">
    <ele>591.4</ele>
    <time>2025-12-10T00:41:36Z</time>
   </trkpt>
   <trkpt lat="-33.4548320" lon="-70.5978770">
    <ele>591.4</ele>
    <time>2025-12-10T00:41:37Z</time>
   </trkpt>
   <trkpt lat="-33.4548270" lon="-70.5978820">
    <ele>591.4</ele>
    <time>2025-12-10T00:41:38Z</time>
   </trkpt>
   <trkpt lat="-33.4548210" lon="-70.5978890">
    <ele>591.4</ele>
    <time>2025-12-10T00:41:39Z</time>
   </trkpt>
   <trkpt lat="-33.4548200" lon="-70.5978970">
    <ele>591.3</ele>
    <time>2025-12-10T00:41:40Z</time>
   </trkpt>
   <trkpt lat="-33.4548190" lon="-70.5979170">
    <ele>591.3</ele>
    <time>2025-12-10T00:41:41Z</time>
   </trkpt>
   <trkpt lat="-33.4548210" lon="-70.5979300">
    <ele>591.3</ele>
    <time>2025-12-10T00:41:42Z</time>
   </trkpt>
   <trkpt lat="-33.4548230" lon="-70.5979440">
    <ele>591.3</ele>
    <time>2025-12-10T00:41:43Z</time>
   </trkpt>
   <trkpt lat="-33.4548250" lon="-70.5979570">
    <ele>591.4</ele>
    <time>2025-12-10T00:41:44Z</time>
   </trkpt>
   <trkpt lat="-33.4548260" lon="-70.5979700">
    <ele>591.4</ele>
    <time>2025-12-10T00:41:45Z</time>
   </trkpt>
   <trkpt lat="-33.4548280" lon="-70.5979830">
    <ele>591.4</ele>
    <time>2025-12-10T00:41:46Z</time>
   </trkpt>
   <trkpt lat="-33.4548300" lon="-70.5979970">
    <ele>591.4</ele>
    <time>2025-12-10T00:42:06Z</time>
   </trkpt>
   <trkpt lat="-33.4548320" lon="-70.5980100">
    <ele>591.4</ele>
    <time>2025-12-10T00:42:07Z</time>
   </trkpt>
   <trkpt lat="-33.4548340" lon="-70.5980230">
    <ele>591.4</ele>
    <time>2025-12-10T00:42:08Z</time>
   </trkpt>
   <trkpt lat="-33.4548300" lon="-70.5980460">
    <ele>591.5</ele>
    <time>2025-12-10T00:42:09Z</time>
   </trkpt>
   <trkpt lat="-33.4548230" lon="-70.5980600">
    <ele>591.5</ele>
    <time>2025-12-10T00:42:10Z</time>
   </trkpt>
   <trkpt lat="-33.4548180" lon="-70.5980730">
    <ele>591.5</ele>
    <time>2025-12-10T00:42:11Z</time>
   </trkpt>
   <trkpt lat="-33.4548200" lon="-70.5980950">
    <ele>591.4</ele>
    <time>2025-12-10T00:42:12Z</time>
   </trkpt>
   <trkpt lat="-33.4548100" lon="-70.5981070">
    <ele>591.4</ele>
    <time>2025-12-10T00:42:13Z</time>
   </trkpt>
   <trkpt lat="-33.4548150" lon="-70.5981370">
    <ele>591.3</ele>
    <time>2025-12-10T00:42:14Z</time>
   </trkpt>
   <trkpt lat="-33.4548110" lon="-70.5981510">
    <ele>591.3</ele>
    <time>2025-12-10T00:42:15Z</time>
   </trkpt>
   <trkpt lat="-33.4548100" lon="-70.5981770">
    <ele>591.2</ele>
    <time>2025-12-10T00:42:16Z</time>
   </trkpt>
   <trkpt lat="-33.4548100" lon="-70.5982110">
    <ele>591.2</ele>
    <time>2025-12-10T00:42:17Z</time>
   </trkpt>
   <trkpt lat="-33.4548040" lon="-70.5982500">
    <ele>591.1</ele>
    <time>2025-12-10T00:42:18Z</time>
   </trkpt>
   <trkpt lat="-33.4548020" lon="-70.5982610">
    <ele>591.1</ele>
    <time>2025-12-10T00:42:19Z</time>
   </trkpt>
   <trkpt lat="-33.4547960" lon="-70.5982970">
    <ele>591.0</ele>
    <time>2025-12-10T00:42:20Z</time>
   </trkpt>
   <trkpt lat="-33.4547930" lon="-70.5983070">
    <ele>591.0</ele>
    <time>2025-12-10T00:42:21Z</time>
   </trkpt>
   <trkpt lat="-33.4547910" lon="-70.5983520">
    <ele>590.9</ele>
    <time>2025-12-10T00:42:22Z</time>
   </trkpt>
   <trkpt lat="-33.4547890" lon="-70.5983670">
    <ele>590.9</ele>
    <time>2025-12-10T00:42:23Z</time>
   </trkpt>
   <trkpt lat="-33.4547820" lon="-70.5984050">
    <ele>590.8</ele>
    <time>2025-12-10T00:42:24Z</time>
   </trkpt>
   <trkpt lat="-33.4547810" lon="-70.5984200">
    <ele>590.8</ele>
    <time>2025-12-10T00:42:25Z</time>
   </trkpt>
   <trkpt lat="-33.4547770" lon="-70.5984540">
    <ele>590.8</ele>
    <time>2025-12-10T00:42:26Z</time>
   </trkpt>
   <trkpt lat="-33.4547790" lon="-70.5984640">
    <ele>590.8</ele>
    <time>2025-12-10T00:42:27Z</time>
   </trkpt>
   <trkpt lat="-33.4547740" lon="-70.5984730">
    <ele>590.8</ele>
    <time>2025-12-10T00:42:28Z</time>
   </trkpt>
   <trkpt lat="-33.4547860" lon="-70.5984740">
    <ele>590.9</ele>
    <time>2025-12-10T00:42:29Z</time>
   </trkpt>
   <trkpt lat="-33.4547940" lon="-70.5984780">
    <ele>590.9</ele>
    <time>2025-12-10T00:42:30Z</time>
   </trkpt>
   <trkpt lat="-33.4547950" lon="-70.5984740">
    <ele>590.9</ele>
    <time>2025-12-10T00:42:31Z</time>
   </trkpt>
   <trkpt lat="-33.4547980" lon="-70.5984730">
    <ele>590.9</ele>
    <time>2025-12-10T00:42:32Z</time>
   </trkpt>
   <trkpt lat="-33.4548000" lon="-70.5984720">
    <ele>590.9</ele>
    <time>2025-12-10T00:42:33Z</time>
   </trkpt>
   <trkpt lat="-33.4547960" lon="-70.5984720">
    <ele>590.9</ele>
    <time>2025-12-10T00:42:34Z</time>
   </trkpt>
   <trkpt lat="-33.4547960" lon="-70.5984710">
    <ele>590.9</ele>
    <time>2025-12-10T00:42:35Z</time>
   </trkpt>
   <trkpt lat="-33.4547960" lon="-70.5984710">
    <ele>590.9</ele>
    <time>2025-12-10T00:42:36Z</time>
   </trkpt>
   <trkpt lat="-33.4547960" lon="-70.5984710">
    <ele>590.9</ele>
    <time>2025-12-10T00:42:37Z</time>
   </trkpt>
   <trkpt lat="-33.4548070" lon="-70.5984880">
    <ele>590.9</ele>
    <time>2025-12-10T00:42:52Z</time>
   </trkpt>
   <trkpt lat="-33.4548210" lon="-70.5984780">
    <ele>590.9</ele>
    <time>2025-12-10T00:42:53Z</time>
   </trkpt>
   <trkpt lat="-33.4548330" lon="-70.5984660">
    <ele>590.9</ele>
    <time>2025-12-10T00:42:54Z</time>
   </trkpt>
   <trkpt lat="-33.4548470" lon="-70.5984580">
    <ele>590.9</ele>
    <time>2025-12-10T00:42:55Z</time>
   </trkpt>
   <trkpt lat="-33.4548600" lon="-70.5984470">
    <ele>590.9</ele>
    <time>2025-12-10T00:42:56Z</time>
   </trkpt>
   <trkpt lat="-33.4548750" lon="-70.5984340">
    <ele>590.9</ele>
    <time>2025-12-10T00:42:57Z</time>
   </trkpt>
   <trkpt lat="-33.4548810" lon="-70.5984300">
    <ele>590.9</ele>
    <time>2025-12-10T00:42:58Z</time>
   </trkpt>
   <trkpt lat="-33.4548860" lon="-70.5984260">
    <ele>590.9</ele>
    <time>2025-12-10T00:42:59Z</time>
   </trkpt>
   <trkpt lat="-33.4548910" lon="-70.5984220">
    <ele>590.9</ele>
    <time>2025-12-10T00:43:00Z</time>
   </trkpt>
   <trkpt lat="-33.4549150" lon="-70.5984150">
    <ele>590.9</ele>
    <time>2025-12-10T00:43:01Z</time>
   </trkpt>
   <trkpt lat="-33.4549220" lon="-70.5984100">
    <ele>590.9</ele>
    <time>2025-12-10T00:43:02Z</time>
   </trkpt>
   <trkpt lat="-33.4549290" lon="-70.5984060">
    <ele>590.9</ele>
    <time>2025-12-10T00:43:03Z</time>
   </trkpt>
   <trkpt lat="-33.4549540" lon="-70.5983820">
    <ele>590.9</ele>
    <time>2025-12-10T00:43:04Z</time>
   </trkpt>
   <trkpt lat="-33.4549630" lon="-70.5983710">
    <ele>591.0</ele>
    <time>2025-12-10T00:43:05Z</time>
   </trkpt>
   <trkpt lat="-33.4549880" lon="-70.5983530">
    <ele>591.0</ele>
    <time>2025-12-10T00:43:06Z</time>
   </trkpt>
   <trkpt lat="-33.4549960" lon="-70.5983440">
    <ele>591.0</ele>
    <time>2025-12-10T00:43:07Z</time>
   </trkpt>
   <trkpt lat="-33.4550200" lon="-70.5983230">
    <ele>591.1</ele>
    <time>2025-12-10T00:43:08Z</time>
   </trkpt>
   <trkpt lat="-33.4550290" lon="-70.5983180">
    <ele>591.1</ele>
    <time>2025-12-10T00:43:09Z</time>
   </trkpt>
   <trkpt lat="-33.4550640" lon="-70.5982990">
    <ele>591.1</ele>
    <time>2025-12-10T00:43:10Z</time>
   </trkpt>
   <trkpt lat="-33.4550770" lon="-70.5982930">
    <ele>591.1</ele>
    <time>2025-12-10T00:43:11Z</time>
   </trkpt>
   <trkpt lat="-33.4551080" lon="-70.5982760">
    <ele>591.1</ele>
    <time>2025-12-10T00:43:12Z</time>
   </trkpt>
   <trkpt lat="-33.4551190" lon="-70.5982710">
    <ele>591.1</ele>
    <time>2025-12-10T00:43:13Z</time>
   </trkpt>
   <trkpt lat="-33.4551500" lon="-70.5982600">
    <ele>591.1</ele>
    <time>2025-12-10T00:43:14Z</time>
   </trkpt>
   <trkpt lat="-33.4551620" lon="-70.5982590">
    <ele>591.1</ele>
    <time>2025-12-10T00:43:15Z</time>
   </trkpt>
   <trkpt lat="-33.4551950" lon="-70.5982570">
    <ele>591.2</ele>
    <time>2025-12-10T00:43:16Z</time>
   </trkpt>
   <trkpt lat="-33.4552060" lon="-70.5982580">
    <ele>591.2</ele>
    <time>2025-12-10T00:43:17Z</time>
   </trkpt>
   <trkpt lat="-33.4552340" lon="-70.5982540">
    <ele>591.2</ele>
    <time>2025-12-10T00:43:18Z</time>
   </trkpt>
   <trkpt lat="-33.4552430" lon="-70.5982480">
    <ele>591.2</ele>
    <time>2025-12-10T00:43:19Z</time>
   </trkpt>
   <trkpt lat="-33.4552670" lon="-70.5982270">
    <ele>591.2</ele>
    <time>2025-12-10T00:43:20Z</time>
   </trkpt>
   <trkpt lat="-33.4552910" lon="-70.5982000">
    <ele>591.2</ele>
    <time>2025-12-10T00:43:21Z</time>
   </trkpt>
   <trkpt lat="-33.4553010" lon="-70.5981920">
    <ele>591.2</ele>
    <time>2025-12-10T00:43:22Z</time>
   </trkpt>
   <trkpt lat="-33.4553280" lon="-70.5981730">
    <ele>591.2</ele>
    <time>2025-12-10T00:43:23Z</time>
   </trkpt>
   <trkpt lat="-33.4553370" lon="-70.5981680">
    <ele>591.2</ele>
    <time>2025-12-10T00:43:24Z</time>
   </trkpt>
   <trkpt lat="-33.4553660" lon="-70.5981610">
    <ele>591.2</ele>
    <time>2025-12-10T00:43:25Z</time>
   </trkpt>
   <trkpt lat="-33.4553780" lon="-70.5981580">
    <ele>591.2</ele>
    <time>2025-12-10T00:43:26Z</time>
   </trkpt>
   <trkpt lat="-33.4553910" lon="-70.5981430">
    <ele>591.2</ele>
    <time>2025-12-10T00:43:27Z</time>
   </trkpt>
   <trkpt lat="-33.4554010" lon="-70.5981370">
    <ele>591.2</ele>
    <time>2025-12-10T00:43:28Z</time>
   </trkpt>
   <trkpt lat="-33.4554160" lon="-70.5981280">
    <ele>591.2</ele>
    <time>2025-12-10T00:43:29Z</time>
   </trkpt>
   <trkpt lat="-33.4554320" lon="-70.5981160">
    <ele>591.2</ele>
    <time>2025-12-10T00:43:30Z</time>
   </trkpt>
   <trkpt lat="-33.4554710" lon="-70.5981010">
    <ele>591.2</ele>
    <time>2025-12-10T00:43:31Z</time>
   </trkpt>
   <trkpt lat="-33.4554880" lon="-70.5980970">
    <ele>591.2</ele>
    <time>2025-12-10T00:43:32Z</time>
   </trkpt>
   <trkpt lat="-33.4555170" lon="-70.5980850">
    <ele>591.2</ele>
    <time>2025-12-10T00:43:33Z</time>
   </trkpt>
   <trkpt lat="-33.4555410" lon="-70.5980680">
    <ele>591.2</ele>
    <time>2025-12-10T00:43:34Z</time>
   </trkpt>
   <trkpt lat="-33.4555700" lon="-70.5980500">
    <ele>591.2</ele>
    <time>2025-12-10T00:43:35Z</time>
   </trkpt>
   <trkpt lat="-33.4555970" lon="-70.5980330">
    <ele>591.2</ele>
    <time>2025-12-10T00:43:36Z</time>
   </trkpt>
   <trkpt lat="-33.4556360" lon="-70.5980230">
    <ele>591.2</ele>
    <time>2025-12-10T00:43:37Z</time>
   </trkpt>
   <trkpt lat="-33.4556500" lon="-70.5980210">
    <ele>591.2</ele>
    <time>2025-12-10T00:43:38Z</time>
   </trkpt>
   <trkpt lat="-33.4556800" lon="-70.5980000">
    <ele>591.1</ele>
    <time>2025-12-10T00:43:39Z</time>
   </trkpt>
   <trkpt lat="-33.4557090" lon="-70.5980070">
    <ele>591.1</ele>
    <time>2025-12-10T00:43:40Z</time>
   </trkpt>
   <trkpt lat="-33.4557440" lon="-70.5980040">
    <ele>591.1</ele>
    <time>2025-12-10T00:43:41Z</time>
   </trkpt>
   <trkpt lat="-33.4557550" lon="-70.5980020">
    <ele>591.1</ele>
    <time>2025-12-10T00:43:42Z</time>
   </trkpt>
   <trkpt lat="-33.4557730" lon="-70.5980020">
    <ele>591.1</ele>
    <time>2025-12-10T00:43:43Z</time>
   </trkpt>
   <trkpt lat="-33.4557860" lon="-70.5980010">
    <ele>591.1</ele>
    <time>2025-12-10T00:43:44Z</time>
   </trkpt>
   <trkpt lat="-33.4558020" lon="-70.5979960">
    <ele>591.0</ele>
    <time>2025-12-10T00:43:45Z</time>
   </trkpt>
   <trkpt lat="-33.4558220" lon="-70.5980000">
    <ele>591.0</ele>
    <time>2025-12-10T00:43:46Z</time>
   </trkpt>
   <trkpt lat="-33.4558500" lon="-70.5979930">
    <ele>591.0</ele>
    <time>2025-12-10T00:43:47Z</time>
   </trkpt>
   <trkpt lat="-33.4558610" lon="-70.5979950">
    <ele>591.0</ele>
    <time>2025-12-10T00:43:48Z</time>
   </trkpt>
   <trkpt lat="-33.4558870" lon="-70.5980090">
    <ele>591.0</ele>
    <time>2025-12-10T00:43:49Z</time>
   </trkpt>
   <trkpt lat="-33.4559170" lon="-70.5980060">
    <ele>591.0</ele>
    <time>2025-12-10T00:43:50Z</time>
   </trkpt>
   <trkpt lat="-33.4559540" lon="-70.5980080">
    <ele>590.9</ele>
    <time>2025-12-10T00:43:51Z</time>
   </trkpt>
   <trkpt lat="-33.4559660" lon="-70.5980050">
    <ele>590.9</ele>
    <time>2025-12-10T00:43:52Z</time>
   </trkpt>
   <trkpt lat="-33.4559950" lon="-70.5980080">
    <ele>590.9</ele>
    <time>2025-12-10T00:43:53Z</time>
   </trkpt>
   <trkpt lat="-33.4560360" lon="-70.5980090">
    <ele>590.9</ele>
    <time>2025-12-10T00:43:54Z</time>
   </trkpt>
   <trkpt lat="-33.4560510" lon="-70.5980090">
    <ele>590.8</ele>
    <time>2025-12-10T00:43:55Z</time>
   </trkpt>
   <trkpt lat="-33.4560880" lon="-70.5980100">
    <ele>590.8</ele>
    <time>2025-12-10T00:43:56Z</time>
   </trkpt>
   <trkpt lat="-33.4560990" lon="-70.5980080">
    <ele>590.8</ele>
    <time>2025-12-10T00:43:57Z</time>
   </trkpt>
   <trkpt lat="-33.4561260" lon="-70.5980040">
    <ele>590.8</ele>
    <time>2025-12-10T00:43:58Z</time>
   </trkpt>
   <trkpt lat="-33.4561370" lon="-70.5980050">
    <ele>590.8</ele>
    <time>2025-12-10T00:43:59Z</time>
   </trkpt>
   <trkpt lat="-33.4561490" lon="-70.5980050">
    <ele>590.8</ele>
    <time>2025-12-10T00:44:00Z</time>
   </trkpt>
   <trkpt lat="-33.4561830" lon="-70.5979970">
    <ele>590.8</ele>
    <time>2025-12-10T00:44:01Z</time>
   </trkpt>
   <trkpt lat="-33.4561960" lon="-70.5979940">
    <ele>590.8</ele>
    <time>2025-12-10T00:44:02Z</time>
   </trkpt>
   <trkpt lat="-33.4562360" lon="-70.5979970">
    <ele>590.8</ele>
    <time>2025-12-10T00:44:03Z</time>
   </trkpt>
   <trkpt lat="-33.4562490" lon="-70.5980000">
    <ele>590.8</ele>
    <time>2025-12-10T00:44:04Z</time>
   </trkpt>
   <trkpt lat="-33.4562600" lon="-70.5979950">
    <ele>590.8</ele>
    <time>2025-12-10T00:44:05Z</time>
   </trkpt>
   <trkpt lat="-33.4562820" lon="-70.5979940">
    <ele>590.7</ele>
    <time>2025-12-10T00:44:06Z</time>
   </trkpt>
   <trkpt lat="-33.4563010" lon="-70.5980000">
    <ele>590.7</ele>
    <time>2025-12-10T00:44:07Z</time>
   </trkpt>
   <trkpt lat="-33.4563170" lon="-70.5980000">
    <ele>590.7</ele>
    <time>2025-12-10T00:44:08Z</time>
   </trkpt>
   <trkpt lat="-33.4563460" lon="-70.5980000">
    <ele>590.7</ele>
    <time>2025-12-10T00:44:09Z</time>
   </trkpt>
   <trkpt lat="-33.4563570" lon="-70.5979990">
    <ele>590.7</ele>
    <time>2025-12-10T00:44:10Z</time>
   </trkpt>
   <trkpt lat="-33.4563750" lon="-70.5979970">
    <ele>590.7</ele>
    <time>2025-12-10T00:44:11Z</time>
   </trkpt>
   <trkpt lat="-33.4563850" lon="-70.5979920">
    <ele>590.7</ele>
    <time>2025-12-10T00:44:12Z</time>
   </trkpt>
   <trkpt lat="-33.4564040" lon="-70.5979870">
    <ele>590.7</ele>
    <time>2025-12-10T00:44:13Z</time>
   </trkpt>
   <trkpt lat="-33.4564130" lon="-70.5979880">
    <ele>590.7</ele>
    <time>2025-12-10T00:44:14Z</time>
   </trkpt>
   <trkpt lat="-33.4564220" lon="-70.5979890">
    <ele>590.7</ele>
    <time>2025-12-10T00:44:15Z</time>
   </trkpt>
   <trkpt lat="-33.4564350" lon="-70.5979900">
    <ele>590.7</ele>
    <time>2025-12-10T00:44:16Z</time>
   </trkpt>
   <trkpt lat="-33.4564380" lon="-70.5979840">
    <ele>590.7</ele>
    <time>2025-12-10T00:44:17Z</time>
   </trkpt>
   <trkpt lat="-33.4564490" lon="-70.5979790">
    <ele>590.7</ele>
    <time>2025-12-10T00:44:18Z</time>
   </trkpt>
   <trkpt lat="-33.4564540" lon="-70.5979700">
    <ele>590.7</ele>
    <time>2025-12-10T00:44:19Z</time>
   </trkpt>
   <trkpt lat="-33.4564420" lon="-70.5979650">
    <ele>590.7</ele>
    <time>2025-12-10T00:44:20Z</time>
   </trkpt>
   <trkpt lat="-33.4564370" lon="-70.5979570">
    <ele>590.7</ele>
    <time>2025-12-10T00:44:21Z</time>
   </trkpt>
   <trkpt lat="-33.4564340" lon="-70.5979520">
    <ele>590.6</ele>
    <time>2025-12-10T00:44:22Z</time>
   </trkpt>
   <trkpt lat="-33.4564390" lon="-70.5979480">
    <ele>590.6</ele>
    <time>2025-12-10T00:44:23Z</time>
   </trkpt>
   <trkpt lat="-33.4564400" lon="-70.5979450">
    <ele>590.6</ele>
    <time>2025-12-10T00:44:24Z</time>
   </trkpt>
   <trkpt lat="-33.4564380" lon="-70.5979420">
    <ele>590.6</ele>
    <time>2025-12-10T00:44:25Z</time>
   </trkpt>
   <trkpt lat="-33.4564520" lon="-70.5979500">
    <ele>590.6</ele>
    <time>2025-12-10T00:44:26Z</time>
   </trkpt>
   <trkpt lat="-33.4564690" lon="-70.5979490">
    <ele>590.6</ele>
    <time>2025-12-10T00:44:27Z</time>
   </trkpt>
   <trkpt lat="-33.4565000" lon="-70.5979490">
    <ele>590.6</ele>
    <time>2025-12-10T00:44:28Z</time>
   </trkpt>
   <trkpt lat="-33.4565120" lon="-70.5979460">
    <ele>590.6</ele>
    <time>2025-12-10T00:44:29Z</time>
   </trkpt>
   <trkpt lat="-33.4565420" lon="-70.5979430">
    <ele>590.6</ele>
    <time>2025-12-10T00:44:30Z</time>
   </trkpt>
   <trkpt lat="-33.4565610" lon="-70.5979460">
    <ele>590.6</ele>
    <time>2025-12-10T00:44:31Z</time>
   </trkpt>
   <trkpt lat="-33.4565740" lon="-70.5979550">
    <ele>590.5</ele>
    <time>2025-12-10T00:44:32Z</time>
   </trkpt>
   <trkpt lat="-33.4565990" lon="-70.5979690">
    <ele>590.5</ele>
    <time>2025-12-10T00:44:33Z</time>
   </trkpt>
   <trkpt lat="-33.4566070" lon="-70.5979730">
    <ele>590.5</ele>
    <time>2025-12-10T00:44:34Z</time>
   </trkpt>
   <trkpt lat="-33.4566300" lon="-70.5979750">
    <ele>590.5</ele>
    <time>2025-12-10T00:44:35Z</time>
   </trkpt>
   <trkpt lat="-33.4566400" lon="-70.5979760">
    <ele>590.5</ele>
    <time>2025-12-10T00:44:36Z</time>
   </trkpt>
   <trkpt lat="-33.4566490" lon="-70.5979780">
    <ele>590.5</ele>
    <time>2025-12-10T00:44:37Z</time>
   </trkpt>
   <trkpt lat="-33.4566580" lon="-70.5979800">
    <ele>590.5</ele>
    <time>2025-12-10T00:44:38Z</time>
   </trkpt>
   <trkpt lat="-33.4566870" lon="-70.5979850">
    <ele>590.5</ele>
    <time>2025-12-10T00:44:39Z</time>
   </trkpt>
   <trkpt lat="-33.4567250" lon="-70.5979890">
    <ele>590.4</ele>
    <time>2025-12-10T00:44:40Z</time>
   </trkpt>
   <trkpt lat="-33.4567380" lon="-70.5979920">
    <ele>590.4</ele>
    <time>2025-12-10T00:44:41Z</time>
   </trkpt>
   <trkpt lat="-33.4567650" lon="-70.5980010">
    <ele>590.4</ele>
    <time>2025-12-10T00:44:42Z</time>
   </trkpt>
   <trkpt lat="-33.4567960" lon="-70.5980040">
    <ele>590.4</ele>
    <time>2025-12-10T00:44:43Z</time>
   </trkpt>
   <trkpt lat="-33.4568360" lon="-70.5980080">
    <ele>590.4</ele>
    <time>2025-12-10T00:44:44Z</time>
   </trkpt>
   <trkpt lat="-33.4568510" lon="-70.5980120">
    <ele>590.4</ele>
    <time>2025-12-10T00:44:45Z</time>
   </trkpt>
   <trkpt lat="-33.4568890" lon="-70.5980080">
    <ele>590.4</ele>
    <time>2025-12-10T00:44:46Z</time>
   </trkpt>
   <trkpt lat="-33.4569200" lon="-70.5980170">
    <ele>590.3</ele>
    <time>2025-12-10T00:44:47Z</time>
   </trkpt>
   <trkpt lat="-33.4569570" lon="-70.5980210">
    <ele>590.3</ele>
    <time>2025-12-10T00:44:48Z</time>
   </trkpt>
   <trkpt lat="-33.4569940" lon="-70.5980220">
    <ele>590.3</ele>
    <time>2025-12-10T00:44:49Z</time>
   </trkpt>
   <trkpt lat="-33.4570270" lon="-70.5980290">
    <ele>590.3</ele>
    <time>2025-12-10T00:44:50Z</time>
   </trkpt>
   <trkpt lat="-33.4570630" lon="-70.5980340">
    <ele>590.2</ele>
    <time>2025-12-10T00:44:51Z</time>
   </trkpt>
   <trkpt lat="-33.4570750" lon="-70.5980320">
    <ele>590.2</ele>
    <time>2025-12-10T00:44:52Z</time>
   </trkpt>
   <trkpt lat="-33.4571090" lon="-70.5980410">
    <ele>590.1</ele>
    <time>2025-12-10T00:44:53Z</time>
   </trkpt>
   <trkpt lat="-33.4571260" lon="-70.5980440">
    <ele>590.1</ele>
    <time>2025-12-10T00:44:54Z</time>
   </trkpt>
   <trkpt lat="-33.4571550" lon="-70.5980350">
    <ele>590.1</ele>
    <time>2025-12-10T00:44:55Z</time>
   </trkpt>
   <trkpt lat="-33.4571850" lon="-70.5980370">
    <ele>590.1</ele>
    <time>2025-12-10T00:44:56Z</time>
   </trkpt>
   <trkpt lat="-33.4572220" lon="-70.5980390">
    <ele>590.0</ele>
    <time>2025-12-10T00:44:57Z</time>
   </trkpt>
   <trkpt lat="-33.4572490" lon="-70.5980450">
    <ele>590.0</ele>
    <time>2025-12-10T00:44:58Z</time>
   </trkpt>
   <trkpt lat="-33.4572850" lon="-70.5980490">
    <ele>589.9</ele>
    <time>2025-12-10T00:44:59Z</time>
   </trkpt>
   <trkpt lat="-33.4572960" lon="-70.5980480">
    <ele>589.9</ele>
    <time>2025-12-10T00:45:00Z</time>
   </trkpt>
   <trkpt lat="-33.4573350" lon="-70.5980520">
    <ele>589.9</ele>
    <time>2025-12-10T00:45:01Z</time>
   </trkpt>
   <trkpt lat="-33.4573500" lon="-70.5980530">
    <ele>589.9</ele>
    <time>2025-12-10T00:45:02Z</time>
   </trkpt>
   <trkpt lat="-33.4573890" lon="-70.5980530">
    <ele>589.8</ele>
    <time>2025-12-10T00:45:03Z</time>
   </trkpt>
   <trkpt lat="-33.4574030" lon="-70.5980550">
    <ele>589.8</ele>
    <time>2025-12-10T00:45:04Z</time>
   </trkpt>
   <trkpt lat="-33.4574350" lon="-70.5980590">
    <ele>589.8</ele>
    <time>2025-12-10T00:45:05Z</time>
   </trkpt>
   <trkpt lat="-33.4574720" lon="-70.5980610">
    <ele>589.8</ele>
    <time>2025-12-10T00:45:06Z</time>
   </trkpt>
   <trkpt lat="-33.4574830" lon="-70.5980630">
    <ele>589.8</ele>
    <time>2025-12-10T00:45:07Z</time>
   </trkpt>
   <trkpt lat="-33.4575130" lon="-70.5980550">
    <ele>589.7</ele>
    <time>2025-12-10T00:45:08Z</time>
   </trkpt>
   <trkpt lat="-33.4575450" lon="-70.5980580">
    <ele>589.7</ele>
    <time>2025-12-10T00:45:09Z</time>
   </trkpt>
   <trkpt lat="-33.4575860" lon="-70.5980560">
    <ele>589.7</ele>
    <time>2025-12-10T00:45:10Z</time>
   </trkpt>
   <trkpt lat="-33.4576010" lon="-70.5980540">
    <ele>589.7</ele>
    <time>2025-12-10T00:45:11Z</time>
   </trkpt>
   <trkpt lat="-33.4576320" lon="-70.5980550">
    <ele>589.7</ele>
    <time>2025-12-10T00:45:12Z</time>
   </trkpt>
   <trkpt lat="-33.4576590" lon="-70.5980680">
    <ele>589.6</ele>
    <time>2025-12-10T00:45:13Z</time>
   </trkpt>
   <trkpt lat="-33.4576920" lon="-70.5980870">
    <ele>589.6</ele>
    <time>2025-12-10T00:45:14Z</time>
   </trkpt>
   <trkpt lat="-33.4577020" lon="-70.5980980">
    <ele>589.6</ele>
    <time>2025-12-10T00:45:15Z</time>
   </trkpt>
   <trkpt lat="-33.4577230" lon="-70.5981200">
    <ele>589.6</ele>
    <time>2025-12-10T00:45:16Z</time>
   </trkpt>
   <trkpt lat="-33.4577430" lon="-70.5981460">
    <ele>589.5</ele>
    <time>2025-12-10T00:45:17Z</time>
   </trkpt>
   <trkpt lat="-33.4577630" lon="-70.5981770">
    <ele>589.4</ele>
    <time>2025-12-10T00:45:18Z</time>
   </trkpt>
   <trkpt lat="-33.4577670" lon="-70.5981870">
    <ele>589.4</ele>
    <time>2025-12-10T00:45:19Z</time>
   </trkpt>
   <trkpt lat="-33.4577700" lon="-70.5982290">
    <ele>589.3</ele>
    <time>2025-12-10T00:45:20Z</time>
   </trkpt>
   <trkpt lat="-33.4577720" lon="-70.5982460">
    <ele>589.2</ele>
    <time>2025-12-10T00:45:21Z</time>
   </trkpt>
   <trkpt lat="-33.4577760" lon="-70.5982860">
    <ele>589.2</ele>
    <time>2025-12-10T00:45:22Z</time>
   </trkpt>
   <trkpt lat="-33.4577750" lon="-70.5983360">
    <ele>589.0</ele>
    <time>2025-12-10T00:45:23Z</time>
   </trkpt>
   <trkpt lat="-33.4577750" lon="-70.5983540">
    <ele>589.0</ele>
    <time>2025-12-10T00:45:24Z</time>
   </trkpt>
   <trkpt lat="-33.4577800" lon="-70.5984000">
    <ele>588.9</ele>
    <time>2025-12-10T00:45:25Z</time>
   </trkpt>
   <trkpt lat="-33.4577840" lon="-70.5984450">
    <ele>588.8</ele>
    <time>2025-12-10T00:45:26Z</time>
   </trkpt>
   <trkpt lat="-33.4577850" lon="-70.5984960">
    <ele>588.7</ele>
    <time>2025-12-10T00:45:27Z</time>
   </trkpt>
   <trkpt lat="-33.4577910" lon="-70.5985330">
    <ele>588.7</ele>
    <time>2025-12-10T00:45:28Z</time>
   </trkpt>
   <trkpt lat="-33.4577930" lon="-70.5985730">
    <ele>588.6</ele>
    <time>2025-12-10T00:45:29Z</time>
   </trkpt>
   <trkpt lat="-33.4577950" lon="-70.5986090">
    <ele>588.6</ele>
    <time>2025-12-10T00:45:30Z</time>
   </trkpt>
   <trkpt lat="-33.4577980" lon="-70.5986460">
    <ele>588.5</ele>
    <time>2025-12-10T00:45:31Z</time>
   </trkpt>
   <trkpt lat="-33.4577910" lon="-70.5986820">
    <ele>588.5</ele>
    <time>2025-12-10T00:45:32Z</time>
   </trkpt>
   <trkpt lat="-33.4577880" lon="-70.5987230">
    <ele>588.4</ele>
    <time>2025-12-10T00:45:33Z</time>
   </trkpt>
   <trkpt lat="-33.4577850" lon="-70.5987560">
    <ele>588.3</ele>
    <time>2025-12-10T00:45:34Z</time>
   </trkpt>
   <trkpt lat="-33.4577920" lon="-70.5987880">
    <ele>588.3</ele>
    <time>2025-12-10T00:45:35Z</time>
   </trkpt>
   <trkpt lat="-33.4577920" lon="-70.5988230">
    <ele>588.2</ele>
    <time>2025-12-10T00:45:36Z</time>
   </trkpt>
   <trkpt lat="-33.4577900" lon="-70.5988620">
    <ele>588.2</ele>
    <time>2025-12-10T00:45:37Z</time>
   </trkpt>
   <trkpt lat="-33.4577820" lon="-70.5989000">
    <ele>588.1</ele>
    <time>2025-12-10T00:45:38Z</time>
   </trkpt>
   <trkpt lat="-33.4577770" lon="-70.5989480">
    <ele>588.1</ele>
    <time>2025-12-10T00:45:39Z</time>
   </trkpt>
   <trkpt lat="-33.4577770" lon="-70.5989650">
    <ele>588.1</ele>
    <time>2025-12-10T00:45:40Z</time>
   </trkpt>
   <trkpt lat="-33.4577750" lon="-70.5990060">
    <ele>588.1</ele>
    <time>2025-12-10T00:45:41Z</time>
   </trkpt>
   <trkpt lat="-33.4577790" lon="-70.5990470">
    <ele>588.0</ele>
    <time>2025-12-10T00:45:42Z</time>
   </trkpt>
   <trkpt lat="-33.4577750" lon="-70.5990830">
    <ele>588.0</ele>
    <time>2025-12-10T00:45:43Z</time>
   </trkpt>
   <trkpt lat="-33.4577640" lon="-70.5991130">
    <ele>588.0</ele>
    <time>2025-12-10T00:45:44Z</time>
   </trkpt>
   <trkpt lat="-33.4577570" lon="-70.5991500">
    <ele>587.9</ele>
    <time>2025-12-10T00:45:45Z</time>
   </trkpt>
   <trkpt lat="-33.4577370" lon="-70.5991870">
    <ele>587.9</ele>
    <time>2025-12-10T00:45:46Z</time>
   </trkpt>
   <trkpt lat="-33.4577240" lon="-70.5992320">
    <ele>587.9</ele>
    <time>2025-12-10T00:45:47Z</time>
   </trkpt>
   <trkpt lat="-33.4577230" lon="-70.5992490">
    <ele>587.9</ele>
    <time>2025-12-10T00:45:48Z</time>
   </trkpt>
   <trkpt lat="-33.4577200" lon="-70.5992850">
    <ele>587.8</ele>
    <time>2025-12-10T00:45:49Z</time>
   </trkpt>
   <trkpt lat="-33.4577090" lon="-70.5993300">
    <ele>587.8</ele>
    <time>2025-12-10T00:45:50Z</time>
   </trkpt>
   <trkpt lat="-33.4577040" lon="-70.5993470">
    <ele>587.8</ele>
    <time>2025-12-10T00:45:51Z</time>
   </trkpt>
   <trkpt lat="-33.4577040" lon="-70.5993800">
    <ele>587.8</ele>
    <time>2025-12-10T00:45:52Z</time>
   </trkpt>
   <trkpt lat="-33.4577040" lon="-70.5994260">
    <ele>587.7</ele>
    <time>2025-12-10T00:45:53Z</time>
   </trkpt>
   <trkpt lat="-33.4577050" lon="-70.5994420">
    <ele>587.7</ele>
    <time>2025-12-10T00:45:54Z</time>
   </trkpt>
   <trkpt lat="-33.4577150" lon="-70.5994840">
    <ele>587.7</ele>
    <time>2025-12-10T00:45:55Z</time>
   </trkpt>
   <trkpt lat="-33.4577170" lon="-70.5994980">
    <ele>587.7</ele>
    <time>2025-12-10T00:45:56Z</time>
   </trkpt>
   <trkpt lat="-33.4577180" lon="-70.5995380">
    <ele>587.7</ele>
    <time>2025-12-10T00:45:57Z</time>
   </trkpt>
   <trkpt lat="-33.4577190" lon="-70.5995500">
    <ele>587.7</ele>
    <time>2025-12-10T00:45:58Z</time>
   </trkpt>
   <trkpt lat="-33.4577200" lon="-70.5995870">
    <ele>587.6</ele>
    <time>2025-12-10T00:45:59Z</time>
   </trkpt>
   <trkpt lat="-33.4577200" lon="-70.5995970">
    <ele>587.6</ele>
    <time>2025-12-10T00:46:00Z</time>
   </trkpt>
   <trkpt lat="-33.4577240" lon="-70.5996200">
    <ele>587.6</ele>
    <time>2025-12-10T00:46:01Z</time>
   </trkpt>
   <trkpt lat="-33.4577210" lon="-70.5996370">
    <ele>587.6</ele>
    <time>2025-12-10T00:46:02Z</time>
   </trkpt>
   <trkpt lat="-33.4577150" lon="-70.5996550">
    <ele>587.6</ele>
    <time>2025-12-10T00:46:03Z</time>
   </trkpt>
   <trkpt lat="-33.4577120" lon="-70.5996720">
    <ele>587.6</ele>
    <time>2025-12-10T00:46:04Z</time>
   </trkpt>
   <trkpt lat="-33.4577170" lon="-70.5996790">
    <ele>587.6</ele>
    <time>2025-12-10T00:46:05Z</time>
   </trkpt>
   <trkpt lat="-33.4577120" lon="-70.5996920">
    <ele>587.6</ele>
    <time>2025-12-10T00:46:06Z</time>
   </trkpt>
   <trkpt lat="-33.4577140" lon="-70.5997130">
    <ele>587.6</ele>
    <time>2025-12-10T00:46:07Z</time>
   </trkpt>
   <trkpt lat="-33.4577110" lon="-70.5997080">
    <ele>587.6</ele>
    <time>2025-12-10T00:46:08Z</time>
   </trkpt>
   <trkpt lat="-33.4577070" lon="-70.5997070">
    <ele>587.6</ele>
    <time>2025-12-10T00:46:09Z</time>
   </trkpt>
   <trkpt lat="-33.4577090" lon="-70.5997060">
    <ele>587.6</ele>
    <time>2025-12-10T00:46:10Z</time>
   </trkpt>
   <trkpt lat="-33.4577100" lon="-70.5997080">
    <ele>587.6</ele>
    <time>2025-12-10T00:46:11Z</time>
   </trkpt>
   <trkpt lat="-33.4577130" lon="-70.5997100">
    <ele>587.6</ele>
    <time>2025-12-10T00:46:12Z</time>
   </trkpt>
   <trkpt lat="-33.4577130" lon="-70.5997100">
    <ele>587.6</ele>
    <time>2025-12-10T00:46:13Z</time>
   </trkpt>
   <trkpt lat="-33.4577130" lon="-70.5997100">
    <ele>587.6</ele>
    <time>2025-12-10T00:46:14Z</time>
   </trkpt>
   <trkpt lat="-33.4577130" lon="-70.5997100">
    <ele>587.6</ele>
    <time>2025-12-10T00:46:15Z</time>
   </trkpt>
   <trkpt lat="-33.4577130" lon="-70.5997100">
    <ele>587.6</ele>
    <time>2025-12-10T00:46:16Z</time>
   </trkpt>
   <trkpt lat="-33.4577350" lon="-70.5997420">
    <ele>587.6</ele>
    <time>2025-12-10T00:46:29Z</time>
   </trkpt>
   <trkpt lat="-33.4577330" lon="-70.5997590">
    <ele>587.6</ele>
    <time>2025-12-10T00:46:30Z</time>
   </trkpt>
   <trkpt lat="-33.4577330" lon="-70.5997800">
    <ele>587.6</ele>
    <time>2025-12-10T00:46:31Z</time>
   </trkpt>
   <trkpt lat="-33.4577250" lon="-70.5998310">
    <ele>587.7</ele>
    <time>2025-12-10T00:46:32Z</time>
   </trkpt>
   <trkpt lat="-33.4577210" lon="-70.5998510">
    <ele>587.8</ele>
    <time>2025-12-10T00:46:33Z</time>
   </trkpt>
   <trkpt lat="-33.4577200" lon="-70.5998920">
    <ele>587.7</ele>
    <time>2025-12-10T00:46:34Z</time>
   </trkpt>
   <trkpt lat="-33.4577240" lon="-70.5999360">
    <ele>587.7</ele>
    <time>2025-12-10T00:46:35Z</time>
   </trkpt>
   <trkpt lat="-33.4577190" lon="-70.5999690">
    <ele>587.6</ele>
    <time>2025-12-10T00:46:36Z</time>
   </trkpt>
   <trkpt lat="-33.4577100" lon="-70.6000050">
    <ele>587.6</ele>
    <time>2025-12-10T00:46:37Z</time>
   </trkpt>
   <trkpt lat="-33.4576940" lon="-70.6000450">
    <ele>587.5</ele>
    <time>2025-12-10T00:46:38Z</time>
   </trkpt>
   <trkpt lat="-33.4576820" lon="-70.6000860">
    <ele>587.5</ele>
    <time>2025-12-10T00:46:39Z</time>
   </trkpt>
   <trkpt lat="-33.4576960" lon="-70.6001230">
    <ele>587.4</ele>
    <time>2025-12-10T00:46:40Z</time>
   </trkpt>
   <trkpt lat="-33.4576920" lon="-70.6001730">
    <ele>587.4</ele>
    <time>2025-12-10T00:46:41Z</time>
   </trkpt>
   <trkpt lat="-33.4576900" lon="-70.6001910">
    <ele>587.4</ele>
    <time>2025-12-10T00:46:42Z</time>
   </trkpt>
   <trkpt lat="-33.4576840" lon="-70.6002360">
    <ele>587.3</ele>
    <time>2025-12-10T00:46:43Z</time>
   </trkpt>
   <trkpt lat="-33.4576790" lon="-70.6002490">
    <ele>587.3</ele>
    <time>2025-12-10T00:46:44Z</time>
   </trkpt>
   <trkpt lat="-33.4576630" lon="-70.6002820">
    <ele>587.3</ele>
    <time>2025-12-10T00:46:45Z</time>
   </trkpt>
   <trkpt lat="-33.4576560" lon="-70.6002970">
    <ele>587.2</ele>
    <time>2025-12-10T00:46:46Z</time>
   </trkpt>
   <trkpt lat="-33.4576550" lon="-70.6003310">
    <ele>587.2</ele>
    <time>2025-12-10T00:46:47Z</time>
   </trkpt>
   <trkpt lat="-33.4576550" lon="-70.6003740">
    <ele>587.2</ele>
    <time>2025-12-10T00:46:48Z</time>
   </trkpt>
   <trkpt lat="-33.4576460" lon="-70.6004180">
    <ele>587.1</ele>
    <time>2025-12-10T00:46:49Z</time>
   </trkpt>
   <trkpt lat="-33.4576430" lon="-70.6004320">
    <ele>587.1</ele>
    <time>2025-12-10T00:46:50Z</time>
   </trkpt>
   <trkpt lat="-33.4576410" lon="-70.6004670">
    <ele>587.0</ele>
    <time>2025-12-10T00:46:51Z</time>
   </trkpt>
   <trkpt lat="-33.4576400" lon="-70.6005140">
    <ele>587.0</ele>
    <time>2025-12-10T00:46:52Z</time>
   </trkpt>
   <trkpt lat="-33.4576410" lon="-70.6005320">
    <ele>587.0</ele>
    <time>2025-12-10T00:46:53Z</time>
   </trkpt>
   <trkpt lat="-33.4576250" lon="-70.6005760">
    <ele>586.9</ele>
    <time>2025-12-10T00:46:54Z</time>
   </trkpt>
   <trkpt lat="-33.4576180" lon="-70.6005920">
    <ele>586.9</ele>
    <time>2025-12-10T00:46:55Z</time>
   </trkpt>
   <trkpt lat="-33.4576200" lon="-70.6006250">
    <ele>586.8</ele>
    <time>2025-12-10T00:46:56Z</time>
   </trkpt>
   <trkpt lat="-33.4576120" lon="-70.6006650">
    <ele>586.8</ele>
    <time>2025-12-10T00:46:57Z</time>
   </trkpt>
   <trkpt lat="-33.4575990" lon="-70.6007050">
    <ele>586.8</ele>
    <time>2025-12-10T00:46:58Z</time>
   </trkpt>
   <trkpt lat="-33.4575920" lon="-70.6007190">
    <ele>586.8</ele>
    <time>2025-12-10T00:46:59Z</time>
   </trkpt>
   <trkpt lat="-33.4575850" lon="-70.6007560">
    <ele>586.7</ele>
    <time>2025-12-10T00:47:00Z</time>
   </trkpt>
   <trkpt lat="-33.4575860" lon="-70.6007980">
    <ele>586.7</ele>
    <time>2025-12-10T00:47:01Z</time>
   </trkpt>
   <trkpt lat="-33.4575780" lon="-70.6008340">
    <ele>586.7</ele>
    <time>2025-12-10T00:47:02Z</time>
   </trkpt>
   <trkpt lat="-33.4575750" lon="-70.6008730">
    <ele>586.6</ele>
    <time>2025-12-10T00:47:03Z</time>
   </trkpt>
   <trkpt lat="-33.4575630" lon="-70.6009180">
    <ele>586.6</ele>
    <time>2025-12-10T00:47:04Z</time>
   </trkpt>
   <trkpt lat="-33.4575520" lon="-70.6009600">
    <ele>586.5</ele>
    <time>2025-12-10T00:47:05Z</time>
   </trkpt>
   <trkpt lat="-33.4575490" lon="-70.6009780">
    <ele>586.5</ele>
    <time>2025-12-10T00:47:06Z</time>
   </trkpt>
   <trkpt lat="-33.4575450" lon="-70.6010210">
    <ele>586.5</ele>
    <time>2025-12-10T00:47:07Z</time>
   </trkpt>
   <trkpt lat="-33.4575390" lon="-70.6010570">
    <ele>586.5</ele>
    <time>2025-12-10T00:47:08Z</time>
   </trkpt>
   <trkpt lat="-33.4575290" lon="-70.6010980">
    <ele>586.4</ele>
    <time>2025-12-10T00:47:09Z</time>
   </trkpt>
   <trkpt lat="-33.4575250" lon="-70.6011100">
    <ele>586.4</ele>
    <time>2025-12-10T00:47:10Z</time>
   </trkpt>
   <trkpt lat="-33.4575210" lon="-70.6011530">
    <ele>586.4</ele>
    <time>2025-12-10T00:47:11Z</time>
   </trkpt>
   <trkpt lat="-33.4575200" lon="-70.6011660">
    <ele>586.4</ele>
    <time>2025-12-10T00:47:12Z</time>
   </trkpt>
   <trkpt lat="-33.4575210" lon="-70.6012000">
    <ele>586.4</ele>
    <time>2025-12-10T00:47:13Z</time>
   </trkpt>
   <trkpt lat="-33.4575150" lon="-70.6012420">
    <ele>586.4</ele>
    <time>2025-12-10T00:47:14Z</time>
   </trkpt>
   <trkpt lat="-33.4575110" lon="-70.6012560">
    <ele>586.3</ele>
    <time>2025-12-10T00:47:15Z</time>
   </trkpt>
   <trkpt lat="-33.4575110" lon="-70.6012920">
    <ele>586.3</ele>
    <time>2025-12-10T00:47:16Z</time>
   </trkpt>
   <trkpt lat="-33.4575060" lon="-70.6013320">
    <ele>586.3</ele>
    <time>2025-12-10T00:47:17Z</time>
   </trkpt>
   <trkpt lat="-33.4575030" lon="-70.6013450">
    <ele>586.3</ele>
    <time>2025-12-10T00:47:18Z</time>
   </trkpt>
   <trkpt lat="-33.4575070" lon="-70.6013770">
    <ele>586.2</ele>
    <time>2025-12-10T00:47:19Z</time>
   </trkpt>
   <trkpt lat="-33.4575060" lon="-70.6014100">
    <ele>586.2</ele>
    <time>2025-12-10T00:47:20Z</time>
   </trkpt>
   <trkpt lat="-33.4575060" lon="-70.6014220">
    <ele>586.2</ele>
    <time>2025-12-10T00:47:21Z</time>
   </trkpt>
   <trkpt lat="-33.4574970" lon="-70.6014640">
    <ele>586.1</ele>
    <time>2025-12-10T00:47:22Z</time>
   </trkpt>
   <trkpt lat="-33.4574910" lon="-70.6014830">
    <ele>586.1</ele>
    <time>2025-12-10T00:47:23Z</time>
   </trkpt>
   <trkpt lat="-33.4574890" lon="-70.6015220">
    <ele>586.1</ele>
    <time>2025-12-10T00:47:24Z</time>
   </trkpt>
   <trkpt lat="-33.4574820" lon="-70.6015540">
    <ele>586.0</ele>
    <time>2025-12-10T00:47:25Z</time>
   </trkpt>
   <trkpt lat="-33.4574680" lon="-70.6015890">
    <ele>586.0</ele>
    <time>2025-12-10T00:47:26Z</time>
   </trkpt>
   <trkpt lat="-33.4574670" lon="-70.6016230">
    <ele>585.9</ele>
    <time>2025-12-10T00:47:27Z</time>
   </trkpt>
   <trkpt lat="-33.4574660" lon="-70.6016590">
    <ele>585.9</ele>
    <time>2025-12-10T00:47:28Z</time>
   </trkpt>
   <trkpt lat="-33.4574690" lon="-70.6017000">
    <ele>585.9</ele>
    <time>2025-12-10T00:47:29Z</time>
   </trkpt>
   <trkpt lat="-33.4574700" lon="-70.6017130">
    <ele>585.9</ele>
    <time>2025-12-10T00:47:30Z</time>
   </trkpt>
   <trkpt lat="-33.4574710" lon="-70.6017310">
    <ele>585.8</ele>
    <time>2025-12-10T00:47:31Z</time>
   </trkpt>
   <trkpt lat="-33.4574700" lon="-70.6017450">
    <ele>585.8</ele>
    <time>2025-12-10T00:47:32Z</time>
   </trkpt>
   <trkpt lat="-33.4574690" lon="-70.6017870">
    <ele>585.8</ele>
    <time>2025-12-10T00:47:33Z</time>
   </trkpt>
   <trkpt lat="-33.4574710" lon="-70.6018050">
    <ele>585.8</ele>
    <time>2025-12-10T00:47:34Z</time>
   </trkpt>
   <trkpt lat="-33.4574700" lon="-70.6018320">
    <ele>585.8</ele>
    <time>2025-12-10T00:47:35Z</time>
   </trkpt>
   <trkpt lat="-33.4574660" lon="-70.6018430">
    <ele>585.8</ele>
    <time>2025-12-10T00:47:36Z</time>
   </trkpt>
   <trkpt lat="-33.4574660" lon="-70.6018710">
    <ele>585.7</ele>
    <time>2025-12-10T00:47:37Z</time>
   </trkpt>
   <trkpt lat="-33.4574680" lon="-70.6018850">
    <ele>585.7</ele>
    <time>2025-12-10T00:47:38Z</time>
   </trkpt>
   <trkpt lat="-33.4574690" lon="-70.6018990">
    <ele>585.7</ele>
    <time>2025-12-10T00:47:39Z</time>
   </trkpt>
   <trkpt lat="-33.4574750" lon="-70.6019380">
    <ele>585.7</ele>
    <time>2025-12-10T00:47:40Z</time>
   </trkpt>
   <trkpt lat="-33.4574770" lon="-70.6019810">
    <ele>585.7</ele>
    <time>2025-12-10T00:47:41Z</time>
   </trkpt>
   <trkpt lat="-33.4574770" lon="-70.6019940">
    <ele>585.6</ele>
    <time>2025-12-10T00:47:42Z</time>
   </trkpt>
   <trkpt lat="-33.4574710" lon="-70.6020260">
    <ele>585.6</ele>
    <time>2025-12-10T00:47:43Z</time>
   </trkpt>
   <trkpt lat="-33.4574640" lon="-70.6020570">
    <ele>585.6</ele>
    <time>2025-12-10T00:47:44Z</time>
   </trkpt>
   <trkpt lat="-33.4574560" lon="-70.6020990">
    <ele>585.5</ele>
    <time>2025-12-10T00:47:45Z</time>
   </trkpt>
   <trkpt lat="-33.4574470" lon="-70.6021310">
    <ele>585.5</ele>
    <time>2025-12-10T00:47:46Z</time>
   </trkpt>
   <trkpt lat="-33.4574550" lon="-70.6021790">
    <ele>585.5</ele>
    <time>2025-12-10T00:47:47Z</time>
   </trkpt>
   <trkpt lat="-33.4574450" lon="-70.6022330">
    <ele>585.4</ele>
    <time>2025-12-10T00:47:48Z</time>
   </trkpt>
   <trkpt lat="-33.4574390" lon="-70.6022580">
    <ele>585.4</ele>
    <time>2025-12-10T00:47:49Z</time>
   </trkpt>
   <trkpt lat="-33.4574300" lon="-70.6022990">
    <ele>585.3</ele>
    <time>2025-12-10T00:47:50Z</time>
   </trkpt>
   <trkpt lat="-33.4574190" lon="-70.6023430">
    <ele>585.3</ele>
    <time>2025-12-10T00:47:51Z</time>
   </trkpt>
   <trkpt lat="-33.4574210" lon="-70.6023860">
    <ele>585.2</ele>
    <time>2025-12-10T00:47:52Z</time>
   </trkpt>
   <trkpt lat="-33.4574090" lon="-70.6024340">
    <ele>585.2</ele>
    <time>2025-12-10T00:47:53Z</time>
   </trkpt>
   <trkpt lat="-33.4574050" lon="-70.6024690">
    <ele>585.2</ele>
    <time>2025-12-10T00:47:54Z</time>
   </trkpt>
   <trkpt lat="-33.4573990" lon="-70.6025050">
    <ele>585.1</ele>
    <time>2025-12-10T00:47:55Z</time>
   </trkpt>
   <trkpt lat="-33.4573970" lon="-70.6025480">
    <ele>585.1</ele>
    <time>2025-12-10T00:47:56Z</time>
   </trkpt>
   <trkpt lat="-33.4573970" lon="-70.6025970">
    <ele>585.0</ele>
    <time>2025-12-10T00:47:57Z</time>
   </trkpt>
   <trkpt lat="-33.4573940" lon="-70.6026170">
    <ele>585.0</ele>
    <time>2025-12-10T00:47:58Z</time>
   </trkpt>
   <trkpt lat="-33.4573930" lon="-70.6026550">
    <ele>585.0</ele>
    <time>2025-12-10T00:47:59Z</time>
   </trkpt>
   <trkpt lat="-33.4573790" lon="-70.6027050">
    <ele>585.0</ele>
    <time>2025-12-10T00:48:00Z</time>
   </trkpt>
   <trkpt lat="-33.4573680" lon="-70.6027540">
    <ele>584.9</ele>
    <time>2025-12-10T00:48:01Z</time>
   </trkpt>
   <trkpt lat="-33.4573570" lon="-70.6028060">
    <ele>584.9</ele>
    <time>2025-12-10T00:48:02Z</time>
   </trkpt>
   <trkpt lat="-33.4573470" lon="-70.6028560">
    <ele>584.8</ele>
    <time>2025-12-10T00:48:03Z</time>
   </trkpt>
   <trkpt lat="-33.4573430" lon="-70.6028940">
    <ele>584.8</ele>
    <time>2025-12-10T00:48:04Z</time>
   </trkpt>
   <trkpt lat="-33.4573350" lon="-70.6029270">
    <ele>584.8</ele>
    <time>2025-12-10T00:48:05Z</time>
   </trkpt>
   <trkpt lat="-33.4573280" lon="-70.6029710">
    <ele>584.8</ele>
    <time>2025-12-10T00:48:06Z</time>
   </trkpt>
   <trkpt lat="-33.4573280" lon="-70.6029850">
    <ele>584.7</ele>
    <time>2025-12-10T00:48:07Z</time>
   </trkpt>
   <trkpt lat="-33.4573260" lon="-70.6030220">
    <ele>584.6</ele>
    <time>2025-12-10T00:48:08Z</time>
   </trkpt>
   <trkpt lat="-33.4573230" lon="-70.6030660">
    <ele>584.5</ele>
    <time>2025-12-10T00:48:09Z</time>
   </trkpt>
   <trkpt lat="-33.4573290" lon="-70.6031000">
    <ele>584.4</ele>
    <time>2025-12-10T00:48:10Z</time>
   </trkpt>
   <trkpt lat="-33.4573320" lon="-70.6031380">
    <ele>584.4</ele>
    <time>2025-12-10T00:48:11Z</time>
   </trkpt>
   <trkpt lat="-33.4573400" lon="-70.6031810">
    <ele>584.3</ele>
    <time>2025-12-10T00:48:12Z</time>
   </trkpt>
   <trkpt lat="-33.4573400" lon="-70.6031950">
    <ele>584.2</ele>
    <time>2025-12-10T00:48:13Z</time>
   </trkpt>
   <trkpt lat="-33.4573390" lon="-70.6032280">
    <ele>584.2</ele>
    <time>2025-12-10T00:48:14Z</time>
   </trkpt>
   <trkpt lat="-33.4573310" lon="-70.6032740">
    <ele>584.0</ele>
    <time>2025-12-10T00:48:15Z</time>
   </trkpt>
   <trkpt lat="-33.4573270" lon="-70.6032900">
    <ele>584.0</ele>
    <time>2025-12-10T00:48:16Z</time>
   </trkpt>
   <trkpt lat="-33.4573260" lon="-70.6033370">
    <ele>583.9</ele>
    <time>2025-12-10T00:48:17Z</time>
   </trkpt>
   <trkpt lat="-33.4573210" lon="-70.6033750">
    <ele>583.9</ele>
    <time>2025-12-10T00:48:18Z</time>
   </trkpt>
   <trkpt lat="-33.4573200" lon="-70.6034210">
    <ele>583.8</ele>
    <time>2025-12-10T00:48:19Z</time>
   </trkpt>
   <trkpt lat="-33.4573190" lon="-70.6034550">
    <ele>583.8</ele>
    <time>2025-12-10T00:48:20Z</time>
   </trkpt>
   <trkpt lat="-33.4573160" lon="-70.6034930">
    <ele>583.8</ele>
    <time>2025-12-10T00:48:21Z</time>
   </trkpt>
   <trkpt lat="-33.4573150" lon="-70.6035450">
    <ele>583.7</ele>
    <time>2025-12-10T00:48:22Z</time>
   </trkpt>
   <trkpt lat="-33.4573130" lon="-70.6035650">
    <ele>583.7</ele>
    <time>2025-12-10T00:48:23Z</time>
   </trkpt>
   <trkpt lat="-33.4573050" lon="-70.6036040">
    <ele>583.6</ele>
    <time>2025-12-10T00:48:24Z</time>
   </trkpt>
   <trkpt lat="-33.4573030" lon="-70.6036410">
    <ele>583.6</ele>
    <time>2025-12-10T00:48:25Z</time>
   </trkpt>
   <trkpt lat="-33.4573020" lon="-70.6036760">
    <ele>583.6</ele>
    <time>2025-12-10T00:48:26Z</time>
   </trkpt>
   <trkpt lat="-33.4572820" lon="-70.6037180">
    <ele>583.5</ele>
    <time>2025-12-10T00:48:27Z</time>
   </trkpt>
   <trkpt lat="-33.4572810" lon="-70.6037590">
    <ele>583.5</ele>
    <time>2025-12-10T00:48:28Z</time>
   </trkpt>
   <trkpt lat="-33.4572780" lon="-70.6037740">
    <ele>583.5</ele>
    <time>2025-12-10T00:48:29Z</time>
   </trkpt>
   <trkpt lat="-33.4572730" lon="-70.6038140">
    <ele>583.5</ele>
    <time>2025-12-10T00:48:30Z</time>
   </trkpt>
   <trkpt lat="-33.4572730" lon="-70.6038470">
    <ele>583.4</ele>
    <time>2025-12-10T00:48:31Z</time>
   </trkpt>
   <trkpt lat="-33.4572670" lon="-70.6038800">
    <ele>583.4</ele>
    <time>2025-12-10T00:48:32Z</time>
   </trkpt>
   <trkpt lat="-33.4572590" lon="-70.6039240">
    <ele>583.4</ele>
    <time>2025-12-10T00:48:33Z</time>
   </trkpt>
   <trkpt lat="-33.4572560" lon="-70.6039420">
    <ele>583.4</ele>
    <time>2025-12-10T00:48:34Z</time>
   </trkpt>
   <trkpt lat="-33.4572480" lon="-70.6039790">
    <ele>583.3</ele>
    <time>2025-12-10T00:48:35Z</time>
   </trkpt>
   <trkpt lat="-33.4572460" lon="-70.6040170">
    <ele>583.3</ele>
    <time>2025-12-10T00:48:36Z</time>
   </trkpt>
   <trkpt lat="-33.4572500" lon="-70.6040690">
    <ele>583.3</ele>
    <time>2025-12-10T00:48:37Z</time>
   </trkpt>
   <trkpt lat="-33.4572510" lon="-70.6040890">
    <ele>583.2</ele>
    <time>2025-12-10T00:48:38Z</time>
   </trkpt>
   <trkpt lat="-33.4572400" lon="-70.6041330">
    <ele>583.2</ele>
    <time>2025-12-10T00:48:39Z</time>
   </trkpt>
   <trkpt lat="-33.4572340" lon="-70.6041460">
    <ele>583.2</ele>
    <time>2025-12-10T00:48:40Z</time>
   </trkpt>
   <trkpt lat="-33.4572250" lon="-70.6041880">
    <ele>583.1</ele>
    <time>2025-12-10T00:48:41Z</time>
   </trkpt>
   <trkpt lat="-33.4572270" lon="-70.6042080">
    <ele>583.1</ele>
    <time>2025-12-10T00:48:42Z</time>
   </trkpt>
   <trkpt lat="-33.4572240" lon="-70.6042530">
    <ele>583.1</ele>
    <time>2025-12-10T00:48:43Z</time>
   </trkpt>
   <trkpt lat="-33.4572180" lon="-70.6042890">
    <ele>583.0</ele>
    <time>2025-12-10T00:48:44Z</time>
   </trkpt>
   <trkpt lat="-33.4572090" lon="-70.6043280">
    <ele>583.0</ele>
    <time>2025-12-10T00:48:45Z</time>
   </trkpt>
   <trkpt lat="-33.4572070" lon="-70.6043620">
    <ele>582.9</ele>
    <time>2025-12-10T00:48:46Z</time>
   </trkpt>
   <trkpt lat="-33.4572030" lon="-70.6044010">
    <ele>582.9</ele>
    <time>2025-12-10T00:48:47Z</time>
   </trkpt>
   <trkpt lat="-33.4571980" lon="-70.6044160">
    <ele>582.9</ele>
    <time>2025-12-10T00:48:48Z</time>
   </trkpt>
   <trkpt lat="-33.4571950" lon="-70.6044440">
    <ele>582.9</ele>
    <time>2025-12-10T00:48:49Z</time>
   </trkpt>
   <trkpt lat="-33.4571880" lon="-70.6044570">
    <ele>582.8</ele>
    <time>2025-12-10T00:48:50Z</time>
   </trkpt>
   <trkpt lat="-33.4571840" lon="-70.6044960">
    <ele>582.8</ele>
    <time>2025-12-10T00:48:51Z</time>
   </trkpt>
   <trkpt lat="-33.4571840" lon="-70.6045080">
    <ele>582.8</ele>
    <time>2025-12-10T00:48:52Z</time>
   </trkpt>
   <trkpt lat="-33.4571880" lon="-70.6045470">
    <ele>582.8</ele>
    <time>2025-12-10T00:48:53Z</time>
   </trkpt>
   <trkpt lat="-33.4571910" lon="-70.6045640">
    <ele>582.8</ele>
    <time>2025-12-10T00:48:54Z</time>
   </trkpt>
   <trkpt lat="-33.4572030" lon="-70.6046050">
    <ele>582.7</ele>
    <time>2025-12-10T00:48:55Z</time>
   </trkpt>
   <trkpt lat="-33.4572070" lon="-70.6046190">
    <ele>582.7</ele>
    <time>2025-12-10T00:48:56Z</time>
   </trkpt>
   <trkpt lat="-33.4572120" lon="-70.6046600">
    <ele>582.7</ele>
    <time>2025-12-10T00:48:57Z</time>
   </trkpt>
   <trkpt lat="-33.4572140" lon="-70.6046760">
    <ele>582.7</ele>
    <time>2025-12-10T00:48:58Z</time>
   </trkpt>
   <trkpt lat="-33.4572030" lon="-70.6047240">
    <ele>582.6</ele>
    <time>2025-12-10T00:48:59Z</time>
   </trkpt>
   <trkpt lat="-33.4571980" lon="-70.6047400">
    <ele>582.6</ele>
    <time>2025-12-10T00:49:00Z</time>
   </trkpt>
   <trkpt lat="-33.4571900" lon="-70.6047890">
    <ele>582.5</ele>
    <time>2025-12-10T00:49:01Z</time>
   </trkpt>
   <trkpt lat="-33.4571870" lon="-70.6048090">
    <ele>582.5</ele>
    <time>2025-12-10T00:49:02Z</time>
   </trkpt>
   <trkpt lat="-33.4571790" lon="-70.6048550">
    <ele>582.5</ele>
    <time>2025-12-10T00:49:03Z</time>
   </trkpt>
   <trkpt lat="-33.4571780" lon="-70.6048700">
    <ele>582.4</ele>
    <time>2025-12-10T00:49:04Z</time>
   </trkpt>
   <trkpt lat="-33.4571670" lon="-70.6049110">
    <ele>582.4</ele>
    <time>2025-12-10T00:49:05Z</time>
   </trkpt>
   <trkpt lat="-33.4571650" lon="-70.6049280">
    <ele>582.4</ele>
    <time>2025-12-10T00:49:06Z</time>
   </trkpt>
   <trkpt lat="-33.4571670" lon="-70.6049710">
    <ele>582.4</ele>
    <time>2025-12-10T00:49:07Z</time>
   </trkpt>
   <trkpt lat="-33.4571680" lon="-70.6049840">
    <ele>582.3</ele>
    <time>2025-12-10T00:49:08Z</time>
   </trkpt>
   <trkpt lat="-33.4571590" lon="-70.6050300">
    <ele>582.3</ele>
    <time>2025-12-10T00:49:09Z</time>
   </trkpt>
   <trkpt lat="-33.4571550" lon="-70.6050450">
    <ele>582.3</ele>
    <time>2025-12-10T00:49:10Z</time>
   </trkpt>
   <trkpt lat="-33.4571470" lon="-70.6050770">
    <ele>582.3</ele>
    <time>2025-12-10T00:49:11Z</time>
   </trkpt>
   <trkpt lat="-33.4571360" lon="-70.6051070">
    <ele>582.3</ele>
    <time>2025-12-10T00:49:12Z</time>
   </trkpt>
   <trkpt lat="-33.4571250" lon="-70.6051260">
    <ele>582.3</ele>
    <time>2025-12-10T00:49:13Z</time>
   </trkpt>
   <trkpt lat="-33.4571120" lon="-70.6051320">
    <ele>582.3</ele>
    <time>2025-12-10T00:49:14Z</time>
   </trkpt>
   <trkpt lat="-33.4570950" lon="-70.6051350">
    <ele>582.3</ele>
    <time>2025-12-10T00:49:15Z</time>
   </trkpt>
   <trkpt lat="-33.4570830" lon="-70.6051360">
    <ele>582.3</ele>
    <time>2025-12-10T00:49:16Z</time>
   </trkpt>
   <trkpt lat="-33.4570720" lon="-70.6051380">
    <ele>582.3</ele>
    <time>2025-12-10T00:49:17Z</time>
   </trkpt>
   <trkpt lat="-33.4570410" lon="-70.6051400">
    <ele>582.3</ele>
    <time>2025-12-10T00:49:18Z</time>
   </trkpt>
   <trkpt lat="-33.4570310" lon="-70.6051410">
    <ele>582.3</ele>
    <time>2025-12-10T00:49:19Z</time>
   </trkpt>
   <trkpt lat="-33.4569990" lon="-70.6051420">
    <ele>582.3</ele>
    <time>2025-12-10T00:49:20Z</time>
   </trkpt>
   <trkpt lat="-33.4569910" lon="-70.6051420">
    <ele>582.3</ele>
    <time>2025-12-10T00:49:21Z</time>
   </trkpt>
   <trkpt lat="-33.4569600" lon="-70.6051320">
    <ele>582.3</ele>
    <time>2025-12-10T00:49:22Z</time>
   </trkpt>
   <trkpt lat="-33.4569480" lon="-70.6051270">
    <ele>582.3</ele>
    <time>2025-12-10T00:49:23Z</time>
   </trkpt>
   <trkpt lat="-33.4569310" lon="-70.6051260">
    <ele>582.3</ele>
    <time>2025-12-10T00:49:24Z</time>
   </trkpt>
   <trkpt lat="-33.4569160" lon="-70.6051360">
    <ele>582.3</ele>
    <time>2025-12-10T00:49:25Z</time>
   </trkpt>
   <trkpt lat="-33.4569060" lon="-70.6051350">
    <ele>582.3</ele>
    <time>2025-12-10T00:49:26Z</time>
   </trkpt>
   <trkpt lat="-33.4568970" lon="-70.6051270">
    <ele>582.3</ele>
    <time>2025-12-10T00:49:27Z</time>
   </trkpt>
   <trkpt lat="-33.4568890" lon="-70.6051260">
    <ele>582.3</ele>
    <time>2025-12-10T00:49:28Z</time>
   </trkpt>
   <trkpt lat="-33.4568850" lon="-70.6051350">
    <ele>582.3</ele>
    <time>2025-12-10T00:49:29Z</time>
   </trkpt>
   <trkpt lat="-33.4568840" lon="-70.6051380">
    <ele>582.3</ele>
    <time>2025-12-10T00:49:30Z</time>
   </trkpt>
   <trkpt lat="-33.4568790" lon="-70.6051390">
    <ele>582.3</ele>
    <time>2025-12-10T00:49:31Z</time>
   </trkpt>
   <trkpt lat="-33.4568760" lon="-70.6051420">
    <ele>582.3</ele>
    <time>2025-12-10T00:49:32Z</time>
   </trkpt>
   <trkpt lat="-33.4568730" lon="-70.6051420">
    <ele>582.3</ele>
    <time>2025-12-10T00:49:33Z</time>
   </trkpt>
   <trkpt lat="-33.4568690" lon="-70.6051390">
    <ele>582.3</ele>
    <time>2025-12-10T00:49:34Z</time>
   </trkpt>
   <trkpt lat="-33.4568590" lon="-70.6051440">
    <ele>582.3</ele>
    <time>2025-12-10T00:49:35Z</time>
   </trkpt>
   <trkpt lat="-33.4568500" lon="-70.6051410">
    <ele>582.3</ele>
    <time>2025-12-10T00:49:36Z</time>
   </trkpt>
   <trkpt lat="-33.4568300" lon="-70.6051110">
    <ele>582.3</ele>
    <time>2025-12-10T00:49:49Z</time>
   </trkpt>
   <trkpt lat="-33.4568390" lon="-70.6051040">
    <ele>582.3</ele>
    <time>2025-12-10T00:49:50Z</time>
   </trkpt>
   <trkpt lat="-33.4568350" lon="-70.6051010">
    <ele>582.3</ele>
    <time>2025-12-10T00:49:51Z</time>
   </trkpt>
   <trkpt lat="-33.4568290" lon="-70.6051020">
    <ele>582.3</ele>
    <time>2025-12-10T00:49:52Z</time>
   </trkpt>
   <trkpt lat="-33.4568290" lon="-70.6051020">
    <ele>582.3</ele>
    <time>2025-12-10T00:49:53Z</time>
   </trkpt>
   <trkpt lat="-33.4568280" lon="-70.6050950">
    <ele>582.3</ele>
    <time>2025-12-10T00:49:54Z</time>
   </trkpt>
   <trkpt lat="-33.4568310" lon="-70.6050850">
    <ele>582.3</ele>
    <time>2025-12-10T00:49:55Z</time>
   </trkpt>
   <trkpt lat="-33.4568310" lon="-70.6050820">
    <ele>582.3</ele>
    <time>2025-12-10T00:49:56Z</time>
   </trkpt>
   <trkpt lat="-33.4568270" lon="-70.6050910">
    <ele>582.3</ele>
    <time>2025-12-10T00:49:57Z</time>
   </trkpt>
   <trkpt lat="-33.4568260" lon="-70.6050870">
    <ele>582.3</ele>
    <time>2025-12-10T00:49:58Z</time>
   </trkpt>
   <trkpt lat="-33.4568140" lon="-70.6051110">
    <ele>582.3</ele>
    <time>2025-12-10T00:49:59Z</time>
   </trkpt>
  </trkseg>
 </trk>
</gpx>
