<?xml version="1.0" encoding="UTF-8"?>
<gpx xmlns:xsi="http://www.w3.org/2001/XMLSchema-instance" xsi:schemaLocation="http://www.topografix.com/GPX/1/1 http://www.topografix.com/GPX/1/1/gpx.xsd" creator="StravaGPX" version="1.1" xmlns="http://www.topografix.com/GPX/1/1">
 <metadata>
  <time>2025-12-03T12:21:07Z</time>
 </metadata>
 <trk>
  <name>Bici 9:00 am</name>
  <type>cycling</type>
  <trkseg>
   <trkpt lat="-33.4567340" lon="-70.6052420">
    <ele>582.4</ele>
    <time>2025-12-03T12:21:07Z</time>
   </trkpt>
   <trkpt lat="-33.4567310" lon="-70.6052390">
    <ele>582.4</ele>
    <time>2025-12-03T12:21:08Z</time>
   </trkpt>
   <trkpt lat="-33.4567280" lon="-70.6052360">
    <ele>582.4</ele>
    <time>2025-12-03T12:21:09Z</time>
   </trkpt>
   <trkpt lat="-33.4567250" lon="-70.6052330">
    <ele>582.4</ele>
    <time>2025-12-03T12:21:10Z</time>
   </trkpt>
   <trkpt lat="-33.4567230" lon="-70.6052300">
    <ele>582.4</ele>
    <time>2025-12-03T12:21:11Z</time>
   </trkpt>
   <trkpt lat="-33.4567200" lon="-70.6052270">
    <ele>582.4</ele>
    <time>2025-12-03T12:21:12Z</time>
   </trkpt>
   <trkpt lat="-33.4567170" lon="-70.6052240">
    <ele>582.4</ele>
    <time>2025-12-03T12:21:13Z</time>
   </trkpt>
   <trkpt lat="-33.4567140" lon="-70.6052210">
    <ele>582.5</ele>
    <time>2025-12-03T12:21:14Z</time>
   </trkpt>
   <trkpt lat="-33.4567110" lon="-70.6052180">
    <ele>582.5</ele>
    <time>2025-12-03T12:21:15Z</time>
   </trkpt>
   <trkpt lat="-33.4567080" lon="-70.6052150">
    <ele>582.5</ele>
    <time>2025-12-03T12:21:16Z</time>
   </trkpt>
   <trkpt lat="-33.4567050" lon="-70.6052120">
    <ele>582.5</ele>
    <time>2025-12-03T12:21:17Z</time>
   </trkpt>
   <trkpt lat="-33.4567030" lon="-70.6052090">
    <ele>582.5</ele>
    <time>2025-12-03T12:21:38Z</time>
   </trkpt>
   <trkpt lat="-33.4567000" lon="-70.6052060">
    <ele>582.5</ele>
    <time>2025-12-03T12:21:39Z</time>
   </trkpt>
   <trkpt lat="-33.4566970" lon="-70.6052030">
    <ele>582.5</ele>
    <time>2025-12-03T12:21:40Z</time>
   </trkpt>
   <trkpt lat="-33.4566940" lon="-70.6052000">
    <ele>582.5</ele>
    <time>2025-12-03T12:21:41Z</time>
   </trkpt>
   <trkpt lat="-33.4566910" lon="-70.6051970">
    <ele>582.5</ele>
    <time>2025-12-03T12:21:42Z</time>
   </trkpt>
   <trkpt lat="-33.4566880" lon="-70.6051940">
    <ele>582.5</ele>
    <time>2025-12-03T12:21:43Z</time>
   </trkpt>
   <trkpt lat="-33.4566850" lon="-70.6051910">
    <ele>582.5</ele>
    <time>2025-12-03T12:21:44Z</time>
   </trkpt>
   <trkpt lat="-33.4566820" lon="-70.6051880">
    <ele>582.5</ele>
    <time>2025-12-03T12:21:45Z</time>
   </trkpt>
   <trkpt lat="-33.4566800" lon="-70.6051850">
    <ele>582.5</ele>
    <time>2025-12-03T12:21:46Z</time>
   </trkpt>
   <trkpt lat="-33.4566770" lon="-70.6051820">
    <ele>582.5</ele>
    <time>2025-12-03T12:21:47Z</time>
   </trkpt>
   <trkpt lat="-33.4566740" lon="-70.6051790">
    <ele>582.5</ele>
    <time>2025-12-03T12:21:51Z</time>
   </trkpt>
   <trkpt lat="-33.4566710" lon="-70.6051760">
    <ele>582.5</ele>
    <time>2025-12-03T12:21:52Z</time>
   </trkpt>
   <trkpt lat="-33.4566470" lon="-70.6052010">
    <ele>582.6</ele>
    <time>2025-12-03T12:21:53Z</time>
   </trkpt>
   <trkpt lat="-33.4566390" lon="-70.6052080">
    <ele>582.6</ele>
    <time>2025-12-03T12:21:54Z</time>
   </trkpt>
   <trkpt lat="-33.4566150" lon="-70.6052300">
    <ele>582.6</ele>
    <time>2025-12-03T12:21:55Z</time>
   </trkpt>
   <trkpt lat="-33.4566070" lon="-70.6052370">
    <ele>582.6</ele>
    <time>2025-12-03T12:21:56Z</time>
   </trkpt>
   <trkpt lat="-33.4565920" lon="-70.6052420">
    <ele>582.7</ele>
    <time>2025-12-03T12:21:57Z</time>
   </trkpt>
   <trkpt lat="-33.4565730" lon="-70.6052480">
    <ele>582.7</ele>
    <time>2025-12-03T12:21:58Z</time>
   </trkpt>
   <trkpt lat="-33.4565460" lon="-70.6052310">
    <ele>582.7</ele>
    <time>2025-12-03T12:21:59Z</time>
   </trkpt>
   <trkpt lat="-33.4565330" lon="-70.6052300">
    <ele>582.8</ele>
    <time>2025-12-03T12:22:00Z</time>
   </trkpt>
   <trkpt lat="-33.4565170" lon="-70.6052320">
    <ele>582.8</ele>
    <time>2025-12-03T12:22:01Z</time>
   </trkpt>
   <trkpt lat="-33.4564980" lon="-70.6052320">
    <ele>582.8</ele>
    <time>2025-12-03T12:22:02Z</time>
   </trkpt>
   <trkpt lat="-33.4564700" lon="-70.6052330">
    <ele>582.9</ele>
    <time>2025-12-03T12:22:03Z</time>
   </trkpt>
   <trkpt lat="-33.4564570" lon="-70.6052280">
    <ele>582.9</ele>
    <time>2025-12-03T12:22:04Z</time>
   </trkpt>
   <trkpt lat="-33.4564380" lon="-70.6052260">
    <ele>582.9</ele>
    <time>2025-12-03T12:22:05Z</time>
   </trkpt>
   <trkpt lat="-33.4564240" lon="-70.6052240">
    <ele>583.0</ele>
    <time>2025-12-03T12:22:06Z</time>
   </trkpt>
   <trkpt lat="-33.4564050" lon="-70.6052180">
    <ele>583.0</ele>
    <time>2025-12-03T12:22:07Z</time>
   </trkpt>
   <trkpt lat="-33.4563960" lon="-70.6052120">
    <ele>583.0</ele>
    <time>2025-12-03T12:22:08Z</time>
   </trkpt>
   <trkpt lat="-33.4563870" lon="-70.6052070">
    <ele>583.1</ele>
    <time>2025-12-03T12:22:09Z</time>
   </trkpt>
   <trkpt lat="-33.4563720" lon="-70.6052010">
    <ele>583.1</ele>
    <time>2025-12-03T12:22:10Z</time>
   </trkpt>
   <trkpt lat="-33.4563520" lon="-70.6052040">
    <ele>583.1</ele>
    <time>2025-12-03T12:22:11Z</time>
   </trkpt>
   <trkpt lat="-33.4563160" lon="-70.6051970">
    <ele>583.2</ele>
    <time>2025-12-03T12:22:12Z</time>
   </trkpt>
   <trkpt lat="-33.4563020" lon="-70.6051970">
    <ele>583.2</ele>
    <time>2025-12-03T12:22:13Z</time>
   </trkpt>
   <trkpt lat="-33.4562710" lon="-70.6051910">
    <ele>583.3</ele>
    <time>2025-12-03T12:22:14Z</time>
   </trkpt>
   <trkpt lat="-33.4562610" lon="-70.6051890">
    <ele>583.3</ele>
    <time>2025-12-03T12:22:15Z</time>
   </trkpt>
   <trkpt lat="-33.4562460" lon="-70.6051940">
    <ele>583.4</ele>
    <time>2025-12-03T12:22:16Z</time>
   </trkpt>
   <trkpt lat="-33.4562290" lon="-70.6051990">
    <ele>583.4</ele>
    <time>2025-12-03T12:22:17Z</time>
   </trkpt>
   <trkpt lat="-33.4562010" lon="-70.6051990">
    <ele>583.4</ele>
    <time>2025-12-03T12:22:18Z</time>
   </trkpt>
   <trkpt lat="-33.4561900" lon="-70.6051960">
    <ele>583.5</ele>
    <time>2025-12-03T12:22:19Z</time>
   </trkpt>
   <trkpt lat="-33.4561700" lon="-70.6051890">
    <ele>583.5</ele>
    <time>2025-12-03T12:22:20Z</time>
   </trkpt>
   <trkpt lat="-33.4561550" lon="-70.6051920">
    <ele>583.5</ele>
    <time>2025-12-03T12:22:21Z</time>
   </trkpt>
   <trkpt lat="-33.4561330" lon="-70.6051890">
    <ele>583.6</ele>
    <time>2025-12-03T12:22:22Z</time>
   </trkpt>
   <trkpt lat="-33.4561250" lon="-70.6051790">
    <ele>583.6</ele>
    <time>2025-12-03T12:22:23Z</time>
   </trkpt>
   <trkpt lat="-33.4561050" lon="-70.6051860">
    <ele>583.6</ele>
    <time>2025-12-03T12:22:24Z</time>
   </trkpt>
   <trkpt lat="-33.4560890" lon="-70.6051830">
    <ele>583.7</ele>
    <time>2025-12-03T12:22:25Z</time>
   </trkpt>
   <trkpt lat="-33.4560620" lon="-70.6051790">
    <ele>583.7</ele>
    <time>2025-12-03T12:22:26Z</time>
   </trkpt>
   <trkpt lat="-33.4560290" lon="-70.6051720">
    <ele>583.8</ele>
    <time>2025-12-03T12:22:27Z</time>
   </trkpt>
   <trkpt lat="-33.4560190" lon="-70.6051690">
    <ele>583.8</ele>
    <time>2025-12-03T12:22:28Z</time>
   </trkpt>
   <trkpt lat="-33.4559990" lon="-70.6051610">
    <ele>583.8</ele>
    <time>2025-12-03T12:22:29Z</time>
   </trkpt>
   <trkpt lat="-33.4559850" lon="-70.6051560">
    <ele>583.9</ele>
    <time>2025-12-03T12:22:30Z</time>
   </trkpt>
   <trkpt lat="-33.4559490" lon="-70.6051510">
    <ele>583.9</ele>
    <time>2025-12-03T12:22:31Z</time>
   </trkpt>
   <trkpt lat="-33.4559380" lon="-70.6051490">
    <ele>584.0</ele>
    <time>2025-12-03T12:22:32Z</time>
   </trkpt>
   <trkpt lat="-33.4559170" lon="-70.6051470">
    <ele>584.0</ele>
    <time>2025-12-03T12:22:33Z</time>
   </trkpt>
   <trkpt lat="-33.4559030" lon="-70.6051480">
    <ele>584.0</ele>
    <time>2025-12-03T12:22:34Z</time>
   </trkpt>
   <trkpt lat="-33.4558880" lon="-70.6051420">
    <ele>584.0</ele>
    <time>2025-12-03T12:22:35Z</time>
   </trkpt>
   <trkpt lat="-33.4558690" lon="-70.6051330">
    <ele>584.1</ele>
    <time>2025-12-03T12:22:36Z</time>
   </trkpt>
   <trkpt lat="-33.4558520" lon="-70.6051260">
    <ele>584.1</ele>
    <time>2025-12-03T12:22:37Z</time>
   </trkpt>
   <trkpt lat="-33.4558370" lon="-70.6051220">
    <ele>584.1</ele>
    <time>2025-12-03T12:22:38Z</time>
   </trkpt>
   <trkpt lat="-33.4558220" lon="-70.6051180">
    <ele>584.1</ele>
    <time>2025-12-03T12:22:39Z</time>
   </trkpt>
   <trkpt lat="-33.4558030" lon="-70.6051160">
    <ele>584.1</ele>
    <time>2025-12-03T12:22:40Z</time>
   </trkpt>
   <trkpt lat="-33.4557820" lon="-70.6051120">
    <ele>584.2</ele>
    <time>2025-12-03T12:22:41Z</time>
   </trkpt>
   <trkpt lat="-33.4557740" lon="-70.6051080">
    <ele>584.2</ele>
    <time>2025-12-03T12:22:42Z</time>
   </trkpt>
   <trkpt lat="-33.4557650" lon="-70.6051040">
    <ele>584.2</ele>
    <time>2025-12-03T12:22:43Z</time>
   </trkpt>
   <trkpt lat="-33.4557500" lon="-70.6050900">
    <ele>584.2</ele>
    <time>2025-12-03T12:22:44Z</time>
   </trkpt>
   <trkpt lat="-33.4557400" lon="-70.6050810">
    <ele>584.2</ele>
    <time>2025-12-03T12:22:45Z</time>
   </trkpt>
   <trkpt lat="-33.4557270" lon="-70.6050610">
    <ele>584.2</ele>
    <time>2025-12-03T12:22:46Z</time>
   </trkpt>
   <trkpt lat="-33.4557240" lon="-70.6050510">
    <ele>584.2</ele>
    <time>2025-12-03T12:22:47Z</time>
   </trkpt>
   <trkpt lat="-33.4557210" lon="-70.6050420">
    <ele>584.2</ele>
    <time>2025-12-03T12:22:48Z</time>
   </trkpt>
   <trkpt lat="-33.4557250" lon="-70.6050290">
    <ele>584.2</ele>
    <time>2025-12-03T12:22:49Z</time>
   </trkpt>
   <trkpt lat="-33.4557300" lon="-70.6050090">
    <ele>584.2</ele>
    <time>2025-12-03T12:22:50Z</time>
   </trkpt>
   <trkpt lat="-33.4557330" lon="-70.6050010">
    <ele>584.2</ele>
    <time>2025-12-03T12:22:51Z</time>
   </trkpt>
   <trkpt lat="-33.4557370" lon="-70.6049910">
    <ele>584.2</ele>
    <time>2025-12-03T12:22:52Z</time>
   </trkpt>
   <trkpt lat="-33.4557450" lon="-70.6049710">
    <ele>584.2</ele>
    <time>2025-12-03T12:22:53Z</time>
   </trkpt>
   <trkpt lat="-33.4557460" lon="-70.6049340">
    <ele>584.2</ele>
    <time>2025-12-03T12:22:54Z</time>
   </trkpt>
   <trkpt lat="-33.4557440" lon="-70.6049210">
    <ele>584.2</ele>
    <time>2025-12-03T12:22:55Z</time>
   </trkpt>
   <trkpt lat="-33.4557430" lon="-70.6049070">
    <ele>584.2</ele>
    <time>2025-12-03T12:22:56Z</time>
   </trkpt>
   <trkpt lat="-33.4557420" lon="-70.6049000">
    <ele>584.2</ele>
    <time>2025-12-03T12:22:57Z</time>
   </trkpt>
   <trkpt lat="-33.4557440" lon="-70.6048720">
    <ele>584.2</ele>
    <time>2025-12-03T12:22:58Z</time>
   </trkpt>
   <trkpt lat="-33.4557480" lon="-70.6048640">
    <ele>584.2</ele>
    <time>2025-12-03T12:22:59Z</time>
   </trkpt>
   <trkpt lat="-33.4557520" lon="-70.6048370">
    <ele>584.2</ele>
    <time>2025-12-03T12:23:00Z</time>
   </trkpt>
   <trkpt lat="-33.4557540" lon="-70.6048280">
    <ele>584.2</ele>
    <time>2025-12-03T12:23:01Z</time>
   </trkpt>
   <trkpt lat="-33.4557570" lon="-70.6047970">
    <ele>584.2</ele>
    <time>2025-12-03T12:23:02Z</time>
   </trkpt>
   <trkpt lat="-33.4557610" lon="-70.6047850">
    <ele>584.2</ele>
    <time>2025-12-03T12:23:03Z</time>
   </trkpt>
   <trkpt lat="-33.4557670" lon="-70.6047570">
    <ele>584.2</ele>
    <time>2025-12-03T12:23:04Z</time>
   </trkpt>
   <trkpt lat="-33.4557710" lon="-70.6047130">
    <ele>584.2</ele>
    <time>2025-12-03T12:23:06Z</time>
   </trkpt>
   <trkpt lat="-33.4557730" lon="-70.6046660">
    <ele>584.2</ele>
    <time>2025-12-03T12:23:07Z</time>
   </trkpt>
   <trkpt lat="-33.4557650" lon="-70.6046140">
    <ele>584.2</ele>
    <time>2025-12-03T12:23:08Z</time>
   </trkpt>
   <trkpt lat="-33.4557580" lon="-70.6045800">
    <ele>584.2</ele>
    <time>2025-12-03T12:23:09Z</time>
   </trkpt>
   <trkpt lat="-33.4557520" lon="-70.6045550">
    <ele>584.2</ele>
    <time>2025-12-03T12:23:10Z</time>
   </trkpt>
   <trkpt lat="-33.4557590" lon="-70.6045380">
    <ele>584.3</ele>
    <time>2025-12-03T12:23:11Z</time>
   </trkpt>
   <trkpt lat="-33.4557670" lon="-70.6045070">
    <ele>584.3</ele>
    <time>2025-12-03T12:23:12Z</time>
   </trkpt>
   <trkpt lat="-33.4557670" lon="-70.6044740">
    <ele>584.3</ele>
    <time>2025-12-03T12:23:13Z</time>
   </trkpt>
   <trkpt lat="-33.4557670" lon="-70.6044390">
    <ele>584.3</ele>
    <time>2025-12-03T12:23:14Z</time>
   </trkpt>
   <trkpt lat="-33.4557670" lon="-70.6044220">
    <ele>584.3</ele>
    <time>2025-12-03T12:23:15Z</time>
   </trkpt>
   <trkpt lat="-33.4557640" lon="-70.6043820">
    <ele>584.4</ele>
    <time>2025-12-03T12:23:16Z</time>
   </trkpt>
   <trkpt lat="-33.4557750" lon="-70.6043430">
    <ele>584.4</ele>
    <time>2025-12-03T12:23:17Z</time>
   </trkpt>
   <trkpt lat="-33.4557860" lon="-70.6042950">
    <ele>584.4</ele>
    <time>2025-12-03T12:23:18Z</time>
   </trkpt>
   <trkpt lat="-33.4557900" lon="-70.6042750">
    <ele>584.4</ele>
    <time>2025-12-03T12:23:19Z</time>
   </trkpt>
   <trkpt lat="-33.4557940" lon="-70.6042350">
    <ele>584.4</ele>
    <time>2025-12-03T12:23:20Z</time>
   </trkpt>
   <trkpt lat="-33.4557900" lon="-70.6042010">
    <ele>584.4</ele>
    <time>2025-12-03T12:23:21Z</time>
   </trkpt>
   <trkpt lat="-33.4557940" lon="-70.6041660">
    <ele>584.5</ele>
    <time>2025-12-03T12:23:22Z</time>
   </trkpt>
   <trkpt lat="-33.4557970" lon="-70.6041190">
    <ele>584.5</ele>
    <time>2025-12-03T12:23:23Z</time>
   </trkpt>
   <trkpt lat="-33.4558010" lon="-70.6041020">
    <ele>584.5</ele>
    <time>2025-12-03T12:23:24Z</time>
   </trkpt>
   <trkpt lat="-33.4558050" lon="-70.6040620">
    <ele>584.5</ele>
    <time>2025-12-03T12:23:25Z</time>
   </trkpt>
   <trkpt lat="-33.4558060" lon="-70.6040460">
    <ele>584.5</ele>
    <time>2025-12-03T12:23:26Z</time>
   </trkpt>
   <trkpt lat="-33.4558120" lon="-70.6040100">
    <ele>584.6</ele>
    <time>2025-12-03T12:23:27Z</time>
   </trkpt>
   <trkpt lat="-33.4558120" lon="-70.6039700">
    <ele>584.6</ele>
    <time>2025-12-03T12:23:28Z</time>
   </trkpt>
   <trkpt lat="-33.4558150" lon="-70.6039550">
    <ele>584.6</ele>
    <time>2025-12-03T12:23:29Z</time>
   </trkpt>
   <trkpt lat="-33.4558240" lon="-70.6039200">
    <ele>584.6</ele>
    <time>2025-12-03T12:23:30Z</time>
   </trkpt>
   <trkpt lat="-33.4558310" lon="-70.6038810">
    <ele>584.7</ele>
    <time>2025-12-03T12:23:31Z</time>
   </trkpt>
   <trkpt lat="-33.4558340" lon="-70.6038680">
    <ele>584.7</ele>
    <time>2025-12-03T12:23:32Z</time>
   </trkpt>
   <trkpt lat="-33.4558300" lon="-70.6038260">
    <ele>584.7</ele>
    <time>2025-12-03T12:23:33Z</time>
   </trkpt>
   <trkpt lat="-33.4558280" lon="-70.6038110">
    <ele>584.7</ele>
    <time>2025-12-03T12:23:34Z</time>
   </trkpt>
   <trkpt lat="-33.4558280" lon="-70.6037650">
    <ele>584.8</ele>
    <time>2025-12-03T12:23:35Z</time>
   </trkpt>
   <trkpt lat="-33.4558280" lon="-70.6037430">
    <ele>584.8</ele>
    <time>2025-12-03T12:23:36Z</time>
   </trkpt>
   <trkpt lat="-33.4558390" lon="-70.6036970">
    <ele>584.8</ele>
    <time>2025-12-03T12:23:37Z</time>
   </trkpt>
   <trkpt lat="-33.4558520" lon="-70.6036490">
    <ele>584.9</ele>
    <time>2025-12-03T12:23:38Z</time>
   </trkpt>
   <trkpt lat="-33.4558600" lon="-70.6036040">
    <ele>584.9</ele>
    <time>2025-12-03T12:23:39Z</time>
   </trkpt>
   <trkpt lat="-33.4558640" lon="-70.6035610">
    <ele>585.0</ele>
    <time>2025-12-03T12:23:40Z</time>
   </trkpt>
   <trkpt lat="-33.4558690" lon="-70.6035270">
    <ele>585.0</ele>
    <time>2025-12-03T12:23:41Z</time>
   </trkpt>
   <trkpt lat="-33.4558690" lon="-70.6034800">
    <ele>585.0</ele>
    <time>2025-12-03T12:23:42Z</time>
   </trkpt>
   <trkpt lat="-33.4558680" lon="-70.6034630">
    <ele>585.1</ele>
    <time>2025-12-03T12:23:43Z</time>
   </trkpt>
   <trkpt lat="-33.4558690" lon="-70.6034220">
    <ele>585.1</ele>
    <time>2025-12-03T12:23:44Z</time>
   </trkpt>
   <trkpt lat="-33.4558710" lon="-70.6034120">
    <ele>585.1</ele>
    <time>2025-12-03T12:23:45Z</time>
   </trkpt>
   <trkpt lat="-33.4558760" lon="-70.6033730">
    <ele>585.2</ele>
    <time>2025-12-03T12:23:46Z</time>
   </trkpt>
   <trkpt lat="-33.4558780" lon="-70.6033570">
    <ele>585.2</ele>
    <time>2025-12-03T12:23:47Z</time>
   </trkpt>
   <trkpt lat="-33.4558830" lon="-70.6033080">
    <ele>585.2</ele>
    <time>2025-12-03T12:23:48Z</time>
   </trkpt>
   <trkpt lat="-33.4558850" lon="-70.6032900">
    <ele>585.3</ele>
    <time>2025-12-03T12:23:49Z</time>
   </trkpt>
   <trkpt lat="-33.4558950" lon="-70.6032500">
    <ele>585.3</ele>
    <time>2025-12-03T12:23:50Z</time>
   </trkpt>
   <trkpt lat="-33.4558970" lon="-70.6032370">
    <ele>585.3</ele>
    <time>2025-12-03T12:23:51Z</time>
   </trkpt>
   <trkpt lat="-33.4559040" lon="-70.6032040">
    <ele>585.4</ele>
    <time>2025-12-03T12:23:52Z</time>
   </trkpt>
   <trkpt lat="-33.4559010" lon="-70.6031920">
    <ele>585.4</ele>
    <time>2025-12-03T12:23:53Z</time>
   </trkpt>
   <trkpt lat="-33.4559090" lon="-70.6031540">
    <ele>585.5</ele>
    <time>2025-12-03T12:23:54Z</time>
   </trkpt>
   <trkpt lat="-33.4559120" lon="-70.6031370">
    <ele>585.5</ele>
    <time>2025-12-03T12:23:55Z</time>
   </trkpt>
   <trkpt lat="-33.4559180" lon="-70.6031000">
    <ele>585.5</ele>
    <time>2025-12-03T12:23:56Z</time>
   </trkpt>
   <trkpt lat="-33.4559170" lon="-70.6030780">
    <ele>585.6</ele>
    <time>2025-12-03T12:23:57Z</time>
   </trkpt>
   <trkpt lat="-33.4559120" lon="-70.6030610">
    <ele>585.6</ele>
    <time>2025-12-03T12:23:58Z</time>
   </trkpt>
   <trkpt lat="-33.4559150" lon="-70.6030450">
    <ele>585.6</ele>
    <time>2025-12-03T12:23:59Z</time>
   </trkpt>
   <trkpt lat="-33.4559180" lon="-70.6030270">
    <ele>585.6</ele>
    <time>2025-12-03T12:24:00Z</time>
   </trkpt>
   <trkpt lat="-33.4559250" lon="-70.6029910">
    <ele>585.7</ele>
    <time>2025-12-03T12:24:01Z</time>
   </trkpt>
   <trkpt lat="-33.4559270" lon="-70.6029780">
    <ele>585.7</ele>
    <time>2025-12-03T12:24:02Z</time>
   </trkpt>
   <trkpt lat="-33.4559280" lon="-70.6029550">
    <ele>585.7</ele>
    <time>2025-12-03T12:24:03Z</time>
   </trkpt>
   <trkpt lat="-33.4559320" lon="-70.6029420">
    <ele>585.8</ele>
    <time>2025-12-03T12:24:04Z</time>
   </trkpt>
   <trkpt lat="-33.4559350" lon="-70.6029290">
    <ele>585.8</ele>
    <time>2025-12-03T12:24:05Z</time>
   </trkpt>
   <trkpt lat="-33.4559360" lon="-70.6029160">
    <ele>585.8</ele>
    <time>2025-12-03T12:24:06Z</time>
   </trkpt>
   <trkpt lat="-33.4559360" lon="-70.6029110">
    <ele>585.8</ele>
    <time>2025-12-03T12:24:07Z</time>
   </trkpt>
   <trkpt lat="-33.4559370" lon="-70.6029030">
    <ele>585.8</ele>
    <time>2025-12-03T12:24:08Z</time>
   </trkpt>
   <trkpt lat="-33.4559350" lon="-70.6028960">
    <ele>585.8</ele>
    <time>2025-12-03T12:24:09Z</time>
   </trkpt>
   <trkpt lat="-33.4559310" lon="-70.6028900">
    <ele>585.8</ele>
    <time>2025-12-03T12:24:10Z</time>
   </trkpt>
   <trkpt lat="-33.4559300" lon="-70.6028790">
    <ele>585.9</ele>
    <time>2025-12-03T12:24:11Z</time>
   </trkpt>
   <trkpt lat="-33.4559230" lon="-70.6028720">
    <ele>585.9</ele>
    <time>2025-12-03T12:24:12Z</time>
   </trkpt>
   <trkpt lat="-33.4559220" lon="-70.6028660">
    <ele>585.9</ele>
    <time>2025-12-03T12:24:13Z</time>
   </trkpt>
   <trkpt lat="-33.4559120" lon="-70.6028380">
    <ele>585.9</ele>
    <time>2025-12-03T12:24:14Z</time>
   </trkpt>
   <trkpt lat="-33.4559030" lon="-70.6028110">
    <ele>586.0</ele>
    <time>2025-12-03T12:24:30Z</time>
   </trkpt>
   <trkpt lat="-33.4558950" lon="-70.6027840">
    <ele>586.0</ele>
    <time>2025-12-03T12:24:31Z</time>
   </trkpt>
   <trkpt lat="-33.4558860" lon="-70.6027570">
    <ele>586.1</ele>
    <time>2025-12-03T12:24:32Z</time>
   </trkpt>
   <trkpt lat="-33.4558890" lon="-70.6027210">
    <ele>586.1</ele>
    <time>2025-12-03T12:24:33Z</time>
   </trkpt>
   <trkpt lat="-33.4558900" lon="-70.6027100">
    <ele>586.1</ele>
    <time>2025-12-03T12:24:34Z</time>
   </trkpt>
   <trkpt lat="-33.4559030" lon="-70.6026730">
    <ele>586.1</ele>
    <time>2025-12-03T12:24:35Z</time>
   </trkpt>
   <trkpt lat="-33.4559080" lon="-70.6026420">
    <ele>586.1</ele>
    <time>2025-12-03T12:24:36Z</time>
   </trkpt>
   <trkpt lat="-33.4559100" lon="-70.6026260">
    <ele>586.1</ele>
    <time>2025-12-03T12:24:37Z</time>
   </trkpt>
   <trkpt lat="-33.4559210" lon="-70.6025860">
    <ele>586.1</ele>
    <time>2025-12-03T12:24:38Z</time>
   </trkpt>
   <trkpt lat="-33.4559240" lon="-70.6025690">
    <ele>586.1</ele>
    <time>2025-12-03T12:24:39Z</time>
   </trkpt>
   <trkpt lat="-33.4559300" lon="-70.6025340">
    <ele>586.1</ele>
    <time>2025-12-03T12:24:40Z</time>
   </trkpt>
   <trkpt lat="-33.4559490" lon="-70.6024980">
    <ele>586.1</ele>
    <time>2025-12-03T12:24:41Z</time>
   </trkpt>
   <trkpt lat="-33.4559530" lon="-70.6024850">
    <ele>586.1</ele>
    <time>2025-12-03T12:24:42Z</time>
   </trkpt>
   <trkpt lat="-33.4559450" lon="-70.6024480">
    <ele>586.1</ele>
    <time>2025-12-03T12:24:43Z</time>
   </trkpt>
   <trkpt lat="-33.4559520" lon="-70.6024070">
    <ele>586.1</ele>
    <time>2025-12-03T12:24:44Z</time>
   </trkpt>
   <trkpt lat="-33.4559550" lon="-70.6023920">
    <ele>586.1</ele>
    <time>2025-12-03T12:24:45Z</time>
   </trkpt>
   <trkpt lat="-33.4559650" lon="-70.6023470">
    <ele>586.1</ele>
    <time>2025-12-03T12:24:46Z</time>
   </trkpt>
   <trkpt lat="-33.4559680" lon="-70.6023290">
    <ele>586.1</ele>
    <time>2025-12-03T12:24:47Z</time>
   </trkpt>
   <trkpt lat="-33.4559620" lon="-70.6023110">
    <ele>586.1</ele>
    <time>2025-12-03T12:24:48Z</time>
   </trkpt>
   <trkpt lat="-33.4559600" lon="-70.6022950">
    <ele>586.1</ele>
    <time>2025-12-03T12:24:49Z</time>
   </trkpt>
   <trkpt lat="-33.4559630" lon="-70.6022540">
    <ele>586.1</ele>
    <time>2025-12-03T12:24:50Z</time>
   </trkpt>
   <trkpt lat="-33.4559630" lon="-70.6022410">
    <ele>586.1</ele>
    <time>2025-12-03T12:24:51Z</time>
   </trkpt>
   <trkpt lat="-33.4559650" lon="-70.6022070">
    <ele>586.1</ele>
    <time>2025-12-03T12:24:52Z</time>
   </trkpt>
   <trkpt lat="-33.4559670" lon="-70.6021710">
    <ele>586.2</ele>
    <time>2025-12-03T12:24:53Z</time>
   </trkpt>
   <trkpt lat="-33.4559690" lon="-70.6021250">
    <ele>586.2</ele>
    <time>2025-12-03T12:24:54Z</time>
   </trkpt>
   <trkpt lat="-33.4559720" lon="-70.6021090">
    <ele>586.2</ele>
    <time>2025-12-03T12:24:55Z</time>
   </trkpt>
   <trkpt lat="-33.4559780" lon="-70.6020630">
    <ele>586.2</ele>
    <time>2025-12-03T12:24:56Z</time>
   </trkpt>
   <trkpt lat="-33.4559810" lon="-70.6020480">
    <ele>586.3</ele>
    <time>2025-12-03T12:24:57Z</time>
   </trkpt>
   <trkpt lat="-33.4559820" lon="-70.6020070">
    <ele>586.3</ele>
    <time>2025-12-03T12:24:58Z</time>
   </trkpt>
   <trkpt lat="-33.4559830" lon="-70.6019900">
    <ele>586.3</ele>
    <time>2025-12-03T12:24:59Z</time>
   </trkpt>
   <trkpt lat="-33.4559900" lon="-70.6019410">
    <ele>586.3</ele>
    <time>2025-12-03T12:25:00Z</time>
   </trkpt>
   <trkpt lat="-33.4559930" lon="-70.6019230">
    <ele>586.4</ele>
    <time>2025-12-03T12:25:01Z</time>
   </trkpt>
   <trkpt lat="-33.4560020" lon="-70.6018800">
    <ele>586.4</ele>
    <time>2025-12-03T12:25:02Z</time>
   </trkpt>
   <trkpt lat="-33.4560040" lon="-70.6018660">
    <ele>586.4</ele>
    <time>2025-12-03T12:25:03Z</time>
   </trkpt>
   <trkpt lat="-33.4560130" lon="-70.6018300">
    <ele>586.4</ele>
    <time>2025-12-03T12:25:04Z</time>
   </trkpt>
   <trkpt lat="-33.4560160" lon="-70.6018200">
    <ele>586.5</ele>
    <time>2025-12-03T12:25:05Z</time>
   </trkpt>
   <trkpt lat="-33.4560200" lon="-70.6018050">
    <ele>586.5</ele>
    <time>2025-12-03T12:25:06Z</time>
   </trkpt>
   <trkpt lat="-33.4560210" lon="-70.6017820">
    <ele>586.5</ele>
    <time>2025-12-03T12:25:07Z</time>
   </trkpt>
   <trkpt lat="-33.4560240" lon="-70.6017400">
    <ele>586.5</ele>
    <time>2025-12-03T12:25:08Z</time>
   </trkpt>
   <trkpt lat="-33.4560270" lon="-70.6017230">
    <ele>586.6</ele>
    <time>2025-12-03T12:25:09Z</time>
   </trkpt>
   <trkpt lat="-33.4560350" lon="-70.6016900">
    <ele>586.6</ele>
    <time>2025-12-03T12:25:10Z</time>
   </trkpt>
   <trkpt lat="-33.4560430" lon="-70.6016580">
    <ele>586.6</ele>
    <time>2025-12-03T12:25:11Z</time>
   </trkpt>
   <trkpt lat="-33.4560510" lon="-70.6016190">
    <ele>586.7</ele>
    <time>2025-12-03T12:25:12Z</time>
   </trkpt>
   <trkpt lat="-33.4560510" lon="-70.6015760">
    <ele>586.7</ele>
    <time>2025-12-03T12:25:13Z</time>
   </trkpt>
   <trkpt lat="-33.4560550" lon="-70.6015430">
    <ele>586.8</ele>
    <time>2025-12-03T12:25:14Z</time>
   </trkpt>
   <trkpt lat="-33.4560640" lon="-70.6015120">
    <ele>586.8</ele>
    <time>2025-12-03T12:25:15Z</time>
   </trkpt>
   <trkpt lat="-33.4560730" lon="-70.6014690">
    <ele>586.9</ele>
    <time>2025-12-03T12:25:16Z</time>
   </trkpt>
   <trkpt lat="-33.4560750" lon="-70.6014550">
    <ele>586.9</ele>
    <time>2025-12-03T12:25:17Z</time>
   </trkpt>
   <trkpt lat="-33.4560690" lon="-70.6014160">
    <ele>586.9</ele>
    <time>2025-12-03T12:25:18Z</time>
   </trkpt>
   <trkpt lat="-33.4560650" lon="-70.6014020">
    <ele>587.0</ele>
    <time>2025-12-03T12:25:19Z</time>
   </trkpt>
   <trkpt lat="-33.4560730" lon="-70.6013610">
    <ele>587.0</ele>
    <time>2025-12-03T12:25:20Z</time>
   </trkpt>
   <trkpt lat="-33.4560770" lon="-70.6013480">
    <ele>587.0</ele>
    <time>2025-12-03T12:25:21Z</time>
   </trkpt>
   <trkpt lat="-33.4560930" lon="-70.6013120">
    <ele>587.0</ele>
    <time>2025-12-03T12:25:22Z</time>
   </trkpt>
   <trkpt lat="-33.4560980" lon="-70.6012960">
    <ele>587.1</ele>
    <time>2025-12-03T12:25:23Z</time>
   </trkpt>
   <trkpt lat="-33.4561070" lon="-70.6012500">
    <ele>587.1</ele>
    <time>2025-12-03T12:25:24Z</time>
   </trkpt>
   <trkpt lat="-33.4561090" lon="-70.6012340">
    <ele>587.1</ele>
    <time>2025-12-03T12:25:25Z</time>
   </trkpt>
   <trkpt lat="-33.4561090" lon="-70.6011980">
    <ele>587.2</ele>
    <time>2025-12-03T12:25:26Z</time>
   </trkpt>
   <trkpt lat="-33.4561120" lon="-70.6011840">
    <ele>587.2</ele>
    <time>2025-12-03T12:25:27Z</time>
   </trkpt>
   <trkpt lat="-33.4561190" lon="-70.6011520">
    <ele>587.2</ele>
    <time>2025-12-03T12:25:28Z</time>
   </trkpt>
   <trkpt lat="-33.4561310" lon="-70.6011160">
    <ele>587.2</ele>
    <time>2025-12-03T12:25:29Z</time>
   </trkpt>
   <trkpt lat="-33.4561360" lon="-70.6011040">
    <ele>587.2</ele>
    <time>2025-12-03T12:25:30Z</time>
   </trkpt>
   <trkpt lat="-33.4561410" lon="-70.6010850">
    <ele>587.3</ele>
    <time>2025-12-03T12:25:31Z</time>
   </trkpt>
   <trkpt lat="-33.4561470" lon="-70.6010670">
    <ele>587.3</ele>
    <time>2025-12-03T12:25:32Z</time>
   </trkpt>
   <trkpt lat="-33.4561420" lon="-70.6010500">
    <ele>587.3</ele>
    <time>2025-12-03T12:25:33Z</time>
   </trkpt>
   <trkpt lat="-33.4561450" lon="-70.6010340">
    <ele>587.3</ele>
    <time>2025-12-03T12:25:34Z</time>
   </trkpt>
   <trkpt lat="-33.4561470" lon="-70.6010180">
    <ele>587.3</ele>
    <time>2025-12-03T12:25:35Z</time>
   </trkpt>
   <trkpt lat="-33.4561420" lon="-70.6009950">
    <ele>587.3</ele>
    <time>2025-12-03T12:25:36Z</time>
   </trkpt>
   <trkpt lat="-33.4561420" lon="-70.6009820">
    <ele>587.4</ele>
    <time>2025-12-03T12:25:37Z</time>
   </trkpt>
   <trkpt lat="-33.4561410" lon="-70.6009680">
    <ele>587.4</ele>
    <time>2025-12-03T12:25:38Z</time>
   </trkpt>
   <trkpt lat="-33.4561520" lon="-70.6009370">
    <ele>587.4</ele>
    <time>2025-12-03T12:25:39Z</time>
   </trkpt>
   <trkpt lat="-33.4561560" lon="-70.6009260">
    <ele>587.4</ele>
    <time>2025-12-03T12:25:40Z</time>
   </trkpt>
   <trkpt lat="-33.4561640" lon="-70.6008910">
    <ele>587.5</ele>
    <time>2025-12-03T12:25:41Z</time>
   </trkpt>
   <trkpt lat="-33.4561640" lon="-70.6008830">
    <ele>587.5</ele>
    <time>2025-12-03T12:25:42Z</time>
   </trkpt>
   <trkpt lat="-33.4561630" lon="-70.6008580">
    <ele>587.5</ele>
    <time>2025-12-03T12:25:43Z</time>
   </trkpt>
   <trkpt lat="-33.4561610" lon="-70.6008430">
    <ele>587.5</ele>
    <time>2025-12-03T12:25:44Z</time>
   </trkpt>
   <trkpt lat="-33.4561530" lon="-70.6008230">
    <ele>587.5</ele>
    <time>2025-12-03T12:25:45Z</time>
   </trkpt>
   <trkpt lat="-33.4561530" lon="-70.6008100">
    <ele>587.6</ele>
    <time>2025-12-03T12:25:46Z</time>
   </trkpt>
   <trkpt lat="-33.4561520" lon="-70.6007950">
    <ele>587.6</ele>
    <time>2025-12-03T12:25:47Z</time>
   </trkpt>
   <trkpt lat="-33.4561540" lon="-70.6007730">
    <ele>587.6</ele>
    <time>2025-12-03T12:25:48Z</time>
   </trkpt>
   <trkpt lat="-33.4561570" lon="-70.6007600">
    <ele>587.6</ele>
    <time>2025-12-03T12:25:49Z</time>
   </trkpt>
   <trkpt lat="-33.4561700" lon="-70.6007340">
    <ele>587.7</ele>
    <time>2025-12-03T12:25:50Z</time>
   </trkpt>
   <trkpt lat="-33.4561860" lon="-70.6006960">
    <ele>587.7</ele>
    <time>2025-12-03T12:25:51Z</time>
   </trkpt>
   <trkpt lat="-33.4561880" lon="-70.6006860">
    <ele>587.7</ele>
    <time>2025-12-03T12:25:52Z</time>
   </trkpt>
   <trkpt lat="-33.4561930" lon="-70.6006530">
    <ele>587.8</ele>
    <time>2025-12-03T12:25:53Z</time>
   </trkpt>
   <trkpt lat="-33.4561940" lon="-70.6006120">
    <ele>587.8</ele>
    <time>2025-12-03T12:25:54Z</time>
   </trkpt>
   <trkpt lat="-33.4562070" lon="-70.6005810">
    <ele>587.8</ele>
    <time>2025-12-03T12:25:55Z</time>
   </trkpt>
   <trkpt lat="-33.4562180" lon="-70.6005480">
    <ele>587.9</ele>
    <time>2025-12-03T12:25:56Z</time>
   </trkpt>
   <trkpt lat="-33.4562230" lon="-70.6005370">
    <ele>587.9</ele>
    <time>2025-12-03T12:25:57Z</time>
   </trkpt>
   <trkpt lat="-33.4562360" lon="-70.6005250">
    <ele>587.9</ele>
    <time>2025-12-03T12:25:58Z</time>
   </trkpt>
   <trkpt lat="-33.4562370" lon="-70.6005090">
    <ele>587.9</ele>
    <time>2025-12-03T12:25:59Z</time>
   </trkpt>
   <trkpt lat="-33.4562420" lon="-70.6004870">
    <ele>587.9</ele>
    <time>2025-12-03T12:26:00Z</time>
   </trkpt>
   <trkpt lat="-33.4562440" lon="-70.6004710">
    <ele>587.9</ele>
    <time>2025-12-03T12:26:01Z</time>
   </trkpt>
   <trkpt lat="-33.4562500" lon="-70.6004320">
    <ele>588.0</ele>
    <time>2025-12-03T12:26:02Z</time>
   </trkpt>
   <trkpt lat="-33.4562520" lon="-70.6004120">
    <ele>588.0</ele>
    <time>2025-12-03T12:26:03Z</time>
   </trkpt>
   <trkpt lat="-33.4562580" lon="-70.6003780">
    <ele>588.0</ele>
    <time>2025-12-03T12:26:04Z</time>
   </trkpt>
   <trkpt lat="-33.4562610" lon="-70.6003580">
    <ele>588.1</ele>
    <time>2025-12-03T12:26:05Z</time>
   </trkpt>
   <trkpt lat="-33.4562640" lon="-70.6003500">
    <ele>588.1</ele>
    <time>2025-12-03T12:26:06Z</time>
   </trkpt>
   <trkpt lat="-33.4562700" lon="-70.6003170">
    <ele>588.1</ele>
    <time>2025-12-03T12:26:07Z</time>
   </trkpt>
   <trkpt lat="-33.4562690" lon="-70.6002860">
    <ele>588.1</ele>
    <time>2025-12-03T12:26:08Z</time>
   </trkpt>
   <trkpt lat="-33.4562710" lon="-70.6002790">
    <ele>588.2</ele>
    <time>2025-12-03T12:26:09Z</time>
   </trkpt>
   <trkpt lat="-33.4562760" lon="-70.6002460">
    <ele>588.2</ele>
    <time>2025-12-03T12:26:10Z</time>
   </trkpt>
   <trkpt lat="-33.4562860" lon="-70.6002110">
    <ele>588.2</ele>
    <time>2025-12-03T12:26:11Z</time>
   </trkpt>
   <trkpt lat="-33.4562880" lon="-70.6001950">
    <ele>588.3</ele>
    <time>2025-12-03T12:26:12Z</time>
   </trkpt>
   <trkpt lat="-33.4562940" lon="-70.6001520">
    <ele>588.3</ele>
    <time>2025-12-03T12:26:13Z</time>
   </trkpt>
   <trkpt lat="-33.4563030" lon="-70.6001090">
    <ele>588.4</ele>
    <time>2025-12-03T12:26:14Z</time>
   </trkpt>
   <trkpt lat="-33.4563050" lon="-70.6000950">
    <ele>588.4</ele>
    <time>2025-12-03T12:26:15Z</time>
   </trkpt>
   <trkpt lat="-33.4563100" lon="-70.6000570">
    <ele>588.4</ele>
    <time>2025-12-03T12:26:16Z</time>
   </trkpt>
   <trkpt lat="-33.4563110" lon="-70.6000400">
    <ele>588.5</ele>
    <time>2025-12-03T12:26:17Z</time>
   </trkpt>
   <trkpt lat="-33.4563140" lon="-70.6000020">
    <ele>588.5</ele>
    <time>2025-12-03T12:26:18Z</time>
   </trkpt>
   <trkpt lat="-33.4563170" lon="-70.5999580">
    <ele>588.6</ele>
    <time>2025-12-03T12:26:19Z</time>
   </trkpt>
   <trkpt lat="-33.4563190" lon="-70.5999370">
    <ele>588.6</ele>
    <time>2025-12-03T12:26:20Z</time>
   </trkpt>
   <trkpt lat="-33.4563220" lon="-70.5999100">
    <ele>588.6</ele>
    <time>2025-12-03T12:26:21Z</time>
   </trkpt>
   <trkpt lat="-33.4563240" lon="-70.5999020">
    <ele>588.6</ele>
    <time>2025-12-03T12:26:22Z</time>
   </trkpt>
   <trkpt lat="-33.4563300" lon="-70.5998650">
    <ele>588.7</ele>
    <time>2025-12-03T12:26:23Z</time>
   </trkpt>
   <trkpt lat="-33.4563320" lon="-70.5998500">
    <ele>588.7</ele>
    <time>2025-12-03T12:26:24Z</time>
   </trkpt>
   <trkpt lat="-33.4563250" lon="-70.5998390">
    <ele>588.7</ele>
    <time>2025-12-03T12:26:25Z</time>
   </trkpt>
   <trkpt lat="-33.4563370" lon="-70.5998140">
    <ele>588.7</ele>
    <time>2025-12-03T12:26:26Z</time>
   </trkpt>
   <trkpt lat="-33.4563370" lon="-70.5997890">
    <ele>588.8</ele>
    <time>2025-12-03T12:26:27Z</time>
   </trkpt>
   <trkpt lat="-33.4563400" lon="-70.5997710">
    <ele>588.8</ele>
    <time>2025-12-03T12:26:28Z</time>
   </trkpt>
   <trkpt lat="-33.4563430" lon="-70.5997530">
    <ele>588.9</ele>
    <time>2025-12-03T12:26:29Z</time>
   </trkpt>
   <trkpt lat="-33.4563530" lon="-70.5997200">
    <ele>588.9</ele>
    <time>2025-12-03T12:26:30Z</time>
   </trkpt>
   <trkpt lat="-33.4563570" lon="-70.5997070">
    <ele>589.0</ele>
    <time>2025-12-03T12:26:31Z</time>
   </trkpt>
   <trkpt lat="-33.4563640" lon="-70.5996860">
    <ele>589.0</ele>
    <time>2025-12-03T12:26:32Z</time>
   </trkpt>
   <trkpt lat="-33.4563690" lon="-70.5996680">
    <ele>589.0</ele>
    <time>2025-12-03T12:26:33Z</time>
   </trkpt>
   <trkpt lat="-33.4563770" lon="-70.5996230">
    <ele>589.0</ele>
    <time>2025-12-03T12:26:34Z</time>
   </trkpt>
   <trkpt lat="-33.4563790" lon="-70.5996060">
    <ele>589.0</ele>
    <time>2025-12-03T12:26:35Z</time>
   </trkpt>
   <trkpt lat="-33.4563860" lon="-70.5995620">
    <ele>589.0</ele>
    <time>2025-12-03T12:26:36Z</time>
   </trkpt>
   <trkpt lat="-33.4563850" lon="-70.5995480">
    <ele>589.0</ele>
    <time>2025-12-03T12:26:37Z</time>
   </trkpt>
   <trkpt lat="-33.4563950" lon="-70.5995120">
    <ele>589.0</ele>
    <time>2025-12-03T12:26:38Z</time>
   </trkpt>
   <trkpt lat="-33.4564010" lon="-70.5994800">
    <ele>589.0</ele>
    <time>2025-12-03T12:26:39Z</time>
   </trkpt>
   <trkpt lat="-33.4564050" lon="-70.5994440">
    <ele>589.0</ele>
    <time>2025-12-03T12:26:40Z</time>
   </trkpt>
   <trkpt lat="-33.4564050" lon="-70.5994330">
    <ele>589.0</ele>
    <time>2025-12-03T12:26:41Z</time>
   </trkpt>
   <trkpt lat="-33.4564150" lon="-70.5994020">
    <ele>589.0</ele>
    <time>2025-12-03T12:26:42Z</time>
   </trkpt>
   <trkpt lat="-33.4564160" lon="-70.5993900">
    <ele>589.0</ele>
    <time>2025-12-03T12:26:43Z</time>
   </trkpt>
   <trkpt lat="-33.4564230" lon="-70.5993470">
    <ele>589.0</ele>
    <time>2025-12-03T12:26:44Z</time>
   </trkpt>
   <trkpt lat="-33.4564260" lon="-70.5993350">
    <ele>589.0</ele>
    <time>2025-12-03T12:26:45Z</time>
   </trkpt>
   <trkpt lat="-33.4564280" lon="-70.5993010">
    <ele>589.0</ele>
    <time>2025-12-03T12:26:46Z</time>
   </trkpt>
   <trkpt lat="-33.4564310" lon="-70.5992890">
    <ele>589.0</ele>
    <time>2025-12-03T12:26:47Z</time>
   </trkpt>
   <trkpt lat="-33.4564410" lon="-70.5992580">
    <ele>589.0</ele>
    <time>2025-12-03T12:26:48Z</time>
   </trkpt>
   <trkpt lat="-33.4564460" lon="-70.5992490">
    <ele>589.1</ele>
    <time>2025-12-03T12:26:49Z</time>
   </trkpt>
   <trkpt lat="-33.4564480" lon="-70.5992070">
    <ele>589.1</ele>
    <time>2025-12-03T12:26:50Z</time>
   </trkpt>
   <trkpt lat="-33.4564460" lon="-70.5991930">
    <ele>589.1</ele>
    <time>2025-12-03T12:26:51Z</time>
   </trkpt>
   <trkpt lat="-33.4564480" lon="-70.5991600">
    <ele>589.1</ele>
    <time>2025-12-03T12:26:52Z</time>
   </trkpt>
   <trkpt lat="-33.4564490" lon="-70.5991490">
    <ele>589.1</ele>
    <time>2025-12-03T12:26:53Z</time>
   </trkpt>
   <trkpt lat="-33.4564490" lon="-70.5991120">
    <ele>589.1</ele>
    <time>2025-12-03T12:26:54Z</time>
   </trkpt>
   <trkpt lat="-33.4564470" lon="-70.5990990">
    <ele>589.2</ele>
    <time>2025-12-03T12:26:55Z</time>
   </trkpt>
   <trkpt lat="-33.4564530" lon="-70.5990540">
    <ele>589.2</ele>
    <time>2025-12-03T12:26:56Z</time>
   </trkpt>
   <trkpt lat="-33.4564560" lon="-70.5990380">
    <ele>589.2</ele>
    <time>2025-12-03T12:26:57Z</time>
   </trkpt>
   <trkpt lat="-33.4564650" lon="-70.5989980">
    <ele>589.2</ele>
    <time>2025-12-03T12:26:58Z</time>
   </trkpt>
   <trkpt lat="-33.4564770" lon="-70.5989590">
    <ele>589.3</ele>
    <time>2025-12-03T12:26:59Z</time>
   </trkpt>
   <trkpt lat="-33.4564920" lon="-70.5989170">
    <ele>589.3</ele>
    <time>2025-12-03T12:27:00Z</time>
   </trkpt>
   <trkpt lat="-33.4564990" lon="-70.5989040">
    <ele>589.3</ele>
    <time>2025-12-03T12:27:01Z</time>
   </trkpt>
   <trkpt lat="-33.4565070" lon="-70.5988900">
    <ele>589.3</ele>
    <time>2025-12-03T12:27:02Z</time>
   </trkpt>
   <trkpt lat="-33.4565100" lon="-70.5988730">
    <ele>589.3</ele>
    <time>2025-12-03T12:27:03Z</time>
   </trkpt>
   <trkpt lat="-33.4565100" lon="-70.5988620">
    <ele>589.3</ele>
    <time>2025-12-03T12:27:04Z</time>
   </trkpt>
   <trkpt lat="-33.4565150" lon="-70.5988310">
    <ele>589.4</ele>
    <time>2025-12-03T12:27:05Z</time>
   </trkpt>
   <trkpt lat="-33.4565200" lon="-70.5988130">
    <ele>589.4</ele>
    <time>2025-12-03T12:27:06Z</time>
   </trkpt>
   <trkpt lat="-33.4565260" lon="-70.5987970">
    <ele>589.4</ele>
    <time>2025-12-03T12:27:07Z</time>
   </trkpt>
   <trkpt lat="-33.4565250" lon="-70.5987790">
    <ele>589.4</ele>
    <time>2025-12-03T12:27:08Z</time>
   </trkpt>
   <trkpt lat="-33.4565220" lon="-70.5987540">
    <ele>589.4</ele>
    <time>2025-12-03T12:27:09Z</time>
   </trkpt>
   <trkpt lat="-33.4565380" lon="-70.5987080">
    <ele>589.5</ele>
    <time>2025-12-03T12:27:10Z</time>
   </trkpt>
   <trkpt lat="-33.4565370" lon="-70.5986830">
    <ele>589.5</ele>
    <time>2025-12-03T12:27:11Z</time>
   </trkpt>
   <trkpt lat="-33.4565370" lon="-70.5986670">
    <ele>589.5</ele>
    <time>2025-12-03T12:27:12Z</time>
   </trkpt>
   <trkpt lat="-33.4565390" lon="-70.5986310">
    <ele>589.5</ele>
    <time>2025-12-03T12:27:13Z</time>
   </trkpt>
   <trkpt lat="-33.4565400" lon="-70.5986140">
    <ele>589.5</ele>
    <time>2025-12-03T12:27:14Z</time>
   </trkpt>
   <trkpt lat="-33.4565450" lon="-70.5985800">
    <ele>589.6</ele>
    <time>2025-12-03T12:27:15Z</time>
   </trkpt>
   <trkpt lat="-33.4565470" lon="-70.5985690">
    <ele>589.6</ele>
    <time>2025-12-03T12:27:16Z</time>
   </trkpt>
   <trkpt lat="-33.4565530" lon="-70.5985490">
    <ele>589.6</ele>
    <time>2025-12-03T12:27:17Z</time>
   </trkpt>
   <trkpt lat="-33.4565570" lon="-70.5985290">
    <ele>589.6</ele>
    <time>2025-12-03T12:27:18Z</time>
   </trkpt>
   <trkpt lat="-33.4565620" lon="-70.5985160">
    <ele>589.6</ele>
    <time>2025-12-03T12:27:19Z</time>
   </trkpt>
   <trkpt lat="-33.4565640" lon="-70.5984980">
    <ele>589.6</ele>
    <time>2025-12-03T12:27:20Z</time>
   </trkpt>
   <trkpt lat="-33.4565730" lon="-70.5984640">
    <ele>589.7</ele>
    <time>2025-12-03T12:27:21Z</time>
   </trkpt>
   <trkpt lat="-33.4565760" lon="-70.5984260">
    <ele>589.7</ele>
    <time>2025-12-03T12:27:22Z</time>
   </trkpt>
   <trkpt lat="-33.4565790" lon="-70.5984150">
    <ele>589.8</ele>
    <time>2025-12-03T12:27:23Z</time>
   </trkpt>
   <trkpt lat="-33.4565880" lon="-70.5983720">
    <ele>589.8</ele>
    <time>2025-12-03T12:27:24Z</time>
   </trkpt>
   <trkpt lat="-33.4565910" lon="-70.5983580">
    <ele>589.8</ele>
    <time>2025-12-03T12:27:25Z</time>
   </trkpt>
   <trkpt lat="-33.4565970" lon="-70.5983180">
    <ele>589.9</ele>
    <time>2025-12-03T12:27:26Z</time>
   </trkpt>
   <trkpt lat="-33.4566060" lon="-70.5982770">
    <ele>590.0</ele>
    <time>2025-12-03T12:27:27Z</time>
   </trkpt>
   <trkpt lat="-33.4566090" lon="-70.5982640">
    <ele>590.0</ele>
    <time>2025-12-03T12:27:28Z</time>
   </trkpt>
   <trkpt lat="-33.4566170" lon="-70.5982300">
    <ele>590.1</ele>
    <time>2025-12-03T12:27:29Z</time>
   </trkpt>
   <trkpt lat="-33.4566170" lon="-70.5982200">
    <ele>590.1</ele>
    <time>2025-12-03T12:27:30Z</time>
   </trkpt>
   <trkpt lat="-33.4566250" lon="-70.5982010">
    <ele>590.1</ele>
    <time>2025-12-03T12:27:31Z</time>
   </trkpt>
   <trkpt lat="-33.4566280" lon="-70.5981870">
    <ele>590.1</ele>
    <time>2025-12-03T12:27:32Z</time>
   </trkpt>
   <trkpt lat="-33.4566330" lon="-70.5981480">
    <ele>590.2</ele>
    <time>2025-12-03T12:27:33Z</time>
   </trkpt>
   <trkpt lat="-33.4566350" lon="-70.5981380">
    <ele>590.2</ele>
    <time>2025-12-03T12:27:34Z</time>
   </trkpt>
   <trkpt lat="-33.4566430" lon="-70.5981200">
    <ele>590.3</ele>
    <time>2025-12-03T12:27:35Z</time>
   </trkpt>
   <trkpt lat="-33.4566460" lon="-70.5981090">
    <ele>590.3</ele>
    <time>2025-12-03T12:27:36Z</time>
   </trkpt>
   <trkpt lat="-33.4566490" lon="-70.5981000">
    <ele>590.3</ele>
    <time>2025-12-03T12:27:37Z</time>
   </trkpt>
   <trkpt lat="-33.4566550" lon="-70.5980900">
    <ele>590.3</ele>
    <time>2025-12-03T12:27:38Z</time>
   </trkpt>
   <trkpt lat="-33.4566550" lon="-70.5980840">
    <ele>590.4</ele>
    <time>2025-12-03T12:27:39Z</time>
   </trkpt>
   <trkpt lat="-33.4566540" lon="-70.5980820">
    <ele>590.4</ele>
    <time>2025-12-03T12:27:40Z</time>
   </trkpt>
   <trkpt lat="-33.4566540" lon="-70.5980820">
    <ele>590.4</ele>
    <time>2025-12-03T12:27:41Z</time>
   </trkpt>
   <trkpt lat="-33.4566540" lon="-70.5980820">
    <ele>590.4</ele>
    <time>2025-12-03T12:27:42Z</time>
   </trkpt>
   <trkpt lat="-33.4566540" lon="-70.5980820">
    <ele>590.4</ele>
    <time>2025-12-03T12:27:43Z</time>
   </trkpt>
   <trkpt lat="-33.4566540" lon="-70.5980820">
    <ele>590.4</ele>
    <time>2025-12-03T12:27:44Z</time>
   </trkpt>
   <trkpt lat="-33.4566550" lon="-70.5980620">
    <ele>590.4</ele>
    <time>2025-12-03T12:27:45Z</time>
   </trkpt>
   <trkpt lat="-33.4566570" lon="-70.5980430">
    <ele>590.4</ele>
    <time>2025-12-03T12:27:46Z</time>
   </trkpt>
   <trkpt lat="-33.4566590" lon="-70.5980240">
    <ele>590.5</ele>
    <time>2025-12-03T12:27:47Z</time>
   </trkpt>
   <trkpt lat="-33.4566620" lon="-70.5980060">
    <ele>590.5</ele>
    <time>2025-12-03T12:27:49Z</time>
   </trkpt>
   <trkpt lat="-33.4566640" lon="-70.5979870">
    <ele>590.5</ele>
    <time>2025-12-03T12:27:50Z</time>
   </trkpt>
   <trkpt lat="-33.4566660" lon="-70.5979690">
    <ele>590.5</ele>
    <time>2025-12-03T12:27:51Z</time>
   </trkpt>
   <trkpt lat="-33.4566670" lon="-70.5979410">
    <ele>590.5</ele>
    <time>2025-12-03T12:27:52Z</time>
   </trkpt>
   <trkpt lat="-33.4566740" lon="-70.5979280">
    <ele>590.5</ele>
    <time>2025-12-03T12:27:53Z</time>
   </trkpt>
   <trkpt lat="-33.4566790" lon="-70.5979030">
    <ele>590.6</ele>
    <time>2025-12-03T12:27:54Z</time>
   </trkpt>
   <trkpt lat="-33.4566790" lon="-70.5978930">
    <ele>590.6</ele>
    <time>2025-12-03T12:27:55Z</time>
   </trkpt>
   <trkpt lat="-33.4566800" lon="-70.5978840">
    <ele>590.6</ele>
    <time>2025-12-03T12:27:56Z</time>
   </trkpt>
   <trkpt lat="-33.4566820" lon="-70.5978660">
    <ele>590.7</ele>
    <time>2025-12-03T12:27:57Z</time>
   </trkpt>
   <trkpt lat="-33.4566860" lon="-70.5978520">
    <ele>590.7</ele>
    <time>2025-12-03T12:27:58Z</time>
   </trkpt>
   <trkpt lat="-33.4566910" lon="-70.5978360">
    <ele>590.7</ele>
    <time>2025-12-03T12:27:59Z</time>
   </trkpt>
   <trkpt lat="-33.4566950" lon="-70.5978190">
    <ele>590.7</ele>
    <time>2025-12-03T12:28:00Z</time>
   </trkpt>
   <trkpt lat="-33.4567020" lon="-70.5977960">
    <ele>590.8</ele>
    <time>2025-12-03T12:28:01Z</time>
   </trkpt>
   <trkpt lat="-33.4567030" lon="-70.5977810">
    <ele>590.8</ele>
    <time>2025-12-03T12:28:02Z</time>
   </trkpt>
   <trkpt lat="-33.4567090" lon="-70.5977690">
    <ele>590.8</ele>
    <time>2025-12-03T12:28:03Z</time>
   </trkpt>
   <trkpt lat="-33.4567100" lon="-70.5977550">
    <ele>590.8</ele>
    <time>2025-12-03T12:28:04Z</time>
   </trkpt>
   <trkpt lat="-33.4567120" lon="-70.5977500">
    <ele>590.8</ele>
    <time>2025-12-03T12:28:05Z</time>
   </trkpt>
   <trkpt lat="-33.4567150" lon="-70.5977330">
    <ele>590.8</ele>
    <time>2025-12-03T12:28:06Z</time>
   </trkpt>
   <trkpt lat="-33.4567160" lon="-70.5977180">
    <ele>590.8</ele>
    <time>2025-12-03T12:28:07Z</time>
   </trkpt>
   <trkpt lat="-33.4567180" lon="-70.5977040">
    <ele>590.8</ele>
    <time>2025-12-03T12:28:08Z</time>
   </trkpt>
   <trkpt lat="-33.4567220" lon="-70.5976690">
    <ele>590.8</ele>
    <time>2025-12-03T12:28:09Z</time>
   </trkpt>
   <trkpt lat="-33.4567220" lon="-70.5976560">
    <ele>590.8</ele>
    <time>2025-12-03T12:28:10Z</time>
   </trkpt>
   <trkpt lat="-33.4567200" lon="-70.5976350">
    <ele>590.8</ele>
    <time>2025-12-03T12:28:11Z</time>
   </trkpt>
   <trkpt lat="-33.4567200" lon="-70.5976130">
    <ele>590.8</ele>
    <time>2025-12-03T12:28:12Z</time>
   </trkpt>
   <trkpt lat="-33.4567220" lon="-70.5975730">
    <ele>590.9</ele>
    <time>2025-12-03T12:28:13Z</time>
   </trkpt>
   <trkpt lat="-33.4567240" lon="-70.5975560">
    <ele>590.9</ele>
    <time>2025-12-03T12:28:14Z</time>
   </trkpt>
   <trkpt lat="-33.4567230" lon="-70.5975080">
    <ele>590.9</ele>
    <time>2025-12-03T12:28:15Z</time>
   </trkpt>
   <trkpt lat="-33.4567250" lon="-70.5974900">
    <ele>590.9</ele>
    <time>2025-12-03T12:28:16Z</time>
   </trkpt>
   <trkpt lat="-33.4567290" lon="-70.5974560">
    <ele>591.0</ele>
    <time>2025-12-03T12:28:17Z</time>
   </trkpt>
   <trkpt lat="-33.4567330" lon="-70.5974440">
    <ele>591.0</ele>
    <time>2025-12-03T12:28:18Z</time>
   </trkpt>
   <trkpt lat="-33.4567320" lon="-70.5974290">
    <ele>591.0</ele>
    <time>2025-12-03T12:28:19Z</time>
   </trkpt>
   <trkpt lat="-33.4567310" lon="-70.5974130">
    <ele>591.0</ele>
    <time>2025-12-03T12:28:20Z</time>
   </trkpt>
   <trkpt lat="-33.4567320" lon="-70.5974010">
    <ele>591.0</ele>
    <time>2025-12-03T12:28:21Z</time>
   </trkpt>
   <trkpt lat="-33.4567320" lon="-70.5973740">
    <ele>591.0</ele>
    <time>2025-12-03T12:28:22Z</time>
   </trkpt>
   <trkpt lat="-33.4567320" lon="-70.5973650">
    <ele>591.1</ele>
    <time>2025-12-03T12:28:23Z</time>
   </trkpt>
   <trkpt lat="-33.4567320" lon="-70.5973560">
    <ele>591.1</ele>
    <time>2025-12-03T12:28:24Z</time>
   </trkpt>
   <trkpt lat="-33.4567260" lon="-70.5973410">
    <ele>591.1</ele>
    <time>2025-12-03T12:28:25Z</time>
   </trkpt>
   <trkpt lat="-33.4567240" lon="-70.5973340">
    <ele>591.1</ele>
    <time>2025-12-03T12:28:26Z</time>
   </trkpt>
   <trkpt lat="-33.4567230" lon="-70.5973260">
    <ele>591.1</ele>
    <time>2025-12-03T12:28:27Z</time>
   </trkpt>
   <trkpt lat="-33.4567210" lon="-70.5973180">
    <ele>591.1</ele>
    <time>2025-12-03T12:28:28Z</time>
   </trkpt>
   <trkpt lat="-33.4567200" lon="-70.5973110">
    <ele>591.1</ele>
    <time>2025-12-03T12:28:29Z</time>
   </trkpt>
   <trkpt lat="-33.4567190" lon="-70.5973030">
    <ele>591.1</ele>
    <time>2025-12-03T12:28:30Z</time>
   </trkpt>
   <trkpt lat="-33.4567170" lon="-70.5972950">
    <ele>591.1</ele>
    <time>2025-12-03T12:28:31Z</time>
   </trkpt>
   <trkpt lat="-33.4567160" lon="-70.5972870">
    <ele>591.1</ele>
    <time>2025-12-03T12:28:32Z</time>
   </trkpt>
   <trkpt lat="-33.4567150" lon="-70.5972800">
    <ele>591.1</ele>
    <time>2025-12-03T12:28:33Z</time>
   </trkpt>
   <trkpt lat="-33.4567130" lon="-70.5972720">
    <ele>591.2</ele>
    <time>2025-12-03T12:28:34Z</time>
   </trkpt>
   <trkpt lat="-33.4567120" lon="-70.5972640">
    <ele>591.2</ele>
    <time>2025-12-03T12:29:06Z</time>
   </trkpt>
   <trkpt lat="-33.4567100" lon="-70.5972570">
    <ele>591.2</ele>
    <time>2025-12-03T12:29:07Z</time>
   </trkpt>
   <trkpt lat="-33.4567090" lon="-70.5972490">
    <ele>591.2</ele>
    <time>2025-12-03T12:29:08Z</time>
   </trkpt>
   <trkpt lat="-33.4567080" lon="-70.5972360">
    <ele>591.2</ele>
    <time>2025-12-03T12:29:09Z</time>
   </trkpt>
   <trkpt lat="-33.4567070" lon="-70.5972270">
    <ele>591.2</ele>
    <time>2025-12-03T12:29:10Z</time>
   </trkpt>
   <trkpt lat="-33.4567060" lon="-70.5972170">
    <ele>591.2</ele>
    <time>2025-12-03T12:29:11Z</time>
   </trkpt>
   <trkpt lat="-33.4567040" lon="-70.5972080">
    <ele>591.2</ele>
    <time>2025-12-03T12:29:12Z</time>
   </trkpt>
   <trkpt lat="-33.4567030" lon="-70.5971980">
    <ele>591.2</ele>
    <time>2025-12-03T12:29:13Z</time>
   </trkpt>
   <trkpt lat="-33.4567020" lon="-70.5971880">
    <ele>591.2</ele>
    <time>2025-12-03T12:29:14Z</time>
   </trkpt>
   <trkpt lat="-33.4567010" lon="-70.5971790">
    <ele>591.3</ele>
    <time>2025-12-03T12:29:15Z</time>
   </trkpt>
   <trkpt lat="-33.4567000" lon="-70.5971690">
    <ele>591.3</ele>
    <time>2025-12-03T12:29:16Z</time>
   </trkpt>
   <trkpt lat="-33.4566990" lon="-70.5971600">
    <ele>591.3</ele>
    <time>2025-12-03T12:29:17Z</time>
   </trkpt>
   <trkpt lat="-33.4566970" lon="-70.5971500">
    <ele>591.3</ele>
    <time>2025-12-03T12:29:38Z</time>
   </trkpt>
   <trkpt lat="-33.4566960" lon="-70.5971410">
    <ele>591.3</ele>
    <time>2025-12-03T12:29:39Z</time>
   </trkpt>
   <trkpt lat="-33.4566950" lon="-70.5971310">
    <ele>591.3</ele>
    <time>2025-12-03T12:29:40Z</time>
   </trkpt>
   <trkpt lat="-33.4566970" lon="-70.5971210">
    <ele>591.3</ele>
    <time>2025-12-03T12:29:41Z</time>
   </trkpt>
   <trkpt lat="-33.4567010" lon="-70.5970920">
    <ele>591.3</ele>
    <time>2025-12-03T12:29:42Z</time>
   </trkpt>
   <trkpt lat="-33.4567080" lon="-70.5970460">
    <ele>591.4</ele>
    <time>2025-12-03T12:29:43Z</time>
   </trkpt>
   <trkpt lat="-33.4567100" lon="-70.5970310">
    <ele>591.4</ele>
    <time>2025-12-03T12:29:44Z</time>
   </trkpt>
   <trkpt lat="-33.4567110" lon="-70.5970000">
    <ele>591.4</ele>
    <time>2025-12-03T12:29:45Z</time>
   </trkpt>
   <trkpt lat="-33.4567120" lon="-70.5969850">
    <ele>591.5</ele>
    <time>2025-12-03T12:29:46Z</time>
   </trkpt>
   <trkpt lat="-33.4567140" lon="-70.5969490">
    <ele>591.5</ele>
    <time>2025-12-03T12:29:47Z</time>
   </trkpt>
   <trkpt lat="-33.4567140" lon="-70.5969160">
    <ele>591.5</ele>
    <time>2025-12-03T12:29:48Z</time>
   </trkpt>
   <trkpt lat="-33.4567120" lon="-70.5968710">
    <ele>591.6</ele>
    <time>2025-12-03T12:29:49Z</time>
   </trkpt>
   <trkpt lat="-33.4567120" lon="-70.5968570">
    <ele>591.6</ele>
    <time>2025-12-03T12:29:50Z</time>
   </trkpt>
   <trkpt lat="-33.4567140" lon="-70.5968150">
    <ele>591.7</ele>
    <time>2025-12-03T12:29:51Z</time>
   </trkpt>
   <trkpt lat="-33.4567150" lon="-70.5968040">
    <ele>591.7</ele>
    <time>2025-12-03T12:29:52Z</time>
   </trkpt>
   <trkpt lat="-33.4567210" lon="-70.5967670">
    <ele>591.7</ele>
    <time>2025-12-03T12:29:53Z</time>
   </trkpt>
   <trkpt lat="-33.4567230" lon="-70.5967330">
    <ele>591.7</ele>
    <time>2025-12-03T12:29:54Z</time>
   </trkpt>
   <trkpt lat="-33.4567230" lon="-70.5966970">
    <ele>591.8</ele>
    <time>2025-12-03T12:29:55Z</time>
   </trkpt>
   <trkpt lat="-33.4567270" lon="-70.5966630">
    <ele>591.8</ele>
    <time>2025-12-03T12:29:56Z</time>
   </trkpt>
   <trkpt lat="-33.4567290" lon="-70.5966460">
    <ele>591.8</ele>
    <time>2025-12-03T12:29:57Z</time>
   </trkpt>
   <trkpt lat="-33.4567290" lon="-70.5966030">
    <ele>591.9</ele>
    <time>2025-12-03T12:29:58Z</time>
   </trkpt>
   <trkpt lat="-33.4567280" lon="-70.5965910">
    <ele>591.9</ele>
    <time>2025-12-03T12:29:59Z</time>
   </trkpt>
   <trkpt lat="-33.4567290" lon="-70.5965510">
    <ele>592.0</ele>
    <time>2025-12-03T12:30:00Z</time>
   </trkpt>
   <trkpt lat="-33.4567270" lon="-70.5965340">
    <ele>592.0</ele>
    <time>2025-12-03T12:30:01Z</time>
   </trkpt>
   <trkpt lat="-33.4567290" lon="-70.5964970">
    <ele>592.0</ele>
    <time>2025-12-03T12:30:02Z</time>
   </trkpt>
   <trkpt lat="-33.4567320" lon="-70.5964500">
    <ele>592.1</ele>
    <time>2025-12-03T12:30:03Z</time>
   </trkpt>
   <trkpt lat="-33.4567320" lon="-70.5964320">
    <ele>592.1</ele>
    <time>2025-12-03T12:30:04Z</time>
   </trkpt>
   <trkpt lat="-33.4567330" lon="-70.5963870">
    <ele>592.2</ele>
    <time>2025-12-03T12:30:05Z</time>
   </trkpt>
   <trkpt lat="-33.4567320" lon="-70.5963690">
    <ele>592.2</ele>
    <time>2025-12-03T12:30:06Z</time>
   </trkpt>
   <trkpt lat="-33.4567380" lon="-70.5963250">
    <ele>592.2</ele>
    <time>2025-12-03T12:30:07Z</time>
   </trkpt>
   <trkpt lat="-33.4567400" lon="-70.5963090">
    <ele>592.3</ele>
    <time>2025-12-03T12:30:08Z</time>
   </trkpt>
   <trkpt lat="-33.4567410" lon="-70.5962640">
    <ele>592.3</ele>
    <time>2025-12-03T12:30:09Z</time>
   </trkpt>
   <trkpt lat="-33.4567400" lon="-70.5962510">
    <ele>592.3</ele>
    <time>2025-12-03T12:30:10Z</time>
   </trkpt>
   <trkpt lat="-33.4567430" lon="-70.5962100">
    <ele>592.4</ele>
    <time>2025-12-03T12:30:11Z</time>
   </trkpt>
   <trkpt lat="-33.4567440" lon="-70.5961970">
    <ele>592.4</ele>
    <time>2025-12-03T12:30:12Z</time>
   </trkpt>
   <trkpt lat="-33.4567440" lon="-70.5961780">
    <ele>592.4</ele>
    <time>2025-12-03T12:30:13Z</time>
   </trkpt>
   <trkpt lat="-33.4567420" lon="-70.5961630">
    <ele>592.4</ele>
    <time>2025-12-03T12:30:14Z</time>
   </trkpt>
   <trkpt lat="-33.4567580" lon="-70.5961360">
    <ele>592.5</ele>
    <time>2025-12-03T12:30:15Z</time>
   </trkpt>
   <trkpt lat="-33.4567610" lon="-70.5961220">
    <ele>592.5</ele>
    <time>2025-12-03T12:30:16Z</time>
   </trkpt>
   <trkpt lat="-33.4567610" lon="-70.5960970">
    <ele>592.5</ele>
    <time>2025-12-03T12:30:17Z</time>
   </trkpt>
   <trkpt lat="-33.4567640" lon="-70.5960820">
    <ele>592.5</ele>
    <time>2025-12-03T12:30:18Z</time>
   </trkpt>
   <trkpt lat="-33.4567660" lon="-70.5960680">
    <ele>592.6</ele>
    <time>2025-12-03T12:30:19Z</time>
   </trkpt>
   <trkpt lat="-33.4567680" lon="-70.5960240">
    <ele>592.6</ele>
    <time>2025-12-03T12:30:20Z</time>
   </trkpt>
   <trkpt lat="-33.4567650" lon="-70.5960090">
    <ele>592.6</ele>
    <time>2025-12-03T12:30:21Z</time>
   </trkpt>
   <trkpt lat="-33.4567620" lon="-70.5959900">
    <ele>592.6</ele>
    <time>2025-12-03T12:30:22Z</time>
   </trkpt>
   <trkpt lat="-33.4567630" lon="-70.5959760">
    <ele>592.7</ele>
    <time>2025-12-03T12:30:23Z</time>
   </trkpt>
   <trkpt lat="-33.4567700" lon="-70.5959380">
    <ele>592.7</ele>
    <time>2025-12-03T12:30:24Z</time>
   </trkpt>
   <trkpt lat="-33.4567710" lon="-70.5959230">
    <ele>592.8</ele>
    <time>2025-12-03T12:30:25Z</time>
   </trkpt>
   <trkpt lat="-33.4567660" lon="-70.5959180">
    <ele>592.8</ele>
    <time>2025-12-03T12:30:26Z</time>
   </trkpt>
   <trkpt lat="-33.4567580" lon="-70.5959010">
    <ele>592.8</ele>
    <time>2025-12-03T12:30:27Z</time>
   </trkpt>
   <trkpt lat="-33.4567520" lon="-70.5958650">
    <ele>592.8</ele>
    <time>2025-12-03T12:30:28Z</time>
   </trkpt>
   <trkpt lat="-33.4567510" lon="-70.5958520">
    <ele>592.9</ele>
    <time>2025-12-03T12:30:29Z</time>
   </trkpt>
   <trkpt lat="-33.4567580" lon="-70.5958110">
    <ele>592.9</ele>
    <time>2025-12-03T12:30:30Z</time>
   </trkpt>
   <trkpt lat="-33.4567600" lon="-70.5957950">
    <ele>592.9</ele>
    <time>2025-12-03T12:30:31Z</time>
   </trkpt>
   <trkpt lat="-33.4567580" lon="-70.5957520">
    <ele>593.0</ele>
    <time>2025-12-03T12:30:32Z</time>
   </trkpt>
   <trkpt lat="-33.4567590" lon="-70.5957400">
    <ele>593.0</ele>
    <time>2025-12-03T12:30:33Z</time>
   </trkpt>
   <trkpt lat="-33.4567650" lon="-70.5956990">
    <ele>593.0</ele>
    <time>2025-12-03T12:30:34Z</time>
   </trkpt>
   <trkpt lat="-33.4567660" lon="-70.5956860">
    <ele>593.0</ele>
    <time>2025-12-03T12:30:35Z</time>
   </trkpt>
   <trkpt lat="-33.4567710" lon="-70.5956400">
    <ele>593.1</ele>
    <time>2025-12-03T12:30:36Z</time>
   </trkpt>
   <trkpt lat="-33.4567750" lon="-70.5956250">
    <ele>593.1</ele>
    <time>2025-12-03T12:30:37Z</time>
   </trkpt>
   <trkpt lat="-33.4567780" lon="-70.5955900">
    <ele>593.1</ele>
    <time>2025-12-03T12:30:38Z</time>
   </trkpt>
   <trkpt lat="-33.4567860" lon="-70.5955540">
    <ele>593.1</ele>
    <time>2025-12-03T12:30:39Z</time>
   </trkpt>
   <trkpt lat="-33.4567890" lon="-70.5955450">
    <ele>593.2</ele>
    <time>2025-12-03T12:30:40Z</time>
   </trkpt>
   <trkpt lat="-33.4567950" lon="-70.5955230">
    <ele>593.2</ele>
    <time>2025-12-03T12:30:41Z</time>
   </trkpt>
   <trkpt lat="-33.4568010" lon="-70.5955110">
    <ele>593.2</ele>
    <time>2025-12-03T12:30:42Z</time>
   </trkpt>
   <trkpt lat="-33.4568040" lon="-70.5954930">
    <ele>593.2</ele>
    <time>2025-12-03T12:30:43Z</time>
   </trkpt>
   <trkpt lat="-33.4568030" lon="-70.5954760">
    <ele>593.2</ele>
    <time>2025-12-03T12:30:44Z</time>
   </trkpt>
   <trkpt lat="-33.4567980" lon="-70.5954410">
    <ele>593.3</ele>
    <time>2025-12-03T12:30:45Z</time>
   </trkpt>
   <trkpt lat="-33.4568010" lon="-70.5953970">
    <ele>593.3</ele>
    <time>2025-12-03T12:30:46Z</time>
   </trkpt>
   <trkpt lat="-33.4568030" lon="-70.5953820">
    <ele>593.3</ele>
    <time>2025-12-03T12:30:47Z</time>
   </trkpt>
   <trkpt lat="-33.4568070" lon="-70.5953330">
    <ele>593.4</ele>
    <time>2025-12-03T12:30:48Z</time>
   </trkpt>
   <trkpt lat="-33.4568050" lon="-70.5952950">
    <ele>593.4</ele>
    <time>2025-12-03T12:30:49Z</time>
   </trkpt>
   <trkpt lat="-33.4568000" lon="-70.5952580">
    <ele>593.5</ele>
    <time>2025-12-03T12:30:50Z</time>
   </trkpt>
   <trkpt lat="-33.4567940" lon="-70.5952180">
    <ele>593.5</ele>
    <time>2025-12-03T12:30:51Z</time>
   </trkpt>
   <trkpt lat="-33.4568000" lon="-70.5951810">
    <ele>593.5</ele>
    <time>2025-12-03T12:30:52Z</time>
   </trkpt>
   <trkpt lat="-33.4567970" lon="-70.5951350">
    <ele>593.6</ele>
    <time>2025-12-03T12:30:53Z</time>
   </trkpt>
   <trkpt lat="-33.4568010" lon="-70.5951020">
    <ele>593.6</ele>
    <time>2025-12-03T12:30:54Z</time>
   </trkpt>
   <trkpt lat="-33.4568110" lon="-70.5950590">
    <ele>593.7</ele>
    <time>2025-12-03T12:30:55Z</time>
   </trkpt>
   <trkpt lat="-33.4568150" lon="-70.5950450">
    <ele>593.7</ele>
    <time>2025-12-03T12:30:56Z</time>
   </trkpt>
   <trkpt lat="-33.4568190" lon="-70.5950060">
    <ele>593.7</ele>
    <time>2025-12-03T12:30:57Z</time>
   </trkpt>
   <trkpt lat="-33.4568220" lon="-70.5949710">
    <ele>593.7</ele>
    <time>2025-12-03T12:30:58Z</time>
   </trkpt>
   <trkpt lat="-33.4568340" lon="-70.5949270">
    <ele>593.8</ele>
    <time>2025-12-03T12:30:59Z</time>
   </trkpt>
   <trkpt lat="-33.4568370" lon="-70.5949110">
    <ele>593.8</ele>
    <time>2025-12-03T12:31:00Z</time>
   </trkpt>
   <trkpt lat="-33.4568390" lon="-70.5948680">
    <ele>593.8</ele>
    <time>2025-12-03T12:31:01Z</time>
   </trkpt>
   <trkpt lat="-33.4568400" lon="-70.5948550">
    <ele>593.9</ele>
    <time>2025-12-03T12:31:02Z</time>
   </trkpt>
   <trkpt lat="-33.4568520" lon="-70.5948080">
    <ele>593.9</ele>
    <time>2025-12-03T12:31:03Z</time>
   </trkpt>
   <trkpt lat="-33.4568620" lon="-70.5947670">
    <ele>593.9</ele>
    <time>2025-12-03T12:31:04Z</time>
   </trkpt>
   <trkpt lat="-33.4568660" lon="-70.5947330">
    <ele>594.0</ele>
    <time>2025-12-03T12:31:05Z</time>
   </trkpt>
   <trkpt lat="-33.4568600" lon="-70.5946920">
    <ele>594.0</ele>
    <time>2025-12-03T12:31:06Z</time>
   </trkpt>
   <trkpt lat="-33.4568590" lon="-70.5946780">
    <ele>594.0</ele>
    <time>2025-12-03T12:31:07Z</time>
   </trkpt>
   <trkpt lat="-33.4568600" lon="-70.5946350">
    <ele>594.1</ele>
    <time>2025-12-03T12:31:08Z</time>
   </trkpt>
   <trkpt lat="-33.4568630" lon="-70.5946160">
    <ele>594.1</ele>
    <time>2025-12-03T12:31:09Z</time>
   </trkpt>
   <trkpt lat="-33.4568690" lon="-70.5945770">
    <ele>594.1</ele>
    <time>2025-12-03T12:31:10Z</time>
   </trkpt>
   <trkpt lat="-33.4568710" lon="-70.5945420">
    <ele>594.1</ele>
    <time>2025-12-03T12:31:11Z</time>
   </trkpt>
   <trkpt lat="-33.4568670" lon="-70.5945080">
    <ele>594.2</ele>
    <time>2025-12-03T12:31:12Z</time>
   </trkpt>
   <trkpt lat="-33.4568670" lon="-70.5944870">
    <ele>594.2</ele>
    <time>2025-12-03T12:31:13Z</time>
   </trkpt>
   <trkpt lat="-33.4568700" lon="-70.5944720">
    <ele>594.2</ele>
    <time>2025-12-03T12:31:14Z</time>
   </trkpt>
   <trkpt lat="-33.4568720" lon="-70.5944340">
    <ele>594.2</ele>
    <time>2025-12-03T12:31:15Z</time>
   </trkpt>
   <trkpt lat="-33.4568740" lon="-70.5944210">
    <ele>594.3</ele>
    <time>2025-12-03T12:31:16Z</time>
   </trkpt>
   <trkpt lat="-33.4568720" lon="-70.5943910">
    <ele>594.3</ele>
    <time>2025-12-03T12:31:17Z</time>
   </trkpt>
   <trkpt lat="-33.4568700" lon="-70.5943830">
    <ele>594.3</ele>
    <time>2025-12-03T12:31:18Z</time>
   </trkpt>
   <trkpt lat="-33.4568680" lon="-70.5943750">
    <ele>594.3</ele>
    <time>2025-12-03T12:31:19Z</time>
   </trkpt>
   <trkpt lat="-33.4568630" lon="-70.5943660">
    <ele>594.3</ele>
    <time>2025-12-03T12:31:20Z</time>
   </trkpt>
   <trkpt lat="-33.4568620" lon="-70.5943640">
    <ele>594.3</ele>
    <time>2025-12-03T12:31:21Z</time>
   </trkpt>
   <trkpt lat="-33.4568610" lon="-70.5943590">
    <ele>594.3</ele>
    <time>2025-12-03T12:31:22Z</time>
   </trkpt>
   <trkpt lat="-33.4568610" lon="-70.5943540">
    <ele>594.3</ele>
    <time>2025-12-03T12:31:23Z</time>
   </trkpt>
   <trkpt lat="-33.4568600" lon="-70.5943480">
    <ele>594.3</ele>
    <time>2025-12-03T12:31:24Z</time>
   </trkpt>
   <trkpt lat="-33.4568550" lon="-70.5943380">
    <ele>594.3</ele>
    <time>2025-12-03T12:31:25Z</time>
   </trkpt>
   <trkpt lat="-33.4568400" lon="-70.5943390">
    <ele>594.3</ele>
    <time>2025-12-03T12:31:26Z</time>
   </trkpt>
   <trkpt lat="-33.4568290" lon="-70.5943350">
    <ele>594.4</ele>
    <time>2025-12-03T12:31:27Z</time>
   </trkpt>
   <trkpt lat="-33.4568190" lon="-70.5943300">
    <ele>594.4</ele>
    <time>2025-12-03T12:31:28Z</time>
   </trkpt>
   <trkpt lat="-33.4568000" lon="-70.5943230">
    <ele>594.4</ele>
    <time>2025-12-03T12:31:29Z</time>
   </trkpt>
   <trkpt lat="-33.4567920" lon="-70.5943180">
    <ele>594.4</ele>
    <time>2025-12-03T12:31:30Z</time>
   </trkpt>
   <trkpt lat="-33.4567840" lon="-70.5943120">
    <ele>594.4</ele>
    <time>2025-12-03T12:31:31Z</time>
   </trkpt>
   <trkpt lat="-33.4567730" lon="-70.5943070">
    <ele>594.4</ele>
    <time>2025-12-03T12:31:32Z</time>
   </trkpt>
   <trkpt lat="-33.4567600" lon="-70.5943020">
    <ele>594.4</ele>
    <time>2025-12-03T12:31:33Z</time>
   </trkpt>
   <trkpt lat="-33.4567530" lon="-70.5942950">
    <ele>594.4</ele>
    <time>2025-12-03T12:31:34Z</time>
   </trkpt>
   <trkpt lat="-33.4567520" lon="-70.5942840">
    <ele>594.4</ele>
    <time>2025-12-03T12:31:35Z</time>
   </trkpt>
   <trkpt lat="-33.4567460" lon="-70.5942760">
    <ele>594.4</ele>
    <time>2025-12-03T12:31:36Z</time>
   </trkpt>
   <trkpt lat="-33.4567400" lon="-70.5942700">
    <ele>594.4</ele>
    <time>2025-12-03T12:31:37Z</time>
   </trkpt>
   <trkpt lat="-33.4567360" lon="-70.5942660">
    <ele>594.4</ele>
    <time>2025-12-03T12:31:38Z</time>
   </trkpt>
   <trkpt lat="-33.4567290" lon="-70.5942580">
    <ele>594.4</ele>
    <time>2025-12-03T12:31:39Z</time>
   </trkpt>
   <trkpt lat="-33.4567270" lon="-70.5942520">
    <ele>594.4</ele>
    <time>2025-12-03T12:31:40Z</time>
   </trkpt>
   <trkpt lat="-33.4567250" lon="-70.5942450">
    <ele>594.4</ele>
    <time>2025-12-03T12:31:41Z</time>
   </trkpt>
   <trkpt lat="-33.4567230" lon="-70.5942390">
    <ele>594.4</ele>
    <time>2025-12-03T12:31:42Z</time>
   </trkpt>
   <trkpt lat="-33.4567220" lon="-70.5942330">
    <ele>594.4</ele>
    <time>2025-12-03T12:31:43Z</time>
   </trkpt>
   <trkpt lat="-33.4567200" lon="-70.5942270">
    <ele>594.4</ele>
    <time>2025-12-03T12:31:44Z</time>
   </trkpt>
   <trkpt lat="-33.4567180" lon="-70.5942200">
    <ele>594.4</ele>
    <time>2025-12-03T12:31:48Z</time>
   </trkpt>
   <trkpt lat="-33.4567160" lon="-70.5942140">
    <ele>594.5</ele>
    <time>2025-12-03T12:31:49Z</time>
   </trkpt>
   <trkpt lat="-33.4567140" lon="-70.5942080">
    <ele>594.5</ele>
    <time>2025-12-03T12:31:50Z</time>
   </trkpt>
   <trkpt lat="-33.4567150" lon="-70.5941830">
    <ele>594.5</ele>
    <time>2025-12-03T12:31:51Z</time>
   </trkpt>
   <trkpt lat="-33.4567130" lon="-70.5941720">
    <ele>594.5</ele>
    <time>2025-12-03T12:31:52Z</time>
   </trkpt>
   <trkpt lat="-33.4567120" lon="-70.5941600">
    <ele>594.5</ele>
    <time>2025-12-03T12:31:53Z</time>
   </trkpt>
   <trkpt lat="-33.4566940" lon="-70.5941390">
    <ele>594.5</ele>
    <time>2025-12-03T12:31:54Z</time>
   </trkpt>
   <trkpt lat="-33.4566860" lon="-70.5941290">
    <ele>594.5</ele>
    <time>2025-12-03T12:31:55Z</time>
   </trkpt>
   <trkpt lat="-33.4566790" lon="-70.5941190">
    <ele>594.5</ele>
    <time>2025-12-03T12:31:56Z</time>
   </trkpt>
   <trkpt lat="-33.4566640" lon="-70.5941000">
    <ele>594.6</ele>
    <time>2025-12-03T12:31:57Z</time>
   </trkpt>
   <trkpt lat="-33.4566560" lon="-70.5940940">
    <ele>594.6</ele>
    <time>2025-12-03T12:31:58Z</time>
   </trkpt>
   <trkpt lat="-33.4566490" lon="-70.5940890">
    <ele>594.6</ele>
    <time>2025-12-03T12:31:59Z</time>
   </trkpt>
   <trkpt lat="-33.4566290" lon="-70.5940610">
    <ele>594.7</ele>
    <time>2025-12-03T12:32:00Z</time>
   </trkpt>
   <trkpt lat="-33.4566220" lon="-70.5940540">
    <ele>594.7</ele>
    <time>2025-12-03T12:32:01Z</time>
   </trkpt>
   <trkpt lat="-33.4566120" lon="-70.5940400">
    <ele>594.8</ele>
    <time>2025-12-03T12:32:02Z</time>
   </trkpt>
   <trkpt lat="-33.4566020" lon="-70.5940200">
    <ele>594.8</ele>
    <time>2025-12-03T12:32:03Z</time>
   </trkpt>
   <trkpt lat="-33.4565920" lon="-70.5940010">
    <ele>594.8</ele>
    <time>2025-12-03T12:32:04Z</time>
   </trkpt>
   <trkpt lat="-33.4565870" lon="-70.5939840">
    <ele>594.8</ele>
    <time>2025-12-03T12:32:05Z</time>
   </trkpt>
   <trkpt lat="-33.4565770" lon="-70.5939610">
    <ele>594.9</ele>
    <time>2025-12-03T12:32:06Z</time>
   </trkpt>
   <trkpt lat="-33.4565720" lon="-70.5939440">
    <ele>594.9</ele>
    <time>2025-12-03T12:32:07Z</time>
   </trkpt>
   <trkpt lat="-33.4565600" lon="-70.5939160">
    <ele>594.9</ele>
    <time>2025-12-03T12:32:08Z</time>
   </trkpt>
   <trkpt lat="-33.4565530" lon="-70.5939060">
    <ele>594.9</ele>
    <time>2025-12-03T12:32:09Z</time>
   </trkpt>
   <trkpt lat="-33.4565490" lon="-70.5938730">
    <ele>594.9</ele>
    <time>2025-12-03T12:32:10Z</time>
   </trkpt>
   <trkpt lat="-33.4565490" lon="-70.5938620">
    <ele>594.9</ele>
    <time>2025-12-03T12:32:11Z</time>
   </trkpt>
   <trkpt lat="-33.4565500" lon="-70.5938460">
    <ele>594.9</ele>
    <time>2025-12-03T12:32:12Z</time>
   </trkpt>
   <trkpt lat="-33.4565540" lon="-70.5938240">
    <ele>594.9</ele>
    <time>2025-12-03T12:32:13Z</time>
   </trkpt>
   <trkpt lat="-33.4565530" lon="-70.5938090">
    <ele>594.9</ele>
    <time>2025-12-03T12:32:14Z</time>
   </trkpt>
   <trkpt lat="-33.4565470" lon="-70.5937880">
    <ele>594.9</ele>
    <time>2025-12-03T12:32:15Z</time>
   </trkpt>
   <trkpt lat="-33.4565410" lon="-70.5937660">
    <ele>594.9</ele>
    <time>2025-12-03T12:32:16Z</time>
   </trkpt>
   <trkpt lat="-33.4565320" lon="-70.5937590">
    <ele>594.9</ele>
    <time>2025-12-03T12:32:17Z</time>
   </trkpt>
   <trkpt lat="-33.4565220" lon="-70.5937520">
    <ele>594.9</ele>
    <time>2025-12-03T12:32:18Z</time>
   </trkpt>
   <trkpt lat="-33.4565030" lon="-70.5937480">
    <ele>595.0</ele>
    <time>2025-12-03T12:32:19Z</time>
   </trkpt>
   <trkpt lat="-33.4564890" lon="-70.5937520">
    <ele>595.0</ele>
    <time>2025-12-03T12:32:20Z</time>
   </trkpt>
   <trkpt lat="-33.4564740" lon="-70.5937620">
    <ele>595.1</ele>
    <time>2025-12-03T12:32:21Z</time>
   </trkpt>
   <trkpt lat="-33.4564600" lon="-70.5937670">
    <ele>595.1</ele>
    <time>2025-12-03T12:32:22Z</time>
   </trkpt>
   <trkpt lat="-33.4564320" lon="-70.5937630">
    <ele>595.1</ele>
    <time>2025-12-03T12:32:23Z</time>
   </trkpt>
   <trkpt lat="-33.4564230" lon="-70.5937600">
    <ele>595.1</ele>
    <time>2025-12-03T12:32:24Z</time>
   </trkpt>
   <trkpt lat="-33.4563930" lon="-70.5937570">
    <ele>595.2</ele>
    <time>2025-12-03T12:32:25Z</time>
   </trkpt>
   <trkpt lat="-33.4563850" lon="-70.5937570">
    <ele>595.2</ele>
    <time>2025-12-03T12:32:26Z</time>
   </trkpt>
   <trkpt lat="-33.4563680" lon="-70.5937540">
    <ele>595.2</ele>
    <time>2025-12-03T12:32:27Z</time>
   </trkpt>
   <trkpt lat="-33.4563520" lon="-70.5937510">
    <ele>595.3</ele>
    <time>2025-12-03T12:32:28Z</time>
   </trkpt>
   <trkpt lat="-33.4563380" lon="-70.5937420">
    <ele>595.3</ele>
    <time>2025-12-03T12:32:29Z</time>
   </trkpt>
   <trkpt lat="-33.4563250" lon="-70.5937350">
    <ele>595.3</ele>
    <time>2025-12-03T12:32:30Z</time>
   </trkpt>
   <trkpt lat="-33.4563140" lon="-70.5937350">
    <ele>595.3</ele>
    <time>2025-12-03T12:32:31Z</time>
   </trkpt>
   <trkpt lat="-33.4562940" lon="-70.5937330">
    <ele>595.3</ele>
    <time>2025-12-03T12:32:32Z</time>
   </trkpt>
   <trkpt lat="-33.4562630" lon="-70.5937340">
    <ele>595.3</ele>
    <time>2025-12-03T12:32:33Z</time>
   </trkpt>
   <trkpt lat="-33.4562520" lon="-70.5937340">
    <ele>595.3</ele>
    <time>2025-12-03T12:32:34Z</time>
   </trkpt>
   <trkpt lat="-33.4562240" lon="-70.5937380">
    <ele>595.4</ele>
    <time>2025-12-03T12:32:35Z</time>
   </trkpt>
   <trkpt lat="-33.4562140" lon="-70.5937410">
    <ele>595.4</ele>
    <time>2025-12-03T12:32:36Z</time>
   </trkpt>
   <trkpt lat="-33.4561830" lon="-70.5937500">
    <ele>595.4</ele>
    <time>2025-12-03T12:32:37Z</time>
   </trkpt>
   <trkpt lat="-33.4561730" lon="-70.5937520">
    <ele>595.4</ele>
    <time>2025-12-03T12:32:38Z</time>
   </trkpt>
   <trkpt lat="-33.4561570" lon="-70.5937470">
    <ele>595.4</ele>
    <time>2025-12-03T12:32:39Z</time>
   </trkpt>
   <trkpt lat="-33.4561380" lon="-70.5937430">
    <ele>595.4</ele>
    <time>2025-12-03T12:32:40Z</time>
   </trkpt>
   <trkpt lat="-33.4561250" lon="-70.5937350">
    <ele>595.4</ele>
    <time>2025-12-03T12:32:41Z</time>
   </trkpt>
   <trkpt lat="-33.4561100" lon="-70.5937250">
    <ele>595.4</ele>
    <time>2025-12-03T12:32:42Z</time>
   </trkpt>
   <trkpt lat="-33.4560990" lon="-70.5937120">
    <ele>595.5</ele>
    <time>2025-12-03T12:32:43Z</time>
   </trkpt>
   <trkpt lat="-33.4560910" lon="-70.5937010">
    <ele>595.5</ele>
    <time>2025-12-03T12:32:44Z</time>
   </trkpt>
   <trkpt lat="-33.4560770" lon="-70.5937010">
    <ele>595.5</ele>
    <time>2025-12-03T12:32:45Z</time>
   </trkpt>
   <trkpt lat="-33.4560610" lon="-70.5936990">
    <ele>595.5</ele>
    <time>2025-12-03T12:32:46Z</time>
   </trkpt>
   <trkpt lat="-33.4560410" lon="-70.5936970">
    <ele>595.5</ele>
    <time>2025-12-03T12:32:47Z</time>
   </trkpt>
   <trkpt lat="-33.4560280" lon="-70.5936980">
    <ele>595.5</ele>
    <time>2025-12-03T12:32:48Z</time>
   </trkpt>
   <trkpt lat="-33.4559970" lon="-70.5937000">
    <ele>595.5</ele>
    <time>2025-12-03T12:32:49Z</time>
   </trkpt>
   <trkpt lat="-33.4559870" lon="-70.5937020">
    <ele>595.5</ele>
    <time>2025-12-03T12:32:50Z</time>
   </trkpt>
   <trkpt lat="-33.4559610" lon="-70.5937120">
    <ele>595.5</ele>
    <time>2025-12-03T12:32:51Z</time>
   </trkpt>
   <trkpt lat="-33.4559530" lon="-70.5937170">
    <ele>595.5</ele>
    <time>2025-12-03T12:32:52Z</time>
   </trkpt>
   <trkpt lat="-33.4559370" lon="-70.5937190">
    <ele>595.5</ele>
    <time>2025-12-03T12:32:53Z</time>
   </trkpt>
   <trkpt lat="-33.4559200" lon="-70.5937220">
    <ele>595.5</ele>
    <time>2025-12-03T12:32:54Z</time>
   </trkpt>
   <trkpt lat="-33.4558910" lon="-70.5937230">
    <ele>595.5</ele>
    <time>2025-12-03T12:32:55Z</time>
   </trkpt>
   <trkpt lat="-33.4558800" lon="-70.5937230">
    <ele>595.5</ele>
    <time>2025-12-03T12:32:56Z</time>
   </trkpt>
   <trkpt lat="-33.4558620" lon="-70.5937210">
    <ele>595.5</ele>
    <time>2025-12-03T12:32:57Z</time>
   </trkpt>
   <trkpt lat="-33.4558460" lon="-70.5937200">
    <ele>595.5</ele>
    <time>2025-12-03T12:32:58Z</time>
   </trkpt>
   <trkpt lat="-33.4558300" lon="-70.5937200">
    <ele>595.5</ele>
    <time>2025-12-03T12:32:59Z</time>
   </trkpt>
   <trkpt lat="-33.4558110" lon="-70.5937160">
    <ele>595.5</ele>
    <time>2025-12-03T12:33:00Z</time>
   </trkpt>
   <trkpt lat="-33.4557910" lon="-70.5937150">
    <ele>595.5</ele>
    <time>2025-12-03T12:33:01Z</time>
   </trkpt>
   <trkpt lat="-33.4557770" lon="-70.5937120">
    <ele>595.5</ele>
    <time>2025-12-03T12:33:02Z</time>
   </trkpt>
   <trkpt lat="-33.4557630" lon="-70.5937050">
    <ele>595.5</ele>
    <time>2025-12-03T12:33:03Z</time>
   </trkpt>
   <trkpt lat="-33.4557500" lon="-70.5936970">
    <ele>595.5</ele>
    <time>2025-12-03T12:33:04Z</time>
   </trkpt>
   <trkpt lat="-33.4557370" lon="-70.5936860">
    <ele>595.5</ele>
    <time>2025-12-03T12:33:05Z</time>
   </trkpt>
   <trkpt lat="-33.4557230" lon="-70.5936750">
    <ele>595.5</ele>
    <time>2025-12-03T12:33:06Z</time>
   </trkpt>
   <trkpt lat="-33.4557100" lon="-70.5936610">
    <ele>595.5</ele>
    <time>2025-12-03T12:33:07Z</time>
   </trkpt>
   <trkpt lat="-33.4556990" lon="-70.5936460">
    <ele>595.5</ele>
    <time>2025-12-03T12:33:08Z</time>
   </trkpt>
   <trkpt lat="-33.4556870" lon="-70.5936350">
    <ele>595.5</ele>
    <time>2025-12-03T12:33:09Z</time>
   </trkpt>
   <trkpt lat="-33.4556780" lon="-70.5936240">
    <ele>595.5</ele>
    <time>2025-12-03T12:33:10Z</time>
   </trkpt>
   <trkpt lat="-33.4556740" lon="-70.5936110">
    <ele>595.5</ele>
    <time>2025-12-03T12:33:11Z</time>
   </trkpt>
   <trkpt lat="-33.4556710" lon="-70.5936010">
    <ele>595.5</ele>
    <time>2025-12-03T12:33:12Z</time>
   </trkpt>
   <trkpt lat="-33.4556650" lon="-70.5935920">
    <ele>595.5</ele>
    <time>2025-12-03T12:33:13Z</time>
   </trkpt>
   <trkpt lat="-33.4556660" lon="-70.5935800">
    <ele>595.5</ele>
    <time>2025-12-03T12:33:14Z</time>
   </trkpt>
   <trkpt lat="-33.4556720" lon="-70.5935750">
    <ele>595.6</ele>
    <time>2025-12-03T12:33:15Z</time>
   </trkpt>
   <trkpt lat="-33.4556770" lon="-70.5935690">
    <ele>595.6</ele>
    <time>2025-12-03T12:33:16Z</time>
   </trkpt>
   <trkpt lat="-33.4556830" lon="-70.5935630">
    <ele>595.6</ele>
    <time>2025-12-03T12:33:17Z</time>
   </trkpt>
   <trkpt lat="-33.4556880" lon="-70.5935580">
    <ele>595.6</ele>
    <time>2025-12-03T12:33:18Z</time>
   </trkpt>
   <trkpt lat="-33.4556940" lon="-70.5935520">
    <ele>595.6</ele>
    <time>2025-12-03T12:33:19Z</time>
   </trkpt>
   <trkpt lat="-33.4556990" lon="-70.5935460">
    <ele>595.6</ele>
    <time>2025-12-03T12:33:20Z</time>
   </trkpt>
   <trkpt lat="-33.4557040" lon="-70.5935410">
    <ele>595.6</ele>
    <time>2025-12-03T12:33:21Z</time>
   </trkpt>
   <trkpt lat="-33.4557100" lon="-70.5935350">
    <ele>595.6</ele>
    <time>2025-12-03T12:33:22Z</time>
   </trkpt>
   <trkpt lat="-33.4557150" lon="-70.5935290">
    <ele>595.6</ele>
    <time>2025-12-03T12:37:14Z</time>
   </trkpt>
   <trkpt lat="-33.4557210" lon="-70.5935240">
    <ele>595.6</ele>
    <time>2025-12-03T12:37:15Z</time>
   </trkpt>
   <trkpt lat="-33.4557260" lon="-70.5935180">
    <ele>595.6</ele>
    <time>2025-12-03T12:37:16Z</time>
   </trkpt>
   <trkpt lat="-33.4557340" lon="-70.5934990">
    <ele>595.6</ele>
    <time>2025-12-03T12:37:17Z</time>
   </trkpt>
   <trkpt lat="-33.4557380" lon="-70.5934820">
    <ele>595.6</ele>
    <time>2025-12-03T12:37:18Z</time>
   </trkpt>
   <trkpt lat="-33.4557440" lon="-70.5934690">
    <ele>595.6</ele>
    <time>2025-12-03T12:37:19Z</time>
   </trkpt>
   <trkpt lat="-33.4557530" lon="-70.5934530">
    <ele>595.6</ele>
    <time>2025-12-03T12:37:20Z</time>
   </trkpt>
   <trkpt lat="-33.4557620" lon="-70.5934440">
    <ele>595.6</ele>
    <time>2025-12-03T12:37:21Z</time>
   </trkpt>
   <trkpt lat="-33.4557710" lon="-70.5934330">
    <ele>595.6</ele>
    <time>2025-12-03T12:37:22Z</time>
   </trkpt>
   <trkpt lat="-33.4557730" lon="-70.5934210">
    <ele>595.6</ele>
    <time>2025-12-03T12:37:23Z</time>
   </trkpt>
   <trkpt lat="-33.4557710" lon="-70.5933810">
    <ele>595.6</ele>
    <time>2025-12-03T12:37:24Z</time>
   </trkpt>
   <trkpt lat="-33.4557690" lon="-70.5933680">
    <ele>595.6</ele>
    <time>2025-12-03T12:37:25Z</time>
   </trkpt>
   <trkpt lat="-33.4557430" lon="-70.5933510">
    <ele>595.6</ele>
    <time>2025-12-03T12:37:26Z</time>
   </trkpt>
   <trkpt lat="-33.4557360" lon="-70.5933470">
    <ele>595.6</ele>
    <time>2025-12-03T12:37:27Z</time>
   </trkpt>
   <trkpt lat="-33.4557210" lon="-70.5933360">
    <ele>595.6</ele>
    <time>2025-12-03T12:37:28Z</time>
   </trkpt>
   <trkpt lat="-33.4557040" lon="-70.5933260">
    <ele>595.6</ele>
    <time>2025-12-03T12:37:29Z</time>
   </trkpt>
   <trkpt lat="-33.4556910" lon="-70.5933280">
    <ele>595.6</ele>
    <time>2025-12-03T12:37:30Z</time>
   </trkpt>
   <trkpt lat="-33.4556720" lon="-70.5933260">
    <ele>595.6</ele>
    <time>2025-12-03T12:37:31Z</time>
   </trkpt>
   <trkpt lat="-33.4556580" lon="-70.5933170">
    <ele>595.6</ele>
    <time>2025-12-03T12:37:32Z</time>
   </trkpt>
   <trkpt lat="-33.4556420" lon="-70.5933150">
    <ele>595.6</ele>
    <time>2025-12-03T12:37:33Z</time>
   </trkpt>
   <trkpt lat="-33.4556240" lon="-70.5933150">
    <ele>595.6</ele>
    <time>2025-12-03T12:37:34Z</time>
   </trkpt>
   <trkpt lat="-33.4556100" lon="-70.5933090">
    <ele>595.6</ele>
    <time>2025-12-03T12:37:35Z</time>
   </trkpt>
   <trkpt lat="-33.4555970" lon="-70.5933040">
    <ele>595.6</ele>
    <time>2025-12-03T12:37:36Z</time>
   </trkpt>
   <trkpt lat="-33.4555800" lon="-70.5933040">
    <ele>595.6</ele>
    <time>2025-12-03T12:37:37Z</time>
   </trkpt>
   <trkpt lat="-33.4555610" lon="-70.5933020">
    <ele>595.7</ele>
    <time>2025-12-03T12:37:38Z</time>
   </trkpt>
   <trkpt lat="-33.4555460" lon="-70.5932930">
    <ele>595.7</ele>
    <time>2025-12-03T12:37:39Z</time>
   </trkpt>
   <trkpt lat="-33.4555140" lon="-70.5932920">
    <ele>595.7</ele>
    <time>2025-12-03T12:37:40Z</time>
   </trkpt>
   <trkpt lat="-33.4555060" lon="-70.5932910">
    <ele>595.7</ele>
    <time>2025-12-03T12:37:41Z</time>
   </trkpt>
   <trkpt lat="-33.4554920" lon="-70.5932870">
    <ele>595.7</ele>
    <time>2025-12-03T12:37:42Z</time>
   </trkpt>
   <trkpt lat="-33.4554790" lon="-70.5932780">
    <ele>595.7</ele>
    <time>2025-12-03T12:37:43Z</time>
   </trkpt>
   <trkpt lat="-33.4554470" lon="-70.5932710">
    <ele>595.7</ele>
    <time>2025-12-03T12:37:44Z</time>
   </trkpt>
   <trkpt lat="-33.4554370" lon="-70.5932720">
    <ele>595.7</ele>
    <time>2025-12-03T12:37:45Z</time>
   </trkpt>
   <trkpt lat="-33.4554210" lon="-70.5932580">
    <ele>595.7</ele>
    <time>2025-12-03T12:37:46Z</time>
   </trkpt>
   <trkpt lat="-33.4554200" lon="-70.5932500">
    <ele>595.7</ele>
    <time>2025-12-03T12:37:47Z</time>
   </trkpt>
   <trkpt lat="-33.4554190" lon="-70.5932430">
    <ele>595.8</ele>
    <time>2025-12-03T12:37:48Z</time>
   </trkpt>
   <trkpt lat="-33.4554180" lon="-70.5932350">
    <ele>595.8</ele>
    <time>2025-12-03T12:37:49Z</time>
   </trkpt>
   <trkpt lat="-33.4554170" lon="-70.5932160">
    <ele>595.8</ele>
    <time>2025-12-03T12:37:50Z</time>
   </trkpt>
   <trkpt lat="-33.4554180" lon="-70.5932000">
    <ele>595.8</ele>
    <time>2025-12-03T12:37:51Z</time>
   </trkpt>
   <trkpt lat="-33.4554270" lon="-70.5931790">
    <ele>595.8</ele>
    <time>2025-12-03T12:37:52Z</time>
   </trkpt>
   <trkpt lat="-33.4554270" lon="-70.5931650">
    <ele>595.8</ele>
    <time>2025-12-03T12:37:53Z</time>
   </trkpt>
   <trkpt lat="-33.4554220" lon="-70.5931600">
    <ele>595.8</ele>
    <time>2025-12-03T12:37:54Z</time>
   </trkpt>
   <trkpt lat="-33.4554230" lon="-70.5931420">
    <ele>595.8</ele>
    <time>2025-12-03T12:37:55Z</time>
   </trkpt>
   <trkpt lat="-33.4554310" lon="-70.5931300">
    <ele>595.8</ele>
    <time>2025-12-03T12:37:56Z</time>
   </trkpt>
   <trkpt lat="-33.4554350" lon="-70.5931130">
    <ele>595.8</ele>
    <time>2025-12-03T12:37:57Z</time>
   </trkpt>
   <trkpt lat="-33.4554440" lon="-70.5931100">
    <ele>595.8</ele>
    <time>2025-12-03T12:37:58Z</time>
   </trkpt>
   <trkpt lat="-33.4554490" lon="-70.5931110">
    <ele>595.8</ele>
    <time>2025-12-03T12:37:59Z</time>
   </trkpt>
   <trkpt lat="-33.4554510" lon="-70.5931080">
    <ele>595.8</ele>
    <time>2025-12-03T12:38:00Z</time>
   </trkpt>
   <trkpt lat="-33.4554420" lon="-70.5931080">
    <ele>595.8</ele>
    <time>2025-12-03T12:38:01Z</time>
   </trkpt>
   <trkpt lat="-33.4554350" lon="-70.5931180">
    <ele>595.8</ele>
    <time>2025-12-03T12:38:02Z</time>
   </trkpt>
   <trkpt lat="-33.4554270" lon="-70.5931210">
    <ele>595.8</ele>
    <time>2025-12-03T12:38:03Z</time>
   </trkpt>
   <trkpt lat="-33.4554250" lon="-70.5931260">
    <ele>595.8</ele>
    <time>2025-12-03T12:38:04Z</time>
   </trkpt>
   <trkpt lat="-33.4554250" lon="-70.5931260">
    <ele>595.8</ele>
    <time>2025-12-03T12:38:05Z</time>
   </trkpt>
   <trkpt lat="-33.4554100" lon="-70.5931440">
    <ele>595.8</ele>
    <time>2025-12-03T12:38:06Z</time>
   </trkpt>
   <trkpt lat="-33.4554020" lon="-70.5931500">
    <ele>595.8</ele>
    <time>2025-12-03T12:38:07Z</time>
   </trkpt>
   <trkpt lat="-33.4553100" lon="-70.5931970">
    <ele>595.9</ele>
    <time>2025-12-03T12:39:02Z</time>
   </trkpt>
   <trkpt lat="-33.4552980" lon="-70.5931950">
    <ele>595.9</ele>
    <time>2025-12-03T12:39:03Z</time>
   </trkpt>
   <trkpt lat="-33.4552870" lon="-70.5931920">
    <ele>596.0</ele>
    <time>2025-12-03T12:39:04Z</time>
   </trkpt>
   <trkpt lat="-33.4552760" lon="-70.5931870">
    <ele>596.0</ele>
    <time>2025-12-03T12:39:05Z</time>
   </trkpt>
   <trkpt lat="-33.4552660" lon="-70.5931820">
    <ele>596.0</ele>
    <time>2025-12-03T12:39:06Z</time>
   </trkpt>
   <trkpt lat="-33.4552610" lon="-70.5931730">
    <ele>596.0</ele>
    <time>2025-12-03T12:39:07Z</time>
   </trkpt>
   <trkpt lat="-33.4552440" lon="-70.5931610">
    <ele>596.1</ele>
    <time>2025-12-03T12:39:08Z</time>
   </trkpt>
   <trkpt lat="-33.4552340" lon="-70.5931580">
    <ele>596.1</ele>
    <time>2025-12-03T12:39:09Z</time>
   </trkpt>
   <trkpt lat="-33.4552230" lon="-70.5931550">
    <ele>596.1</ele>
    <time>2025-12-03T12:39:10Z</time>
   </trkpt>
   <trkpt lat="-33.4551940" lon="-70.5931520">
    <ele>596.2</ele>
    <time>2025-12-03T12:39:11Z</time>
   </trkpt>
   <trkpt lat="-33.4551840" lon="-70.5931500">
    <ele>596.2</ele>
    <time>2025-12-03T12:39:12Z</time>
   </trkpt>
   <trkpt lat="-33.4551680" lon="-70.5931510">
    <ele>596.2</ele>
    <time>2025-12-03T12:39:13Z</time>
   </trkpt>
   <trkpt lat="-33.4551610" lon="-70.5931540">
    <ele>596.2</ele>
    <time>2025-12-03T12:39:14Z</time>
   </trkpt>
   <trkpt lat="-33.4551590" lon="-70.5931540">
    <ele>596.2</ele>
    <time>2025-12-03T12:39:15Z</time>
   </trkpt>
   <trkpt lat="-33.4551540" lon="-70.5931560">
    <ele>596.2</ele>
    <time>2025-12-03T12:39:16Z</time>
   </trkpt>
   <trkpt lat="-33.4551370" lon="-70.5931600">
    <ele>596.2</ele>
    <time>2025-12-03T12:39:17Z</time>
   </trkpt>
   <trkpt lat="-33.4551310" lon="-70.5931620">
    <ele>596.3</ele>
    <time>2025-12-03T12:39:18Z</time>
   </trkpt>
   <trkpt lat="-33.4551240" lon="-70.5931640">
    <ele>596.3</ele>
    <time>2025-12-03T12:39:19Z</time>
   </trkpt>
   <trkpt lat="-33.4551170" lon="-70.5931660">
    <ele>596.3</ele>
    <time>2025-12-03T12:39:20Z</time>
   </trkpt>
   <trkpt lat="-33.4551080" lon="-70.5931650">
    <ele>596.3</ele>
    <time>2025-12-03T12:39:21Z</time>
   </trkpt>
   <trkpt lat="-33.4551010" lon="-70.5931690">
    <ele>596.3</ele>
    <time>2025-12-03T12:39:22Z</time>
   </trkpt>
   <trkpt lat="-33.4550880" lon="-70.5931700">
    <ele>596.3</ele>
    <time>2025-12-03T12:39:23Z</time>
   </trkpt>
   <trkpt lat="-33.4550620" lon="-70.5931630">
    <ele>596.3</ele>
    <time>2025-12-03T12:39:24Z</time>
   </trkpt>
   <trkpt lat="-33.4550500" lon="-70.5931590">
    <ele>596.3</ele>
    <time>2025-12-03T12:39:25Z</time>
   </trkpt>
   <trkpt lat="-33.4550240" lon="-70.5931650">
    <ele>596.4</ele>
    <time>2025-12-03T12:39:26Z</time>
   </trkpt>
   <trkpt lat="-33.4550130" lon="-70.5931650">
    <ele>596.4</ele>
    <time>2025-12-03T12:39:27Z</time>
   </trkpt>
   <trkpt lat="-33.4549970" lon="-70.5931570">
    <ele>596.4</ele>
    <time>2025-12-03T12:39:28Z</time>
   </trkpt>
   <trkpt lat="-33.4549800" lon="-70.5931600">
    <ele>596.4</ele>
    <time>2025-12-03T12:39:29Z</time>
   </trkpt>
   <trkpt lat="-33.4549660" lon="-70.5931590">
    <ele>596.4</ele>
    <time>2025-12-03T12:39:30Z</time>
   </trkpt>
   <trkpt lat="-33.4549600" lon="-70.5931620">
    <ele>596.4</ele>
    <time>2025-12-03T12:39:31Z</time>
   </trkpt>
   <trkpt lat="-33.4549450" lon="-70.5931660">
    <ele>596.4</ele>
    <time>2025-12-03T12:39:32Z</time>
   </trkpt>
   <trkpt lat="-33.4549350" lon="-70.5931710">
    <ele>596.4</ele>
    <time>2025-12-03T12:39:33Z</time>
   </trkpt>
   <trkpt lat="-33.4549250" lon="-70.5931700">
    <ele>596.4</ele>
    <time>2025-12-03T12:39:34Z</time>
   </trkpt>
   <trkpt lat="-33.4549230" lon="-70.5931700">
    <ele>596.4</ele>
    <time>2025-12-03T12:39:35Z</time>
   </trkpt>
   <trkpt lat="-33.4549110" lon="-70.5931710">
    <ele>596.4</ele>
    <time>2025-12-03T12:39:36Z</time>
   </trkpt>
   <trkpt lat="-33.4548990" lon="-70.5931720">
    <ele>596.5</ele>
    <time>2025-12-03T12:39:37Z</time>
   </trkpt>
   <trkpt lat="-33.4548830" lon="-70.5931740">
    <ele>596.5</ele>
    <time>2025-12-03T12:39:38Z</time>
   </trkpt>
   <trkpt lat="-33.4548540" lon="-70.5931630">
    <ele>596.5</ele>
    <time>2025-12-03T12:39:39Z</time>
   </trkpt>
   <trkpt lat="-33.4548240" lon="-70.5931520">
    <ele>596.5</ele>
    <time>2025-12-03T12:39:40Z</time>
   </trkpt>
   <trkpt lat="-33.4548170" lon="-70.5931490">
    <ele>596.5</ele>
    <time>2025-12-03T12:39:41Z</time>
   </trkpt>
   <trkpt lat="-33.4547900" lon="-70.5931560">
    <ele>596.6</ele>
    <time>2025-12-03T12:39:42Z</time>
   </trkpt>
   <trkpt lat="-33.4547810" lon="-70.5931590">
    <ele>596.6</ele>
    <time>2025-12-03T12:39:43Z</time>
   </trkpt>
   <trkpt lat="-33.4547510" lon="-70.5931660">
    <ele>596.6</ele>
    <time>2025-12-03T12:39:44Z</time>
   </trkpt>
   <trkpt lat="-33.4547160" lon="-70.5931670">
    <ele>596.6</ele>
    <time>2025-12-03T12:39:45Z</time>
   </trkpt>
   <trkpt lat="-33.4547010" lon="-70.5931670">
    <ele>596.6</ele>
    <time>2025-12-03T12:39:46Z</time>
   </trkpt>
   <trkpt lat="-33.4546860" lon="-70.5931620">
    <ele>596.6</ele>
    <time>2025-12-03T12:39:47Z</time>
   </trkpt>
   <trkpt lat="-33.4546650" lon="-70.5931640">
    <ele>596.7</ele>
    <time>2025-12-03T12:39:48Z</time>
   </trkpt>
   <trkpt lat="-33.4546310" lon="-70.5931650">
    <ele>596.7</ele>
    <time>2025-12-03T12:39:49Z</time>
   </trkpt>
   <trkpt lat="-33.4546210" lon="-70.5931650">
    <ele>596.7</ele>
    <time>2025-12-03T12:39:50Z</time>
   </trkpt>
   <trkpt lat="-33.4545870" lon="-70.5931690">
    <ele>596.7</ele>
    <time>2025-12-03T12:39:51Z</time>
   </trkpt>
   <trkpt lat="-33.4545730" lon="-70.5931710">
    <ele>596.7</ele>
    <time>2025-12-03T12:39:52Z</time>
   </trkpt>
   <trkpt lat="-33.4545540" lon="-70.5931800">
    <ele>596.8</ele>
    <time>2025-12-03T12:39:53Z</time>
   </trkpt>
   <trkpt lat="-33.4545400" lon="-70.5931830">
    <ele>596.8</ele>
    <time>2025-12-03T12:39:54Z</time>
   </trkpt>
   <trkpt lat="-33.4545130" lon="-70.5932040">
    <ele>596.8</ele>
    <time>2025-12-03T12:39:55Z</time>
   </trkpt>
   <trkpt lat="-33.4544840" lon="-70.5932000">
    <ele>596.8</ele>
    <time>2025-12-03T12:39:56Z</time>
   </trkpt>
   <trkpt lat="-33.4544750" lon="-70.5931990">
    <ele>596.8</ele>
    <time>2025-12-03T12:39:57Z</time>
   </trkpt>
   <trkpt lat="-33.4544420" lon="-70.5931940">
    <ele>596.9</ele>
    <time>2025-12-03T12:39:58Z</time>
   </trkpt>
   <trkpt lat="-33.4544300" lon="-70.5931930">
    <ele>596.9</ele>
    <time>2025-12-03T12:39:59Z</time>
   </trkpt>
   <trkpt lat="-33.4543990" lon="-70.5931820">
    <ele>596.9</ele>
    <time>2025-12-03T12:40:00Z</time>
   </trkpt>
   <trkpt lat="-33.4543860" lon="-70.5931790">
    <ele>596.9</ele>
    <time>2025-12-03T12:40:01Z</time>
   </trkpt>
   <trkpt lat="-33.4543560" lon="-70.5931760">
    <ele>596.9</ele>
    <time>2025-12-03T12:40:02Z</time>
   </trkpt>
   <trkpt lat="-33.4543320" lon="-70.5931770">
    <ele>597.0</ele>
    <time>2025-12-03T12:40:03Z</time>
   </trkpt>
   <trkpt lat="-33.4543210" lon="-70.5931790">
    <ele>597.0</ele>
    <time>2025-12-03T12:40:04Z</time>
   </trkpt>
   <trkpt lat="-33.4542830" lon="-70.5931720">
    <ele>597.0</ele>
    <time>2025-12-03T12:40:05Z</time>
   </trkpt>
   <trkpt lat="-33.4542710" lon="-70.5931710">
    <ele>597.0</ele>
    <time>2025-12-03T12:40:06Z</time>
   </trkpt>
   <trkpt lat="-33.4542420" lon="-70.5931660">
    <ele>597.1</ele>
    <time>2025-12-03T12:40:07Z</time>
   </trkpt>
   <trkpt lat="-33.4542320" lon="-70.5931640">
    <ele>597.1</ele>
    <time>2025-12-03T12:40:08Z</time>
   </trkpt>
   <trkpt lat="-33.4541950" lon="-70.5931510">
    <ele>597.1</ele>
    <time>2025-12-03T12:40:09Z</time>
   </trkpt>
   <trkpt lat="-33.4541830" lon="-70.5931470">
    <ele>597.1</ele>
    <time>2025-12-03T12:40:10Z</time>
   </trkpt>
   <trkpt lat="-33.4541510" lon="-70.5931450">
    <ele>597.2</ele>
    <time>2025-12-03T12:40:11Z</time>
   </trkpt>
   <trkpt lat="-33.4541410" lon="-70.5931450">
    <ele>597.2</ele>
    <time>2025-12-03T12:40:12Z</time>
   </trkpt>
   <trkpt lat="-33.4541070" lon="-70.5931450">
    <ele>597.2</ele>
    <time>2025-12-03T12:40:13Z</time>
   </trkpt>
   <trkpt lat="-33.4540960" lon="-70.5931450">
    <ele>597.2</ele>
    <time>2025-12-03T12:40:14Z</time>
   </trkpt>
   <trkpt lat="-33.4540590" lon="-70.5931300">
    <ele>597.3</ele>
    <time>2025-12-03T12:40:15Z</time>
   </trkpt>
   <trkpt lat="-33.4540310" lon="-70.5931330">
    <ele>597.3</ele>
    <time>2025-12-03T12:40:16Z</time>
   </trkpt>
   <trkpt lat="-33.4540120" lon="-70.5931380">
    <ele>597.4</ele>
    <time>2025-12-03T12:40:17Z</time>
   </trkpt>
   <trkpt lat="-33.4539990" lon="-70.5931310">
    <ele>597.4</ele>
    <time>2025-12-03T12:40:18Z</time>
   </trkpt>
   <trkpt lat="-33.4539630" lon="-70.5931300">
    <ele>597.4</ele>
    <time>2025-12-03T12:40:19Z</time>
   </trkpt>
   <trkpt lat="-33.4539500" lon="-70.5931310">
    <ele>597.4</ele>
    <time>2025-12-03T12:40:20Z</time>
   </trkpt>
   <trkpt lat="-33.4539160" lon="-70.5931370">
    <ele>597.5</ele>
    <time>2025-12-03T12:40:21Z</time>
   </trkpt>
   <trkpt lat="-33.4539050" lon="-70.5931390">
    <ele>597.5</ele>
    <time>2025-12-03T12:40:22Z</time>
   </trkpt>
   <trkpt lat="-33.4538710" lon="-70.5931380">
    <ele>597.6</ele>
    <time>2025-12-03T12:40:23Z</time>
   </trkpt>
   <trkpt lat="-33.4538560" lon="-70.5931320">
    <ele>597.6</ele>
    <time>2025-12-03T12:40:24Z</time>
   </trkpt>
   <trkpt lat="-33.4538230" lon="-70.5931170">
    <ele>597.6</ele>
    <time>2025-12-03T12:40:25Z</time>
   </trkpt>
   <trkpt lat="-33.4538110" lon="-70.5931120">
    <ele>597.6</ele>
    <time>2025-12-03T12:40:26Z</time>
   </trkpt>
   <trkpt lat="-33.4537760" lon="-70.5931090">
    <ele>597.7</ele>
    <time>2025-12-03T12:40:27Z</time>
   </trkpt>
   <trkpt lat="-33.4537640" lon="-70.5931090">
    <ele>597.7</ele>
    <time>2025-12-03T12:40:28Z</time>
   </trkpt>
   <trkpt lat="-33.4537270" lon="-70.5931070">
    <ele>597.7</ele>
    <time>2025-12-03T12:40:29Z</time>
   </trkpt>
   <trkpt lat="-33.4537150" lon="-70.5931070">
    <ele>597.8</ele>
    <time>2025-12-03T12:40:30Z</time>
   </trkpt>
   <trkpt lat="-33.4536880" lon="-70.5931050">
    <ele>597.8</ele>
    <time>2025-12-03T12:40:31Z</time>
   </trkpt>
   <trkpt lat="-33.4536770" lon="-70.5931060">
    <ele>597.8</ele>
    <time>2025-12-03T12:40:32Z</time>
   </trkpt>
   <trkpt lat="-33.4536460" lon="-70.5931030">
    <ele>597.8</ele>
    <time>2025-12-03T12:40:33Z</time>
   </trkpt>
   <trkpt lat="-33.4536350" lon="-70.5931020">
    <ele>597.9</ele>
    <time>2025-12-03T12:40:34Z</time>
   </trkpt>
   <trkpt lat="-33.4535980" lon="-70.5931050">
    <ele>597.9</ele>
    <time>2025-12-03T12:40:35Z</time>
   </trkpt>
   <trkpt lat="-33.4535840" lon="-70.5931010">
    <ele>597.9</ele>
    <time>2025-12-03T12:40:36Z</time>
   </trkpt>
   <trkpt lat="-33.4535560" lon="-70.5930980">
    <ele>597.9</ele>
    <time>2025-12-03T12:40:37Z</time>
   </trkpt>
   <trkpt lat="-33.4535460" lon="-70.5930980">
    <ele>598.0</ele>
    <time>2025-12-03T12:40:38Z</time>
   </trkpt>
   <trkpt lat="-33.4535090" lon="-70.5931030">
    <ele>598.0</ele>
    <time>2025-12-03T12:40:39Z</time>
   </trkpt>
   <trkpt lat="-33.4534970" lon="-70.5931050">
    <ele>598.0</ele>
    <time>2025-12-03T12:40:40Z</time>
   </trkpt>
   <trkpt lat="-33.4534600" lon="-70.5931010">
    <ele>598.1</ele>
    <time>2025-12-03T12:40:41Z</time>
   </trkpt>
   <trkpt lat="-33.4534480" lon="-70.5930980">
    <ele>598.1</ele>
    <time>2025-12-03T12:40:42Z</time>
   </trkpt>
   <trkpt lat="-33.4534120" lon="-70.5930880">
    <ele>598.1</ele>
    <time>2025-12-03T12:40:43Z</time>
   </trkpt>
   <trkpt lat="-33.4533990" lon="-70.5930880">
    <ele>598.1</ele>
    <time>2025-12-03T12:40:44Z</time>
   </trkpt>
   <trkpt lat="-33.4533810" lon="-70.5930910">
    <ele>598.1</ele>
    <time>2025-12-03T12:40:45Z</time>
   </trkpt>
   <trkpt lat="-33.4533640" lon="-70.5930900">
    <ele>598.2</ele>
    <time>2025-12-03T12:40:46Z</time>
   </trkpt>
   <trkpt lat="-33.4533340" lon="-70.5930930">
    <ele>598.2</ele>
    <time>2025-12-03T12:40:47Z</time>
   </trkpt>
   <trkpt lat="-33.4533220" lon="-70.5930920">
    <ele>598.2</ele>
    <time>2025-12-03T12:40:48Z</time>
   </trkpt>
   <trkpt lat="-33.4532880" lon="-70.5930920">
    <ele>598.2</ele>
    <time>2025-12-03T12:40:49Z</time>
   </trkpt>
   <trkpt lat="-33.4532750" lon="-70.5930920">
    <ele>598.3</ele>
    <time>2025-12-03T12:40:50Z</time>
   </trkpt>
   <trkpt lat="-33.4532410" lon="-70.5930890">
    <ele>598.3</ele>
    <time>2025-12-03T12:40:51Z</time>
   </trkpt>
   <trkpt lat="-33.4532300" lon="-70.5930870">
    <ele>598.3</ele>
    <time>2025-12-03T12:40:52Z</time>
   </trkpt>
   <trkpt lat="-33.4532020" lon="-70.5930870">
    <ele>598.4</ele>
    <time>2025-12-03T12:40:53Z</time>
   </trkpt>
   <trkpt lat="-33.4531910" lon="-70.5930860">
    <ele>598.4</ele>
    <time>2025-12-03T12:40:54Z</time>
   </trkpt>
   <trkpt lat="-33.4531630" lon="-70.5930930">
    <ele>598.4</ele>
    <time>2025-12-03T12:40:55Z</time>
   </trkpt>
   <trkpt lat="-33.4531530" lon="-70.5931000">
    <ele>598.4</ele>
    <time>2025-12-03T12:40:56Z</time>
   </trkpt>
   <trkpt lat="-33.4531220" lon="-70.5931000">
    <ele>598.5</ele>
    <time>2025-12-03T12:40:57Z</time>
   </trkpt>
   <trkpt lat="-33.4531080" lon="-70.5930990">
    <ele>598.5</ele>
    <time>2025-12-03T12:40:58Z</time>
   </trkpt>
   <trkpt lat="-33.4530800" lon="-70.5931010">
    <ele>598.5</ele>
    <time>2025-12-03T12:40:59Z</time>
   </trkpt>
   <trkpt lat="-33.4530490" lon="-70.5931020">
    <ele>598.5</ele>
    <time>2025-12-03T12:41:00Z</time>
   </trkpt>
   <trkpt lat="-33.4530170" lon="-70.5930980">
    <ele>598.6</ele>
    <time>2025-12-03T12:41:01Z</time>
   </trkpt>
   <trkpt lat="-33.4529820" lon="-70.5930890">
    <ele>598.6</ele>
    <time>2025-12-03T12:41:02Z</time>
   </trkpt>
   <trkpt lat="-33.4529710" lon="-70.5930880">
    <ele>598.6</ele>
    <time>2025-12-03T12:41:03Z</time>
   </trkpt>
   <trkpt lat="-33.4529390" lon="-70.5930920">
    <ele>598.6</ele>
    <time>2025-12-03T12:41:04Z</time>
   </trkpt>
   <trkpt lat="-33.4529270" lon="-70.5930940">
    <ele>598.7</ele>
    <time>2025-12-03T12:41:05Z</time>
   </trkpt>
   <trkpt lat="-33.4528950" lon="-70.5930960">
    <ele>598.7</ele>
    <time>2025-12-03T12:41:06Z</time>
   </trkpt>
   <trkpt lat="-33.4528850" lon="-70.5930960">
    <ele>598.7</ele>
    <time>2025-12-03T12:41:07Z</time>
   </trkpt>
   <trkpt lat="-33.4528580" lon="-70.5930980">
    <ele>598.7</ele>
    <time>2025-12-03T12:41:08Z</time>
   </trkpt>
   <trkpt lat="-33.4528510" lon="-70.5931020">
    <ele>598.7</ele>
    <time>2025-12-03T12:41:09Z</time>
   </trkpt>
   <trkpt lat="-33.4528430" lon="-70.5931050">
    <ele>598.7</ele>
    <time>2025-12-03T12:41:10Z</time>
   </trkpt>
   <trkpt lat="-33.4528140" lon="-70.5931110">
    <ele>598.8</ele>
    <time>2025-12-03T12:41:11Z</time>
   </trkpt>
   <trkpt lat="-33.4528010" lon="-70.5931140">
    <ele>598.8</ele>
    <time>2025-12-03T12:41:12Z</time>
   </trkpt>
   <trkpt lat="-33.4527630" lon="-70.5931150">
    <ele>598.8</ele>
    <time>2025-12-03T12:41:13Z</time>
   </trkpt>
   <trkpt lat="-33.4527510" lon="-70.5931150">
    <ele>598.8</ele>
    <time>2025-12-03T12:41:14Z</time>
   </trkpt>
   <trkpt lat="-33.4527240" lon="-70.5931110">
    <ele>598.9</ele>
    <time>2025-12-03T12:41:15Z</time>
   </trkpt>
   <trkpt lat="-33.4527130" lon="-70.5931050">
    <ele>598.9</ele>
    <time>2025-12-03T12:41:16Z</time>
   </trkpt>
   <trkpt lat="-33.4526850" lon="-70.5931150">
    <ele>598.9</ele>
    <time>2025-12-03T12:41:17Z</time>
   </trkpt>
   <trkpt lat="-33.4526530" lon="-70.5931070">
    <ele>599.0</ele>
    <time>2025-12-03T12:41:18Z</time>
   </trkpt>
   <trkpt lat="-33.4526420" lon="-70.5931050">
    <ele>599.0</ele>
    <time>2025-12-03T12:41:19Z</time>
   </trkpt>
   <trkpt lat="-33.4526060" lon="-70.5931010">
    <ele>599.0</ele>
    <time>2025-12-03T12:41:20Z</time>
   </trkpt>
   <trkpt lat="-33.4525950" lon="-70.5931010">
    <ele>599.0</ele>
    <time>2025-12-03T12:41:21Z</time>
   </trkpt>
   <trkpt lat="-33.4525610" lon="-70.5931000">
    <ele>599.1</ele>
    <time>2025-12-03T12:41:22Z</time>
   </trkpt>
   <trkpt lat="-33.4525500" lon="-70.5931030">
    <ele>599.1</ele>
    <time>2025-12-03T12:41:23Z</time>
   </trkpt>
   <trkpt lat="-33.4525300" lon="-70.5931030">
    <ele>599.1</ele>
    <time>2025-12-03T12:41:24Z</time>
   </trkpt>
   <trkpt lat="-33.4525170" lon="-70.5930990">
    <ele>599.1</ele>
    <time>2025-12-03T12:41:25Z</time>
   </trkpt>
   <trkpt lat="-33.4524810" lon="-70.5931000">
    <ele>599.2</ele>
    <time>2025-12-03T12:41:26Z</time>
   </trkpt>
   <trkpt lat="-33.4524690" lon="-70.5931000">
    <ele>599.2</ele>
    <time>2025-12-03T12:41:27Z</time>
   </trkpt>
   <trkpt lat="-33.4524390" lon="-70.5931060">
    <ele>599.2</ele>
    <time>2025-12-03T12:41:28Z</time>
   </trkpt>
   <trkpt lat="-33.4524270" lon="-70.5931100">
    <ele>599.2</ele>
    <time>2025-12-03T12:41:29Z</time>
   </trkpt>
   <trkpt lat="-33.4523950" lon="-70.5931090">
    <ele>599.3</ele>
    <time>2025-12-03T12:41:30Z</time>
   </trkpt>
   <trkpt lat="-33.4523850" lon="-70.5931070">
    <ele>599.3</ele>
    <time>2025-12-03T12:41:31Z</time>
   </trkpt>
   <trkpt lat="-33.4523560" lon="-70.5930970">
    <ele>599.3</ele>
    <time>2025-12-03T12:41:32Z</time>
   </trkpt>
   <trkpt lat="-33.4523470" lon="-70.5930950">
    <ele>599.3</ele>
    <time>2025-12-03T12:41:33Z</time>
   </trkpt>
   <trkpt lat="-33.4523200" lon="-70.5930950">
    <ele>599.4</ele>
    <time>2025-12-03T12:41:34Z</time>
   </trkpt>
   <trkpt lat="-33.4523090" lon="-70.5930950">
    <ele>599.4</ele>
    <time>2025-12-03T12:41:35Z</time>
   </trkpt>
   <trkpt lat="-33.4522910" lon="-70.5930890">
    <ele>599.4</ele>
    <time>2025-12-03T12:41:36Z</time>
   </trkpt>
   <trkpt lat="-33.4522780" lon="-70.5930860">
    <ele>599.4</ele>
    <time>2025-12-03T12:41:37Z</time>
   </trkpt>
   <trkpt lat="-33.4522460" lon="-70.5930970">
    <ele>599.5</ele>
    <time>2025-12-03T12:41:38Z</time>
   </trkpt>
   <trkpt lat="-33.4522360" lon="-70.5930930">
    <ele>599.5</ele>
    <time>2025-12-03T12:41:39Z</time>
   </trkpt>
   <trkpt lat="-33.4522160" lon="-70.5930990">
    <ele>599.5</ele>
    <time>2025-12-03T12:41:40Z</time>
   </trkpt>
   <trkpt lat="-33.4521990" lon="-70.5930960">
    <ele>599.5</ele>
    <time>2025-12-03T12:41:41Z</time>
   </trkpt>
   <trkpt lat="-33.4521770" lon="-70.5930990">
    <ele>599.5</ele>
    <time>2025-12-03T12:41:42Z</time>
   </trkpt>
   <trkpt lat="-33.4521660" lon="-70.5931030">
    <ele>599.5</ele>
    <time>2025-12-03T12:41:43Z</time>
   </trkpt>
   <trkpt lat="-33.4521520" lon="-70.5931050">
    <ele>599.6</ele>
    <time>2025-12-03T12:41:44Z</time>
   </trkpt>
   <trkpt lat="-33.4521340" lon="-70.5931030">
    <ele>599.6</ele>
    <time>2025-12-03T12:41:45Z</time>
   </trkpt>
   <trkpt lat="-33.4521040" lon="-70.5931110">
    <ele>599.6</ele>
    <time>2025-12-03T12:41:46Z</time>
   </trkpt>
   <trkpt lat="-33.4520950" lon="-70.5931130">
    <ele>599.6</ele>
    <time>2025-12-03T12:41:47Z</time>
   </trkpt>
   <trkpt lat="-33.4520790" lon="-70.5931110">
    <ele>599.6</ele>
    <time>2025-12-03T12:41:48Z</time>
   </trkpt>
   <trkpt lat="-33.4520640" lon="-70.5931120">
    <ele>599.7</ele>
    <time>2025-12-03T12:41:49Z</time>
   </trkpt>
   <trkpt lat="-33.4520380" lon="-70.5931060">
    <ele>599.7</ele>
    <time>2025-12-03T12:41:50Z</time>
   </trkpt>
   <trkpt lat="-33.4520290" lon="-70.5931040">
    <ele>599.7</ele>
    <time>2025-12-03T12:41:51Z</time>
   </trkpt>
   <trkpt lat="-33.4520180" lon="-70.5931030">
    <ele>599.7</ele>
    <time>2025-12-03T12:41:52Z</time>
   </trkpt>
   <trkpt lat="-33.4520000" lon="-70.5931020">
    <ele>599.7</ele>
    <time>2025-12-03T12:41:53Z</time>
   </trkpt>
   <trkpt lat="-33.4519850" lon="-70.5931070">
    <ele>599.7</ele>
    <time>2025-12-03T12:41:54Z</time>
   </trkpt>
   <trkpt lat="-33.4519670" lon="-70.5931060">
    <ele>599.7</ele>
    <time>2025-12-03T12:41:55Z</time>
   </trkpt>
   <trkpt lat="-33.4519460" lon="-70.5931010">
    <ele>599.8</ele>
    <time>2025-12-03T12:41:56Z</time>
   </trkpt>
   <trkpt lat="-33.4519320" lon="-70.5931060">
    <ele>599.8</ele>
    <time>2025-12-03T12:41:57Z</time>
   </trkpt>
   <trkpt lat="-33.4519240" lon="-70.5931080">
    <ele>599.8</ele>
    <time>2025-12-03T12:41:58Z</time>
   </trkpt>
   <trkpt lat="-33.4519160" lon="-70.5931010">
    <ele>599.8</ele>
    <time>2025-12-03T12:41:59Z</time>
   </trkpt>
   <trkpt lat="-33.4519010" lon="-70.5931030">
    <ele>599.8</ele>
    <time>2025-12-03T12:42:00Z</time>
   </trkpt>
   <trkpt lat="-33.4518910" lon="-70.5931260">
    <ele>599.8</ele>
    <time>2025-12-03T12:42:01Z</time>
   </trkpt>
   <trkpt lat="-33.4518870" lon="-70.5931400">
    <ele>599.8</ele>
    <time>2025-12-03T12:42:02Z</time>
   </trkpt>
   <trkpt lat="-33.4518830" lon="-70.5931530">
    <ele>599.8</ele>
    <time>2025-12-03T12:42:03Z</time>
   </trkpt>
   <trkpt lat="-33.4518820" lon="-70.5931610">
    <ele>599.8</ele>
    <time>2025-12-03T12:42:04Z</time>
   </trkpt>
   <trkpt lat="-33.4518830" lon="-70.5931680">
    <ele>599.8</ele>
    <time>2025-12-03T12:42:05Z</time>
   </trkpt>
   <trkpt lat="-33.4518780" lon="-70.5931890">
    <ele>599.8</ele>
    <time>2025-12-03T12:42:06Z</time>
   </trkpt>
   <trkpt lat="-33.4518750" lon="-70.5932020">
    <ele>599.8</ele>
    <time>2025-12-03T12:42:07Z</time>
   </trkpt>
   <trkpt lat="-33.4518700" lon="-70.5932280">
    <ele>599.8</ele>
    <time>2025-12-03T12:42:08Z</time>
   </trkpt>
   <trkpt lat="-33.4518540" lon="-70.5932300">
    <ele>599.7</ele>
    <time>2025-12-03T12:42:09Z</time>
   </trkpt>
   <trkpt lat="-33.4518520" lon="-70.5932380">
    <ele>599.7</ele>
    <time>2025-12-03T12:42:10Z</time>
   </trkpt>
   <trkpt lat="-33.4518470" lon="-70.5932480">
    <ele>599.7</ele>
    <time>2025-12-03T12:42:11Z</time>
   </trkpt>
   <trkpt lat="-33.4518450" lon="-70.5932870">
    <ele>599.6</ele>
    <time>2025-12-03T12:42:12Z</time>
   </trkpt>
   <trkpt lat="-33.4518450" lon="-70.5933020">
    <ele>599.6</ele>
    <time>2025-12-03T12:42:13Z</time>
   </trkpt>
   <trkpt lat="-33.4518440" lon="-70.5933400">
    <ele>599.6</ele>
    <time>2025-12-03T12:42:14Z</time>
   </trkpt>
   <trkpt lat="-33.4518420" lon="-70.5933510">
    <ele>599.6</ele>
    <time>2025-12-03T12:42:15Z</time>
   </trkpt>
   <trkpt lat="-33.4518380" lon="-70.5933850">
    <ele>599.5</ele>
    <time>2025-12-03T12:42:16Z</time>
   </trkpt>
   <trkpt lat="-33.4518360" lon="-70.5933940">
    <ele>599.5</ele>
    <time>2025-12-03T12:42:17Z</time>
   </trkpt>
   <trkpt lat="-33.4518340" lon="-70.5934190">
    <ele>599.5</ele>
    <time>2025-12-03T12:42:18Z</time>
   </trkpt>
   <trkpt lat="-33.4518350" lon="-70.5934310">
    <ele>599.5</ele>
    <time>2025-12-03T12:42:19Z</time>
   </trkpt>
   <trkpt lat="-33.4518350" lon="-70.5934420">
    <ele>599.4</ele>
    <time>2025-12-03T12:42:20Z</time>
   </trkpt>
   <trkpt lat="-33.4518360" lon="-70.5934640">
    <ele>599.4</ele>
    <time>2025-12-03T12:42:21Z</time>
   </trkpt>
   <trkpt lat="-33.4518390" lon="-70.5934800">
    <ele>599.4</ele>
    <time>2025-12-03T12:42:22Z</time>
   </trkpt>
   <trkpt lat="-33.4518410" lon="-70.5935040">
    <ele>599.4</ele>
    <time>2025-12-03T12:42:23Z</time>
   </trkpt>
   <trkpt lat="-33.4518400" lon="-70.5935230">
    <ele>599.3</ele>
    <time>2025-12-03T12:42:24Z</time>
   </trkpt>
   <trkpt lat="-33.4518390" lon="-70.5935560">
    <ele>599.3</ele>
    <time>2025-12-03T12:42:25Z</time>
   </trkpt>
   <trkpt lat="-33.4518380" lon="-70.5935670">
    <ele>599.3</ele>
    <time>2025-12-03T12:42:26Z</time>
   </trkpt>
   <trkpt lat="-33.4518340" lon="-70.5936000">
    <ele>599.3</ele>
    <time>2025-12-03T12:42:27Z</time>
   </trkpt>
   <trkpt lat="-33.4518310" lon="-70.5936100">
    <ele>599.2</ele>
    <time>2025-12-03T12:42:28Z</time>
   </trkpt>
   <trkpt lat="-33.4518370" lon="-70.5936460">
    <ele>599.2</ele>
    <time>2025-12-03T12:42:29Z</time>
   </trkpt>
   <trkpt lat="-33.4518360" lon="-70.5936830">
    <ele>599.1</ele>
    <time>2025-12-03T12:42:30Z</time>
   </trkpt>
   <trkpt lat="-33.4518350" lon="-70.5936950">
    <ele>599.1</ele>
    <time>2025-12-03T12:42:31Z</time>
   </trkpt>
   <trkpt lat="-33.4518320" lon="-70.5937300">
    <ele>599.1</ele>
    <time>2025-12-03T12:42:32Z</time>
   </trkpt>
   <trkpt lat="-33.4518310" lon="-70.5937410">
    <ele>599.1</ele>
    <time>2025-12-03T12:42:33Z</time>
   </trkpt>
   <trkpt lat="-33.4518310" lon="-70.5937770">
    <ele>599.0</ele>
    <time>2025-12-03T12:42:34Z</time>
   </trkpt>
   <trkpt lat="-33.4518310" lon="-70.5937880">
    <ele>599.0</ele>
    <time>2025-12-03T12:42:35Z</time>
   </trkpt>
   <trkpt lat="-33.4518310" lon="-70.5938090">
    <ele>599.0</ele>
    <time>2025-12-03T12:42:36Z</time>
   </trkpt>
   <trkpt lat="-33.4518310" lon="-70.5938290">
    <ele>599.0</ele>
    <time>2025-12-03T12:42:37Z</time>
   </trkpt>
   <trkpt lat="-33.4518330" lon="-70.5938450">
    <ele>598.9</ele>
    <time>2025-12-03T12:42:38Z</time>
   </trkpt>
   <trkpt lat="-33.4518350" lon="-70.5938610">
    <ele>598.9</ele>
    <time>2025-12-03T12:42:39Z</time>
   </trkpt>
   <trkpt lat="-33.4518340" lon="-70.5938650">
    <ele>598.9</ele>
    <time>2025-12-03T12:42:40Z</time>
   </trkpt>
   <trkpt lat="-33.4518370" lon="-70.5938900">
    <ele>598.9</ele>
    <time>2025-12-03T12:42:41Z</time>
   </trkpt>
   <trkpt lat="-33.4518320" lon="-70.5939020">
    <ele>598.9</ele>
    <time>2025-12-03T12:42:42Z</time>
   </trkpt>
   <trkpt lat="-33.4518270" lon="-70.5939130">
    <ele>598.9</ele>
    <time>2025-12-03T12:42:43Z</time>
   </trkpt>
   <trkpt lat="-33.4518170" lon="-70.5939130">
    <ele>598.9</ele>
    <time>2025-12-03T12:42:44Z</time>
   </trkpt>
   <trkpt lat="-33.4517990" lon="-70.5939200">
    <ele>598.8</ele>
    <time>2025-12-03T12:42:45Z</time>
   </trkpt>
   <trkpt lat="-33.4517790" lon="-70.5939300">
    <ele>598.8</ele>
    <time>2025-12-03T12:42:46Z</time>
   </trkpt>
   <trkpt lat="-33.4517710" lon="-70.5939350">
    <ele>598.8</ele>
    <time>2025-12-03T12:42:47Z</time>
   </trkpt>
   <trkpt lat="-33.4517630" lon="-70.5939390">
    <ele>598.8</ele>
    <time>2025-12-03T12:42:48Z</time>
   </trkpt>
   <trkpt lat="-33.4517480" lon="-70.5939430">
    <ele>598.8</ele>
    <time>2025-12-03T12:42:49Z</time>
   </trkpt>
   <trkpt lat="-33.4517420" lon="-70.5939430">
    <ele>598.8</ele>
    <time>2025-12-03T12:42:50Z</time>
   </trkpt>
   <trkpt lat="-33.4517290" lon="-70.5939450">
    <ele>598.8</ele>
    <time>2025-12-03T12:42:51Z</time>
   </trkpt>
   <trkpt lat="-33.4517100" lon="-70.5939540">
    <ele>598.8</ele>
    <time>2025-12-03T12:42:52Z</time>
   </trkpt>
   <trkpt lat="-33.4517020" lon="-70.5939570">
    <ele>598.8</ele>
    <time>2025-12-03T12:42:53Z</time>
   </trkpt>
   <trkpt lat="-33.4516930" lon="-70.5939590">
    <ele>598.8</ele>
    <time>2025-12-03T12:42:54Z</time>
   </trkpt>
   <trkpt lat="-33.4516680" lon="-70.5939590">
    <ele>598.8</ele>
    <time>2025-12-03T12:42:55Z</time>
   </trkpt>
   <trkpt lat="-33.4516600" lon="-70.5939610">
    <ele>598.8</ele>
    <time>2025-12-03T12:42:56Z</time>
   </trkpt>
   <trkpt lat="-33.4516510" lon="-70.5939660">
    <ele>598.8</ele>
    <time>2025-12-03T12:42:57Z</time>
   </trkpt>
   <trkpt lat="-33.4516460" lon="-70.5939660">
    <ele>598.8</ele>
    <time>2025-12-03T12:42:58Z</time>
   </trkpt>
   <trkpt lat="-33.4516330" lon="-70.5939660">
    <ele>598.8</ele>
    <time>2025-12-03T12:42:59Z</time>
   </trkpt>
   <trkpt lat="-33.4516190" lon="-70.5939660">
    <ele>598.8</ele>
    <time>2025-12-03T12:43:00Z</time>
   </trkpt>
   <trkpt lat="-33.4516020" lon="-70.5939650">
    <ele>598.8</ele>
    <time>2025-12-03T12:43:01Z</time>
   </trkpt>
   <trkpt lat="-33.4515640" lon="-70.5939660">
    <ele>598.8</ele>
    <time>2025-12-03T12:43:02Z</time>
   </trkpt>
   <trkpt lat="-33.4515520" lon="-70.5939660">
    <ele>598.8</ele>
    <time>2025-12-03T12:43:03Z</time>
   </trkpt>
   <trkpt lat="-33.4515160" lon="-70.5939610">
    <ele>598.8</ele>
    <time>2025-12-03T12:43:04Z</time>
   </trkpt>
   <trkpt lat="-33.4515030" lon="-70.5939580">
    <ele>598.8</ele>
    <time>2025-12-03T12:43:05Z</time>
   </trkpt>
   <trkpt lat="-33.4514670" lon="-70.5939520">
    <ele>598.8</ele>
    <time>2025-12-03T12:43:06Z</time>
   </trkpt>
   <trkpt lat="-33.4514360" lon="-70.5939450">
    <ele>598.8</ele>
    <time>2025-12-03T12:43:07Z</time>
   </trkpt>
   <trkpt lat="-33.4514060" lon="-70.5939470">
    <ele>598.9</ele>
    <time>2025-12-03T12:43:08Z</time>
   </trkpt>
   <trkpt lat="-33.4513690" lon="-70.5939550">
    <ele>598.9</ele>
    <time>2025-12-03T12:43:09Z</time>
   </trkpt>
   <trkpt lat="-33.4513570" lon="-70.5939560">
    <ele>598.9</ele>
    <time>2025-12-03T12:43:10Z</time>
   </trkpt>
   <trkpt lat="-33.4513220" lon="-70.5939500">
    <ele>598.9</ele>
    <time>2025-12-03T12:43:11Z</time>
   </trkpt>
   <trkpt lat="-33.4513120" lon="-70.5939510">
    <ele>598.9</ele>
    <time>2025-12-03T12:43:12Z</time>
   </trkpt>
   <trkpt lat="-33.4512810" lon="-70.5939550">
    <ele>598.9</ele>
    <time>2025-12-03T12:43:13Z</time>
   </trkpt>
   <trkpt lat="-33.4512690" lon="-70.5939580">
    <ele>598.9</ele>
    <time>2025-12-03T12:43:14Z</time>
   </trkpt>
   <trkpt lat="-33.4512400" lon="-70.5939540">
    <ele>598.9</ele>
    <time>2025-12-03T12:43:15Z</time>
   </trkpt>
   <trkpt lat="-33.4512280" lon="-70.5939530">
    <ele>598.9</ele>
    <time>2025-12-03T12:43:16Z</time>
   </trkpt>
   <trkpt lat="-33.4511880" lon="-70.5939500">
    <ele>599.0</ele>
    <time>2025-12-03T12:43:17Z</time>
   </trkpt>
   <trkpt lat="-33.4511760" lon="-70.5939500">
    <ele>599.0</ele>
    <time>2025-12-03T12:43:18Z</time>
   </trkpt>
   <trkpt lat="-33.4511480" lon="-70.5939540">
    <ele>599.0</ele>
    <time>2025-12-03T12:43:19Z</time>
   </trkpt>
   <trkpt lat="-33.4511400" lon="-70.5939580">
    <ele>599.0</ele>
    <time>2025-12-03T12:43:20Z</time>
   </trkpt>
   <trkpt lat="-33.4511240" lon="-70.5939660">
    <ele>599.0</ele>
    <time>2025-12-03T12:43:21Z</time>
   </trkpt>
   <trkpt lat="-33.4511090" lon="-70.5939590">
    <ele>599.0</ele>
    <time>2025-12-03T12:43:22Z</time>
   </trkpt>
   <trkpt lat="-33.4510730" lon="-70.5939520">
    <ele>599.1</ele>
    <time>2025-12-03T12:43:23Z</time>
   </trkpt>
   <trkpt lat="-33.4510610" lon="-70.5939480">
    <ele>599.1</ele>
    <time>2025-12-03T12:43:24Z</time>
   </trkpt>
   <trkpt lat="-33.4510220" lon="-70.5939560">
    <ele>599.1</ele>
    <time>2025-12-03T12:43:25Z</time>
   </trkpt>
   <trkpt lat="-33.4510090" lon="-70.5939560">
    <ele>599.2</ele>
    <time>2025-12-03T12:43:26Z</time>
   </trkpt>
   <trkpt lat="-33.4509740" lon="-70.5939550">
    <ele>599.2</ele>
    <time>2025-12-03T12:43:27Z</time>
   </trkpt>
   <trkpt lat="-33.4509630" lon="-70.5939550">
    <ele>599.2</ele>
    <time>2025-12-03T12:43:28Z</time>
   </trkpt>
   <trkpt lat="-33.4509460" lon="-70.5939680">
    <ele>599.2</ele>
    <time>2025-12-03T12:43:29Z</time>
   </trkpt>
   <trkpt lat="-33.4509400" lon="-70.5939840">
    <ele>599.3</ele>
    <time>2025-12-03T12:43:30Z</time>
   </trkpt>
   <trkpt lat="-33.4509260" lon="-70.5939910">
    <ele>599.3</ele>
    <time>2025-12-03T12:43:31Z</time>
   </trkpt>
   <trkpt lat="-33.4509170" lon="-70.5940070">
    <ele>599.3</ele>
    <time>2025-12-03T12:43:32Z</time>
   </trkpt>
   <trkpt lat="-33.4508990" lon="-70.5940320">
    <ele>599.4</ele>
    <time>2025-12-03T12:43:33Z</time>
   </trkpt>
   <trkpt lat="-33.4508910" lon="-70.5940380">
    <ele>599.4</ele>
    <time>2025-12-03T12:43:34Z</time>
   </trkpt>
   <trkpt lat="-33.4508750" lon="-70.5940450">
    <ele>599.5</ele>
    <time>2025-12-03T12:43:35Z</time>
   </trkpt>
   <trkpt lat="-33.4508660" lon="-70.5940530">
    <ele>599.5</ele>
    <time>2025-12-03T12:43:36Z</time>
   </trkpt>
   <trkpt lat="-33.4508680" lon="-70.5940690">
    <ele>599.5</ele>
    <time>2025-12-03T12:43:37Z</time>
   </trkpt>
   <trkpt lat="-33.4508760" lon="-70.5940740">
    <ele>599.5</ele>
    <time>2025-12-03T12:43:38Z</time>
   </trkpt>
   <trkpt lat="-33.4508900" lon="-70.5940800">
    <ele>599.5</ele>
    <time>2025-12-03T12:43:39Z</time>
   </trkpt>
   <trkpt lat="-33.4509250" lon="-70.5940750">
    <ele>599.5</ele>
    <time>2025-12-03T12:43:40Z</time>
   </trkpt>
   <trkpt lat="-33.4509330" lon="-70.5940760">
    <ele>599.5</ele>
    <time>2025-12-03T12:43:41Z</time>
   </trkpt>
   <trkpt lat="-33.4509640" lon="-70.5940750">
    <ele>599.4</ele>
    <time>2025-12-03T12:43:42Z</time>
   </trkpt>
   <trkpt lat="-33.4509750" lon="-70.5940760">
    <ele>599.4</ele>
    <time>2025-12-03T12:43:43Z</time>
   </trkpt>
   <trkpt lat="-33.4509870" lon="-70.5940680">
    <ele>599.4</ele>
    <time>2025-12-03T12:43:44Z</time>
   </trkpt>
   <trkpt lat="-33.4510070" lon="-70.5940650">
    <ele>599.4</ele>
    <time>2025-12-03T12:43:45Z</time>
   </trkpt>
   <trkpt lat="-33.4510410" lon="-70.5940600">
    <ele>599.4</ele>
    <time>2025-12-03T12:43:46Z</time>
   </trkpt>
   <trkpt lat="-33.4510490" lon="-70.5940620">
    <ele>599.4</ele>
    <time>2025-12-03T12:43:47Z</time>
   </trkpt>
   <trkpt lat="-33.4510720" lon="-70.5940700">
    <ele>599.3</ele>
    <time>2025-12-03T12:43:48Z</time>
   </trkpt>
   <trkpt lat="-33.4510780" lon="-70.5940860">
    <ele>599.3</ele>
    <time>2025-12-03T12:43:49Z</time>
   </trkpt>
   <trkpt lat="-33.4511080" lon="-70.5940990">
    <ele>599.3</ele>
    <time>2025-12-03T12:43:50Z</time>
   </trkpt>
   <trkpt lat="-33.4511190" lon="-70.5941020">
    <ele>599.3</ele>
    <time>2025-12-03T12:43:51Z</time>
   </trkpt>
   <trkpt lat="-33.4511390" lon="-70.5941030">
    <ele>599.4</ele>
    <time>2025-12-03T12:43:52Z</time>
   </trkpt>
   <trkpt lat="-33.4511510" lon="-70.5941130">
    <ele>599.4</ele>
    <time>2025-12-03T12:43:53Z</time>
   </trkpt>
   <trkpt lat="-33.4511830" lon="-70.5941110">
    <ele>599.4</ele>
    <time>2025-12-03T12:43:54Z</time>
   </trkpt>
   <trkpt lat="-33.4511960" lon="-70.5941080">
    <ele>599.4</ele>
    <time>2025-12-03T12:43:55Z</time>
   </trkpt>
   <trkpt lat="-33.4512320" lon="-70.5941010">
    <ele>599.3</ele>
    <time>2025-12-03T12:43:56Z</time>
   </trkpt>
   <trkpt lat="-33.4512430" lon="-70.5940940">
    <ele>599.3</ele>
    <time>2025-12-03T12:43:57Z</time>
   </trkpt>
   <trkpt lat="-33.4512730" lon="-70.5940930">
    <ele>599.2</ele>
    <time>2025-12-03T12:43:58Z</time>
   </trkpt>
   <trkpt lat="-33.4513010" lon="-70.5940730">
    <ele>599.2</ele>
    <time>2025-12-03T12:43:59Z</time>
   </trkpt>
   <trkpt lat="-33.4513320" lon="-70.5940610">
    <ele>599.2</ele>
    <time>2025-12-03T12:44:00Z</time>
   </trkpt>
   <trkpt lat="-33.4513400" lon="-70.5940570">
    <ele>599.2</ele>
    <time>2025-12-03T12:44:01Z</time>
   </trkpt>
   <trkpt lat="-33.4513690" lon="-70.5940480">
    <ele>599.1</ele>
    <time>2025-12-03T12:44:02Z</time>
   </trkpt>
   <trkpt lat="-33.4513770" lon="-70.5940430">
    <ele>599.1</ele>
    <time>2025-12-03T12:44:03Z</time>
   </trkpt>
   <trkpt lat="-33.4513920" lon="-70.5940350">
    <ele>599.1</ele>
    <time>2025-12-03T12:44:04Z</time>
   </trkpt>
   <trkpt lat="-33.4514130" lon="-70.5940380">
    <ele>599.1</ele>
    <time>2025-12-03T12:44:05Z</time>
   </trkpt>
   <trkpt lat="-33.4514260" lon="-70.5940350">
    <ele>599.0</ele>
    <time>2025-12-03T12:44:06Z</time>
   </trkpt>
   <trkpt lat="-33.4514480" lon="-70.5940350">
    <ele>599.0</ele>
    <time>2025-12-03T12:44:07Z</time>
   </trkpt>
   <trkpt lat="-33.4514620" lon="-70.5940350">
    <ele>599.0</ele>
    <time>2025-12-03T12:44:08Z</time>
   </trkpt>
   <trkpt lat="-33.4514750" lon="-70.5940290">
    <ele>599.0</ele>
    <time>2025-12-03T12:44:09Z</time>
   </trkpt>
   <trkpt lat="-33.4515090" lon="-70.5940360">
    <ele>598.9</ele>
    <time>2025-12-03T12:44:10Z</time>
   </trkpt>
   <trkpt lat="-33.4515190" lon="-70.5940410">
    <ele>598.9</ele>
    <time>2025-12-03T12:44:11Z</time>
   </trkpt>
   <trkpt lat="-33.4515340" lon="-70.5940390">
    <ele>598.9</ele>
    <time>2025-12-03T12:44:12Z</time>
   </trkpt>
   <trkpt lat="-33.4515460" lon="-70.5940420">
    <ele>598.9</ele>
    <time>2025-12-03T12:44:13Z</time>
   </trkpt>
   <trkpt lat="-33.4515730" lon="-70.5940480">
    <ele>598.9</ele>
    <time>2025-12-03T12:44:14Z</time>
   </trkpt>
   <trkpt lat="-33.4515810" lon="-70.5940560">
    <ele>598.9</ele>
    <time>2025-12-03T12:44:15Z</time>
   </trkpt>
   <trkpt lat="-33.4516080" lon="-70.5940640">
    <ele>598.8</ele>
    <time>2025-12-03T12:44:16Z</time>
   </trkpt>
   <trkpt lat="-33.4516160" lon="-70.5940700">
    <ele>598.8</ele>
    <time>2025-12-03T12:44:17Z</time>
   </trkpt>
   <trkpt lat="-33.4516310" lon="-70.5941040">
    <ele>598.8</ele>
    <time>2025-12-03T12:44:18Z</time>
   </trkpt>
   <trkpt lat="-33.4516340" lon="-70.5941170">
    <ele>598.8</ele>
    <time>2025-12-03T12:44:19Z</time>
   </trkpt>
   <trkpt lat="-33.4516350" lon="-70.5941600">
    <ele>598.8</ele>
    <time>2025-12-03T12:44:20Z</time>
   </trkpt>
   <trkpt lat="-33.4516280" lon="-70.5941930">
    <ele>598.8</ele>
    <time>2025-12-03T12:44:21Z</time>
   </trkpt>
   <trkpt lat="-33.4516270" lon="-70.5942040">
    <ele>598.8</ele>
    <time>2025-12-03T12:44:22Z</time>
   </trkpt>
   <trkpt lat="-33.4516310" lon="-70.5942430">
    <ele>598.7</ele>
    <time>2025-12-03T12:44:23Z</time>
   </trkpt>
   <trkpt lat="-33.4516340" lon="-70.5942570">
    <ele>598.7</ele>
    <time>2025-12-03T12:44:24Z</time>
   </trkpt>
   <trkpt lat="-33.4516400" lon="-70.5942960">
    <ele>598.7</ele>
    <time>2025-12-03T12:44:25Z</time>
   </trkpt>
   <trkpt lat="-33.4516360" lon="-70.5943380">
    <ele>598.7</ele>
    <time>2025-12-03T12:44:26Z</time>
   </trkpt>
   <trkpt lat="-33.4516340" lon="-70.5943500">
    <ele>598.7</ele>
    <time>2025-12-03T12:44:27Z</time>
   </trkpt>
   <trkpt lat="-33.4516450" lon="-70.5943890">
    <ele>598.7</ele>
    <time>2025-12-03T12:44:28Z</time>
   </trkpt>
   <trkpt lat="-33.4516570" lon="-70.5944290">
    <ele>598.6</ele>
    <time>2025-12-03T12:44:29Z</time>
   </trkpt>
   <trkpt lat="-33.4516560" lon="-70.5944430">
    <ele>598.6</ele>
    <time>2025-12-03T12:44:30Z</time>
   </trkpt>
   <trkpt lat="-33.4516600" lon="-70.5944820">
    <ele>598.6</ele>
    <time>2025-12-03T12:44:31Z</time>
   </trkpt>
   <trkpt lat="-33.4516640" lon="-70.5944990">
    <ele>598.6</ele>
    <time>2025-12-03T12:44:32Z</time>
   </trkpt>
   <trkpt lat="-33.4516590" lon="-70.5945470">
    <ele>598.5</ele>
    <time>2025-12-03T12:44:33Z</time>
   </trkpt>
   <trkpt lat="-33.4516580" lon="-70.5945650">
    <ele>598.5</ele>
    <time>2025-12-03T12:44:34Z</time>
   </trkpt>
   <trkpt lat="-33.4516670" lon="-70.5946010">
    <ele>598.5</ele>
    <time>2025-12-03T12:44:35Z</time>
   </trkpt>
   <trkpt lat="-33.4516620" lon="-70.5946400">
    <ele>598.4</ele>
    <time>2025-12-03T12:44:36Z</time>
   </trkpt>
   <trkpt lat="-33.4516590" lon="-70.5946740">
    <ele>598.4</ele>
    <time>2025-12-03T12:44:37Z</time>
   </trkpt>
   <trkpt lat="-33.4516580" lon="-70.5947190">
    <ele>598.4</ele>
    <time>2025-12-03T12:44:38Z</time>
   </trkpt>
   <trkpt lat="-33.4516570" lon="-70.5947320">
    <ele>598.4</ele>
    <time>2025-12-03T12:44:39Z</time>
   </trkpt>
   <trkpt lat="-33.4516510" lon="-70.5947670">
    <ele>598.3</ele>
    <time>2025-12-03T12:44:40Z</time>
   </trkpt>
   <trkpt lat="-33.4516450" lon="-70.5947760">
    <ele>598.3</ele>
    <time>2025-12-03T12:44:41Z</time>
   </trkpt>
   <trkpt lat="-33.4516420" lon="-70.5948050">
    <ele>598.3</ele>
    <time>2025-12-03T12:44:42Z</time>
   </trkpt>
   <trkpt lat="-33.4516430" lon="-70.5948140">
    <ele>598.3</ele>
    <time>2025-12-03T12:44:43Z</time>
   </trkpt>
   <trkpt lat="-33.4516430" lon="-70.5948220">
    <ele>598.3</ele>
    <time>2025-12-03T12:44:44Z</time>
   </trkpt>
   <trkpt lat="-33.4516470" lon="-70.5948660">
    <ele>598.2</ele>
    <time>2025-12-03T12:44:45Z</time>
   </trkpt>
   <trkpt lat="-33.4516490" lon="-70.5948820">
    <ele>598.2</ele>
    <time>2025-12-03T12:44:46Z</time>
   </trkpt>
   <trkpt lat="-33.4516690" lon="-70.5949200">
    <ele>598.1</ele>
    <time>2025-12-03T12:44:47Z</time>
   </trkpt>
   <trkpt lat="-33.4516620" lon="-70.5949660">
    <ele>598.1</ele>
    <time>2025-12-03T12:44:48Z</time>
   </trkpt>
   <trkpt lat="-33.4516590" lon="-70.5949810">
    <ele>598.1</ele>
    <time>2025-12-03T12:44:49Z</time>
   </trkpt>
   <trkpt lat="-33.4516570" lon="-70.5950170">
    <ele>598.0</ele>
    <time>2025-12-03T12:44:50Z</time>
   </trkpt>
   <trkpt lat="-33.4516520" lon="-70.5950540">
    <ele>598.0</ele>
    <time>2025-12-03T12:44:51Z</time>
   </trkpt>
   <trkpt lat="-33.4516530" lon="-70.5950710">
    <ele>598.0</ele>
    <time>2025-12-03T12:44:52Z</time>
   </trkpt>
   <trkpt lat="-33.4516460" lon="-70.5951090">
    <ele>598.0</ele>
    <time>2025-12-03T12:44:53Z</time>
   </trkpt>
   <trkpt lat="-33.4516460" lon="-70.5951490">
    <ele>597.9</ele>
    <time>2025-12-03T12:44:54Z</time>
   </trkpt>
   <trkpt lat="-33.4516330" lon="-70.5951790">
    <ele>597.9</ele>
    <time>2025-12-03T12:44:55Z</time>
   </trkpt>
   <trkpt lat="-33.4516260" lon="-70.5952180">
    <ele>597.9</ele>
    <time>2025-12-03T12:44:56Z</time>
   </trkpt>
   <trkpt lat="-33.4516190" lon="-70.5952580">
    <ele>597.8</ele>
    <time>2025-12-03T12:44:57Z</time>
   </trkpt>
   <trkpt lat="-33.4516180" lon="-70.5952700">
    <ele>597.8</ele>
    <time>2025-12-03T12:44:58Z</time>
   </trkpt>
   <trkpt lat="-33.4516140" lon="-70.5953030">
    <ele>597.8</ele>
    <time>2025-12-03T12:44:59Z</time>
   </trkpt>
   <trkpt lat="-33.4516090" lon="-70.5953520">
    <ele>597.7</ele>
    <time>2025-12-03T12:45:00Z</time>
   </trkpt>
   <trkpt lat="-33.4516050" lon="-70.5953680">
    <ele>597.7</ele>
    <time>2025-12-03T12:45:01Z</time>
   </trkpt>
   <trkpt lat="-33.4516000" lon="-70.5954060">
    <ele>597.6</ele>
    <time>2025-12-03T12:45:02Z</time>
   </trkpt>
   <trkpt lat="-33.4515980" lon="-70.5954180">
    <ele>597.6</ele>
    <time>2025-12-03T12:45:03Z</time>
   </trkpt>
   <trkpt lat="-33.4515960" lon="-70.5954510">
    <ele>597.6</ele>
    <time>2025-12-03T12:45:04Z</time>
   </trkpt>
   <trkpt lat="-33.4515960" lon="-70.5954640">
    <ele>597.5</ele>
    <time>2025-12-03T12:45:05Z</time>
   </trkpt>
   <trkpt lat="-33.4515910" lon="-70.5955070">
    <ele>597.5</ele>
    <time>2025-12-03T12:45:06Z</time>
   </trkpt>
   <trkpt lat="-33.4515900" lon="-70.5955210">
    <ele>597.5</ele>
    <time>2025-12-03T12:45:07Z</time>
   </trkpt>
   <trkpt lat="-33.4515910" lon="-70.5955540">
    <ele>597.4</ele>
    <time>2025-12-03T12:45:08Z</time>
   </trkpt>
   <trkpt lat="-33.4515920" lon="-70.5955920">
    <ele>597.4</ele>
    <time>2025-12-03T12:45:09Z</time>
   </trkpt>
   <trkpt lat="-33.4515920" lon="-70.5956070">
    <ele>597.4</ele>
    <time>2025-12-03T12:45:10Z</time>
   </trkpt>
   <trkpt lat="-33.4515900" lon="-70.5956460">
    <ele>597.3</ele>
    <time>2025-12-03T12:45:11Z</time>
   </trkpt>
   <trkpt lat="-33.4515890" lon="-70.5956560">
    <ele>597.3</ele>
    <time>2025-12-03T12:45:12Z</time>
   </trkpt>
   <trkpt lat="-33.4515840" lon="-70.5956950">
    <ele>597.3</ele>
    <time>2025-12-03T12:45:13Z</time>
   </trkpt>
   <trkpt lat="-33.4515820" lon="-70.5957070">
    <ele>597.3</ele>
    <time>2025-12-03T12:45:14Z</time>
   </trkpt>
   <trkpt lat="-33.4515740" lon="-70.5957460">
    <ele>597.2</ele>
    <time>2025-12-03T12:45:15Z</time>
   </trkpt>
   <trkpt lat="-33.4515710" lon="-70.5957580">
    <ele>597.2</ele>
    <time>2025-12-03T12:45:16Z</time>
   </trkpt>
   <trkpt lat="-33.4515690" lon="-70.5957790">
    <ele>597.2</ele>
    <time>2025-12-03T12:45:17Z</time>
   </trkpt>
   <trkpt lat="-33.4515700" lon="-70.5958000">
    <ele>597.2</ele>
    <time>2025-12-03T12:45:18Z</time>
   </trkpt>
   <trkpt lat="-33.4515680" lon="-70.5958170">
    <ele>597.2</ele>
    <time>2025-12-03T12:45:19Z</time>
   </trkpt>
   <trkpt lat="-33.4515640" lon="-70.5958370">
    <ele>597.2</ele>
    <time>2025-12-03T12:45:20Z</time>
   </trkpt>
   <trkpt lat="-33.4515610" lon="-70.5958550">
    <ele>597.2</ele>
    <time>2025-12-03T12:45:21Z</time>
   </trkpt>
   <trkpt lat="-33.4515580" lon="-70.5958780">
    <ele>597.2</ele>
    <time>2025-12-03T12:45:22Z</time>
   </trkpt>
   <trkpt lat="-33.4515510" lon="-70.5958950">
    <ele>597.2</ele>
    <time>2025-12-03T12:45:23Z</time>
   </trkpt>
   <trkpt lat="-33.4515500" lon="-70.5959140">
    <ele>597.1</ele>
    <time>2025-12-03T12:45:24Z</time>
   </trkpt>
   <trkpt lat="-33.4515480" lon="-70.5959320">
    <ele>597.1</ele>
    <time>2025-12-03T12:45:25Z</time>
   </trkpt>
   <trkpt lat="-33.4515540" lon="-70.5959470">
    <ele>597.1</ele>
    <time>2025-12-03T12:45:26Z</time>
   </trkpt>
   <trkpt lat="-33.4515830" lon="-70.5959620">
    <ele>597.1</ele>
    <time>2025-12-03T12:45:27Z</time>
   </trkpt>
   <trkpt lat="-33.4515950" lon="-70.5959650">
    <ele>597.1</ele>
    <time>2025-12-03T12:45:28Z</time>
   </trkpt>
   <trkpt lat="-33.4516240" lon="-70.5959710">
    <ele>597.1</ele>
    <time>2025-12-03T12:45:29Z</time>
   </trkpt>
   <trkpt lat="-33.4516590" lon="-70.5959750">
    <ele>597.1</ele>
    <time>2025-12-03T12:45:30Z</time>
   </trkpt>
   <trkpt lat="-33.4516700" lon="-70.5959760">
    <ele>597.1</ele>
    <time>2025-12-03T12:45:31Z</time>
   </trkpt>
   <trkpt lat="-33.4517000" lon="-70.5959780">
    <ele>597.0</ele>
    <time>2025-12-03T12:45:32Z</time>
   </trkpt>
   <trkpt lat="-33.4517110" lon="-70.5959760">
    <ele>597.0</ele>
    <time>2025-12-03T12:45:33Z</time>
   </trkpt>
   <trkpt lat="-33.4517370" lon="-70.5959800">
    <ele>597.0</ele>
    <time>2025-12-03T12:45:34Z</time>
   </trkpt>
   <trkpt lat="-33.4517490" lon="-70.5959810">
    <ele>597.0</ele>
    <time>2025-12-03T12:45:35Z</time>
   </trkpt>
   <trkpt lat="-33.4517810" lon="-70.5959810">
    <ele>597.0</ele>
    <time>2025-12-03T12:45:36Z</time>
   </trkpt>
   <trkpt lat="-33.4518100" lon="-70.5959860">
    <ele>596.9</ele>
    <time>2025-12-03T12:45:37Z</time>
   </trkpt>
   <trkpt lat="-33.4518430" lon="-70.5959960">
    <ele>596.9</ele>
    <time>2025-12-03T12:45:38Z</time>
   </trkpt>
   <trkpt lat="-33.4518590" lon="-70.5960000">
    <ele>596.8</ele>
    <time>2025-12-03T12:45:39Z</time>
   </trkpt>
   <trkpt lat="-33.4518970" lon="-70.5960050">
    <ele>596.8</ele>
    <time>2025-12-03T12:45:40Z</time>
   </trkpt>
   <trkpt lat="-33.4519260" lon="-70.5960060">
    <ele>596.8</ele>
    <time>2025-12-03T12:45:41Z</time>
   </trkpt>
   <trkpt lat="-33.4519620" lon="-70.5960040">
    <ele>596.7</ele>
    <time>2025-12-03T12:45:42Z</time>
   </trkpt>
   <trkpt lat="-33.4520020" lon="-70.5960090">
    <ele>596.6</ele>
    <time>2025-12-03T12:45:43Z</time>
   </trkpt>
   <trkpt lat="-33.4520150" lon="-70.5960130">
    <ele>596.6</ele>
    <time>2025-12-03T12:45:44Z</time>
   </trkpt>
   <trkpt lat="-33.4520460" lon="-70.5960180">
    <ele>596.6</ele>
    <time>2025-12-03T12:45:45Z</time>
   </trkpt>
   <trkpt lat="-33.4520820" lon="-70.5960190">
    <ele>596.5</ele>
    <time>2025-12-03T12:45:46Z</time>
   </trkpt>
   <trkpt lat="-33.4520960" lon="-70.5960160">
    <ele>596.5</ele>
    <time>2025-12-03T12:45:47Z</time>
   </trkpt>
   <trkpt lat="-33.4521310" lon="-70.5960140">
    <ele>596.5</ele>
    <time>2025-12-03T12:45:48Z</time>
   </trkpt>
   <trkpt lat="-33.4521440" lon="-70.5960130">
    <ele>596.5</ele>
    <time>2025-12-03T12:45:49Z</time>
   </trkpt>
   <trkpt lat="-33.4521720" lon="-70.5960170">
    <ele>596.4</ele>
    <time>2025-12-03T12:45:50Z</time>
   </trkpt>
   <trkpt lat="-33.4522060" lon="-70.5960180">
    <ele>596.4</ele>
    <time>2025-12-03T12:45:51Z</time>
   </trkpt>
   <trkpt lat="-33.4522150" lon="-70.5960210">
    <ele>596.4</ele>
    <time>2025-12-03T12:45:52Z</time>
   </trkpt>
   <trkpt lat="-33.4522490" lon="-70.5960170">
    <ele>596.4</ele>
    <time>2025-12-03T12:45:53Z</time>
   </trkpt>
   <trkpt lat="-33.4522580" lon="-70.5960140">
    <ele>596.4</ele>
    <time>2025-12-03T12:45:54Z</time>
   </trkpt>
   <trkpt lat="-33.4522970" lon="-70.5960160">
    <ele>596.3</ele>
    <time>2025-12-03T12:45:55Z</time>
   </trkpt>
   <trkpt lat="-33.4523110" lon="-70.5960170">
    <ele>596.3</ele>
    <time>2025-12-03T12:45:56Z</time>
   </trkpt>
   <trkpt lat="-33.4523450" lon="-70.5960320">
    <ele>596.3</ele>
    <time>2025-12-03T12:45:57Z</time>
   </trkpt>
   <trkpt lat="-33.4523570" lon="-70.5960360">
    <ele>596.3</ele>
    <time>2025-12-03T12:45:58Z</time>
   </trkpt>
   <trkpt lat="-33.4523950" lon="-70.5960350">
    <ele>596.2</ele>
    <time>2025-12-03T12:45:59Z</time>
   </trkpt>
   <trkpt lat="-33.4524070" lon="-70.5960340">
    <ele>596.2</ele>
    <time>2025-12-03T12:46:00Z</time>
   </trkpt>
   <trkpt lat="-33.4524420" lon="-70.5960350">
    <ele>596.2</ele>
    <time>2025-12-03T12:46:01Z</time>
   </trkpt>
   <trkpt lat="-33.4524530" lon="-70.5960370">
    <ele>596.1</ele>
    <time>2025-12-03T12:46:02Z</time>
   </trkpt>
   <trkpt lat="-33.4524860" lon="-70.5960430">
    <ele>596.1</ele>
    <time>2025-12-03T12:46:03Z</time>
   </trkpt>
   <trkpt lat="-33.4525000" lon="-70.5960420">
    <ele>596.1</ele>
    <time>2025-12-03T12:46:04Z</time>
   </trkpt>
   <trkpt lat="-33.4525370" lon="-70.5960380">
    <ele>596.0</ele>
    <time>2025-12-03T12:46:05Z</time>
   </trkpt>
   <trkpt lat="-33.4525490" lon="-70.5960360">
    <ele>596.0</ele>
    <time>2025-12-03T12:46:06Z</time>
   </trkpt>
   <trkpt lat="-33.4525850" lon="-70.5960390">
    <ele>596.0</ele>
    <time>2025-12-03T12:46:07Z</time>
   </trkpt>
   <trkpt lat="-33.4525940" lon="-70.5960380">
    <ele>596.0</ele>
    <time>2025-12-03T12:46:08Z</time>
   </trkpt>
   <trkpt lat="-33.4526260" lon="-70.5960490">
    <ele>595.9</ele>
    <time>2025-12-03T12:46:09Z</time>
   </trkpt>
   <trkpt lat="-33.4526380" lon="-70.5960510">
    <ele>595.9</ele>
    <time>2025-12-03T12:46:10Z</time>
   </trkpt>
   <trkpt lat="-33.4526740" lon="-70.5960480">
    <ele>595.9</ele>
    <time>2025-12-03T12:46:11Z</time>
   </trkpt>
   <trkpt lat="-33.4526860" lon="-70.5960490">
    <ele>595.9</ele>
    <time>2025-12-03T12:46:12Z</time>
   </trkpt>
   <trkpt lat="-33.4527170" lon="-70.5960610">
    <ele>595.9</ele>
    <time>2025-12-03T12:46:13Z</time>
   </trkpt>
   <trkpt lat="-33.4527260" lon="-70.5960660">
    <ele>595.9</ele>
    <time>2025-12-03T12:46:14Z</time>
   </trkpt>
   <trkpt lat="-33.4527550" lon="-70.5960620">
    <ele>595.8</ele>
    <time>2025-12-03T12:46:15Z</time>
   </trkpt>
   <trkpt lat="-33.4527860" lon="-70.5960640">
    <ele>595.8</ele>
    <time>2025-12-03T12:46:16Z</time>
   </trkpt>
   <trkpt lat="-33.4527950" lon="-70.5960660">
    <ele>595.8</ele>
    <time>2025-12-03T12:46:17Z</time>
   </trkpt>
   <trkpt lat="-33.4528250" lon="-70.5960680">
    <ele>595.8</ele>
    <time>2025-12-03T12:46:18Z</time>
   </trkpt>
   <trkpt lat="-33.4528330" lon="-70.5960660">
    <ele>595.8</ele>
    <time>2025-12-03T12:46:19Z</time>
   </trkpt>
   <trkpt lat="-33.4528630" lon="-70.5960810">
    <ele>595.7</ele>
    <time>2025-12-03T12:46:20Z</time>
   </trkpt>
   <trkpt lat="-33.4528700" lon="-70.5960880">
    <ele>595.7</ele>
    <time>2025-12-03T12:46:21Z</time>
   </trkpt>
   <trkpt lat="-33.4528960" lon="-70.5960880">
    <ele>595.7</ele>
    <time>2025-12-03T12:46:22Z</time>
   </trkpt>
   <trkpt lat="-33.4529030" lon="-70.5960890">
    <ele>595.7</ele>
    <time>2025-12-03T12:46:23Z</time>
   </trkpt>
   <trkpt lat="-33.4529100" lon="-70.5960890">
    <ele>595.7</ele>
    <time>2025-12-03T12:46:24Z</time>
   </trkpt>
   <trkpt lat="-33.4529240" lon="-70.5960870">
    <ele>595.7</ele>
    <time>2025-12-03T12:46:25Z</time>
   </trkpt>
   <trkpt lat="-33.4529440" lon="-70.5960920">
    <ele>595.7</ele>
    <time>2025-12-03T12:46:26Z</time>
   </trkpt>
   <trkpt lat="-33.4529530" lon="-70.5960900">
    <ele>595.6</ele>
    <time>2025-12-03T12:46:27Z</time>
   </trkpt>
   <trkpt lat="-33.4529740" lon="-70.5960860">
    <ele>595.6</ele>
    <time>2025-12-03T12:46:28Z</time>
   </trkpt>
   <trkpt lat="-33.4530130" lon="-70.5960860">
    <ele>595.6</ele>
    <time>2025-12-03T12:46:29Z</time>
   </trkpt>
   <trkpt lat="-33.4530250" lon="-70.5960860">
    <ele>595.5</ele>
    <time>2025-12-03T12:46:30Z</time>
   </trkpt>
   <trkpt lat="-33.4530540" lon="-70.5960920">
    <ele>595.5</ele>
    <time>2025-12-03T12:46:31Z</time>
   </trkpt>
   <trkpt lat="-33.4530970" lon="-70.5960890">
    <ele>595.4</ele>
    <time>2025-12-03T12:46:32Z</time>
   </trkpt>
   <trkpt lat="-33.4531150" lon="-70.5960850">
    <ele>595.4</ele>
    <time>2025-12-03T12:46:33Z</time>
   </trkpt>
   <trkpt lat="-33.4531520" lon="-70.5960940">
    <ele>595.4</ele>
    <time>2025-12-03T12:46:34Z</time>
   </trkpt>
   <trkpt lat="-33.4531640" lon="-70.5960980">
    <ele>595.3</ele>
    <time>2025-12-03T12:46:35Z</time>
   </trkpt>
   <trkpt lat="-33.4531920" lon="-70.5960980">
    <ele>595.3</ele>
    <time>2025-12-03T12:46:36Z</time>
   </trkpt>
   <trkpt lat="-33.4532190" lon="-70.5961000">
    <ele>595.3</ele>
    <time>2025-12-03T12:46:37Z</time>
   </trkpt>
   <trkpt lat="-33.4532550" lon="-70.5960960">
    <ele>595.2</ele>
    <time>2025-12-03T12:46:38Z</time>
   </trkpt>
   <trkpt lat="-33.4532680" lon="-70.5960950">
    <ele>595.2</ele>
    <time>2025-12-03T12:46:39Z</time>
   </trkpt>
   <trkpt lat="-33.4533090" lon="-70.5960880">
    <ele>595.1</ele>
    <time>2025-12-03T12:46:40Z</time>
   </trkpt>
   <trkpt lat="-33.4533230" lon="-70.5960870">
    <ele>595.1</ele>
    <time>2025-12-03T12:46:41Z</time>
   </trkpt>
   <trkpt lat="-33.4533540" lon="-70.5960900">
    <ele>595.1</ele>
    <time>2025-12-03T12:46:42Z</time>
   </trkpt>
   <trkpt lat="-33.4533860" lon="-70.5960890">
    <ele>595.0</ele>
    <time>2025-12-03T12:46:43Z</time>
   </trkpt>
   <trkpt lat="-33.4534230" lon="-70.5960960">
    <ele>594.9</ele>
    <time>2025-12-03T12:46:44Z</time>
   </trkpt>
   <trkpt lat="-33.4534360" lon="-70.5961010">
    <ele>594.9</ele>
    <time>2025-12-03T12:46:45Z</time>
   </trkpt>
   <trkpt lat="-33.4534650" lon="-70.5961000">
    <ele>594.9</ele>
    <time>2025-12-03T12:46:46Z</time>
   </trkpt>
   <trkpt lat="-33.4534820" lon="-70.5961010">
    <ele>594.8</ele>
    <time>2025-12-03T12:46:47Z</time>
   </trkpt>
   <trkpt lat="-33.4534970" lon="-70.5961040">
    <ele>594.8</ele>
    <time>2025-12-03T12:46:48Z</time>
   </trkpt>
   <trkpt lat="-33.4535060" lon="-70.5961120">
    <ele>594.8</ele>
    <time>2025-12-03T12:46:49Z</time>
   </trkpt>
   <trkpt lat="-33.4535060" lon="-70.5961290">
    <ele>594.9</ele>
    <time>2025-12-03T12:46:50Z</time>
   </trkpt>
   <trkpt lat="-33.4535110" lon="-70.5961430">
    <ele>594.9</ele>
    <time>2025-12-03T12:46:51Z</time>
   </trkpt>
   <trkpt lat="-33.4535120" lon="-70.5961800">
    <ele>594.9</ele>
    <time>2025-12-03T12:46:52Z</time>
   </trkpt>
   <trkpt lat="-33.4535130" lon="-70.5961920">
    <ele>594.8</ele>
    <time>2025-12-03T12:46:53Z</time>
   </trkpt>
   <trkpt lat="-33.4535150" lon="-70.5962260">
    <ele>594.8</ele>
    <time>2025-12-03T12:46:54Z</time>
   </trkpt>
   <trkpt lat="-33.4535150" lon="-70.5962380">
    <ele>594.8</ele>
    <time>2025-12-03T12:46:55Z</time>
   </trkpt>
   <trkpt lat="-33.4535350" lon="-70.5962550">
    <ele>594.7</ele>
    <time>2025-12-03T12:46:56Z</time>
   </trkpt>
   <trkpt lat="-33.4535480" lon="-70.5962580">
    <ele>594.7</ele>
    <time>2025-12-03T12:46:57Z</time>
   </trkpt>
   <trkpt lat="-33.4535610" lon="-70.5962610">
    <ele>594.7</ele>
    <time>2025-12-03T12:46:58Z</time>
   </trkpt>
   <trkpt lat="-33.4535910" lon="-70.5962650">
    <ele>594.6</ele>
    <time>2025-12-03T12:46:59Z</time>
   </trkpt>
   <trkpt lat="-33.4536260" lon="-70.5962700">
    <ele>594.6</ele>
    <time>2025-12-03T12:47:00Z</time>
   </trkpt>
   <trkpt lat="-33.4536330" lon="-70.5962740">
    <ele>594.6</ele>
    <time>2025-12-03T12:47:01Z</time>
   </trkpt>
   <trkpt lat="-33.4536610" lon="-70.5962750">
    <ele>594.6</ele>
    <time>2025-12-03T12:47:02Z</time>
   </trkpt>
   <trkpt lat="-33.4536710" lon="-70.5962750">
    <ele>594.6</ele>
    <time>2025-12-03T12:47:03Z</time>
   </trkpt>
   <trkpt lat="-33.4537110" lon="-70.5962770">
    <ele>594.5</ele>
    <time>2025-12-03T12:47:04Z</time>
   </trkpt>
   <trkpt lat="-33.4537240" lon="-70.5962800">
    <ele>594.5</ele>
    <time>2025-12-03T12:47:05Z</time>
   </trkpt>
   <trkpt lat="-33.4537560" lon="-70.5962790">
    <ele>594.5</ele>
    <time>2025-12-03T12:47:06Z</time>
   </trkpt>
   <trkpt lat="-33.4537870" lon="-70.5962820">
    <ele>594.4</ele>
    <time>2025-12-03T12:47:07Z</time>
   </trkpt>
   <trkpt lat="-33.4538170" lon="-70.5962900">
    <ele>594.4</ele>
    <time>2025-12-03T12:47:08Z</time>
   </trkpt>
   <trkpt lat="-33.4538560" lon="-70.5962960">
    <ele>594.4</ele>
    <time>2025-12-03T12:47:09Z</time>
   </trkpt>
   <trkpt lat="-33.4538710" lon="-70.5963010">
    <ele>594.3</ele>
    <time>2025-12-03T12:47:10Z</time>
   </trkpt>
   <trkpt lat="-33.4539080" lon="-70.5963000">
    <ele>594.3</ele>
    <time>2025-12-03T12:47:11Z</time>
   </trkpt>
   <trkpt lat="-33.4539200" lon="-70.5962980">
    <ele>594.3</ele>
    <time>2025-12-03T12:47:12Z</time>
   </trkpt>
   <trkpt lat="-33.4539480" lon="-70.5963050">
    <ele>594.2</ele>
    <time>2025-12-03T12:47:13Z</time>
   </trkpt>
   <trkpt lat="-33.4539580" lon="-70.5963090">
    <ele>594.2</ele>
    <time>2025-12-03T12:47:14Z</time>
   </trkpt>
   <trkpt lat="-33.4539870" lon="-70.5963190">
    <ele>594.2</ele>
    <time>2025-12-03T12:47:15Z</time>
   </trkpt>
   <trkpt lat="-33.4539960" lon="-70.5963230">
    <ele>594.2</ele>
    <time>2025-12-03T12:47:16Z</time>
   </trkpt>
   <trkpt lat="-33.4540290" lon="-70.5963290">
    <ele>594.1</ele>
    <time>2025-12-03T12:47:17Z</time>
   </trkpt>
   <trkpt lat="-33.4540400" lon="-70.5963310">
    <ele>594.1</ele>
    <time>2025-12-03T12:47:18Z</time>
   </trkpt>
   <trkpt lat="-33.4540780" lon="-70.5963270">
    <ele>594.0</ele>
    <time>2025-12-03T12:47:19Z</time>
   </trkpt>
   <trkpt lat="-33.4540890" lon="-70.5963230">
    <ele>594.0</ele>
    <time>2025-12-03T12:47:20Z</time>
   </trkpt>
   <trkpt lat="-33.4541290" lon="-70.5963310">
    <ele>594.0</ele>
    <time>2025-12-03T12:47:21Z</time>
   </trkpt>
   <trkpt lat="-33.4541430" lon="-70.5963370">
    <ele>594.0</ele>
    <time>2025-12-03T12:47:22Z</time>
   </trkpt>
   <trkpt lat="-33.4541730" lon="-70.5963480">
    <ele>593.9</ele>
    <time>2025-12-03T12:47:23Z</time>
   </trkpt>
   <trkpt lat="-33.4542050" lon="-70.5963540">
    <ele>593.9</ele>
    <time>2025-12-03T12:47:24Z</time>
   </trkpt>
   <trkpt lat="-33.4542440" lon="-70.5963550">
    <ele>593.8</ele>
    <time>2025-12-03T12:47:25Z</time>
   </trkpt>
   <trkpt lat="-33.4542730" lon="-70.5963570">
    <ele>593.8</ele>
    <time>2025-12-03T12:47:26Z</time>
   </trkpt>
   <trkpt lat="-33.4543110" lon="-70.5963660">
    <ele>593.7</ele>
    <time>2025-12-03T12:47:27Z</time>
   </trkpt>
   <trkpt lat="-33.4543230" lon="-70.5963680">
    <ele>593.7</ele>
    <time>2025-12-03T12:47:28Z</time>
   </trkpt>
   <trkpt lat="-33.4543600" lon="-70.5963780">
    <ele>593.7</ele>
    <time>2025-12-03T12:47:29Z</time>
   </trkpt>
   <trkpt lat="-33.4543740" lon="-70.5963790">
    <ele>593.7</ele>
    <time>2025-12-03T12:47:30Z</time>
   </trkpt>
   <trkpt lat="-33.4544040" lon="-70.5963920">
    <ele>593.6</ele>
    <time>2025-12-03T12:47:31Z</time>
   </trkpt>
   <trkpt lat="-33.4544130" lon="-70.5963980">
    <ele>593.6</ele>
    <time>2025-12-03T12:47:32Z</time>
   </trkpt>
   <trkpt lat="-33.4544220" lon="-70.5964030">
    <ele>593.6</ele>
    <time>2025-12-03T12:47:33Z</time>
   </trkpt>
   <trkpt lat="-33.4544460" lon="-70.5964040">
    <ele>593.6</ele>
    <time>2025-12-03T12:47:34Z</time>
   </trkpt>
   <trkpt lat="-33.4544820" lon="-70.5964000">
    <ele>593.5</ele>
    <time>2025-12-03T12:47:35Z</time>
   </trkpt>
   <trkpt lat="-33.4544930" lon="-70.5963970">
    <ele>593.5</ele>
    <time>2025-12-03T12:47:36Z</time>
   </trkpt>
   <trkpt lat="-33.4545300" lon="-70.5963950">
    <ele>593.4</ele>
    <time>2025-12-03T12:47:37Z</time>
   </trkpt>
   <trkpt lat="-33.4545420" lon="-70.5963970">
    <ele>593.4</ele>
    <time>2025-12-03T12:47:38Z</time>
   </trkpt>
   <trkpt lat="-33.4545720" lon="-70.5964080">
    <ele>593.4</ele>
    <time>2025-12-03T12:47:39Z</time>
   </trkpt>
   <trkpt lat="-33.4545800" lon="-70.5964160">
    <ele>593.4</ele>
    <time>2025-12-03T12:47:40Z</time>
   </trkpt>
   <trkpt lat="-33.4546160" lon="-70.5964150">
    <ele>593.3</ele>
    <time>2025-12-03T12:47:41Z</time>
   </trkpt>
   <trkpt lat="-33.4546270" lon="-70.5964160">
    <ele>593.3</ele>
    <time>2025-12-03T12:47:42Z</time>
   </trkpt>
   <trkpt lat="-33.4546570" lon="-70.5964190">
    <ele>593.3</ele>
    <time>2025-12-03T12:47:43Z</time>
   </trkpt>
   <trkpt lat="-33.4546890" lon="-70.5964200">
    <ele>593.2</ele>
    <time>2025-12-03T12:47:44Z</time>
   </trkpt>
   <trkpt lat="-33.4547270" lon="-70.5964310">
    <ele>593.2</ele>
    <time>2025-12-03T12:47:45Z</time>
   </trkpt>
   <trkpt lat="-33.4547410" lon="-70.5964320">
    <ele>593.2</ele>
    <time>2025-12-03T12:47:46Z</time>
   </trkpt>
   <trkpt lat="-33.4547770" lon="-70.5964280">
    <ele>593.1</ele>
    <time>2025-12-03T12:47:47Z</time>
   </trkpt>
   <trkpt lat="-33.4547870" lon="-70.5964270">
    <ele>593.1</ele>
    <time>2025-12-03T12:47:48Z</time>
   </trkpt>
   <trkpt lat="-33.4548190" lon="-70.5964280">
    <ele>593.1</ele>
    <time>2025-12-03T12:47:49Z</time>
   </trkpt>
   <trkpt lat="-33.4548290" lon="-70.5964300">
    <ele>593.0</ele>
    <time>2025-12-03T12:47:50Z</time>
   </trkpt>
   <trkpt lat="-33.4548570" lon="-70.5964330">
    <ele>593.0</ele>
    <time>2025-12-03T12:47:51Z</time>
   </trkpt>
   <trkpt lat="-33.4548680" lon="-70.5964340">
    <ele>593.0</ele>
    <time>2025-12-03T12:47:52Z</time>
   </trkpt>
   <trkpt lat="-33.4548840" lon="-70.5964350">
    <ele>592.9</ele>
    <time>2025-12-03T12:47:53Z</time>
   </trkpt>
   <trkpt lat="-33.4548970" lon="-70.5964370">
    <ele>592.9</ele>
    <time>2025-12-03T12:47:54Z</time>
   </trkpt>
   <trkpt lat="-33.4549210" lon="-70.5964510">
    <ele>592.9</ele>
    <time>2025-12-03T12:47:55Z</time>
   </trkpt>
   <trkpt lat="-33.4549280" lon="-70.5964610">
    <ele>592.9</ele>
    <time>2025-12-03T12:47:56Z</time>
   </trkpt>
   <trkpt lat="-33.4549350" lon="-70.5964780">
    <ele>592.8</ele>
    <time>2025-12-03T12:47:57Z</time>
   </trkpt>
   <trkpt lat="-33.4549350" lon="-70.5965030">
    <ele>592.8</ele>
    <time>2025-12-03T12:47:58Z</time>
   </trkpt>
   <trkpt lat="-33.4549350" lon="-70.5965440">
    <ele>592.7</ele>
    <time>2025-12-03T12:47:59Z</time>
   </trkpt>
   <trkpt lat="-33.4549350" lon="-70.5965600">
    <ele>592.7</ele>
    <time>2025-12-03T12:48:00Z</time>
   </trkpt>
   <trkpt lat="-33.4549250" lon="-70.5966090">
    <ele>592.6</ele>
    <time>2025-12-03T12:48:01Z</time>
   </trkpt>
   <trkpt lat="-33.4549220" lon="-70.5966280">
    <ele>592.6</ele>
    <time>2025-12-03T12:48:02Z</time>
   </trkpt>
   <trkpt lat="-33.4549150" lon="-70.5966610">
    <ele>592.6</ele>
    <time>2025-12-03T12:48:03Z</time>
   </trkpt>
   <trkpt lat="-33.4549080" lon="-70.5967070">
    <ele>592.5</ele>
    <time>2025-12-03T12:48:04Z</time>
   </trkpt>
   <trkpt lat="-33.4549050" lon="-70.5967240">
    <ele>592.5</ele>
    <time>2025-12-03T12:48:05Z</time>
   </trkpt>
   <trkpt lat="-33.4549050" lon="-70.5967580">
    <ele>592.5</ele>
    <time>2025-12-03T12:48:06Z</time>
   </trkpt>
   <trkpt lat="-33.4549070" lon="-70.5967910">
    <ele>592.4</ele>
    <time>2025-12-03T12:48:07Z</time>
   </trkpt>
   <trkpt lat="-33.4549060" lon="-70.5968370">
    <ele>592.4</ele>
    <time>2025-12-03T12:48:08Z</time>
   </trkpt>
   <trkpt lat="-33.4549050" lon="-70.5968520">
    <ele>592.3</ele>
    <time>2025-12-03T12:48:09Z</time>
   </trkpt>
   <trkpt lat="-33.4549020" lon="-70.5968930">
    <ele>592.3</ele>
    <time>2025-12-03T12:48:10Z</time>
   </trkpt>
   <trkpt lat="-33.4549000" lon="-70.5969060">
    <ele>592.3</ele>
    <time>2025-12-03T12:48:11Z</time>
   </trkpt>
   <trkpt lat="-33.4548930" lon="-70.5969500">
    <ele>592.3</ele>
    <time>2025-12-03T12:48:12Z</time>
   </trkpt>
   <trkpt lat="-33.4548900" lon="-70.5969640">
    <ele>592.3</ele>
    <time>2025-12-03T12:48:13Z</time>
   </trkpt>
   <trkpt lat="-33.4548720" lon="-70.5970010">
    <ele>592.2</ele>
    <time>2025-12-03T12:48:14Z</time>
   </trkpt>
   <trkpt lat="-33.4548650" lon="-70.5970110">
    <ele>592.2</ele>
    <time>2025-12-03T12:48:15Z</time>
   </trkpt>
   <trkpt lat="-33.4548480" lon="-70.5970510">
    <ele>592.1</ele>
    <time>2025-12-03T12:48:16Z</time>
   </trkpt>
   <trkpt lat="-33.4548420" lon="-70.5970650">
    <ele>592.1</ele>
    <time>2025-12-03T12:48:17Z</time>
   </trkpt>
   <trkpt lat="-33.4548300" lon="-70.5971000">
    <ele>592.1</ele>
    <time>2025-12-03T12:48:18Z</time>
   </trkpt>
   <trkpt lat="-33.4548260" lon="-70.5971130">
    <ele>592.1</ele>
    <time>2025-12-03T12:48:19Z</time>
   </trkpt>
   <trkpt lat="-33.4548240" lon="-70.5971510">
    <ele>592.0</ele>
    <time>2025-12-03T12:48:20Z</time>
   </trkpt>
   <trkpt lat="-33.4548210" lon="-70.5971620">
    <ele>592.0</ele>
    <time>2025-12-03T12:48:21Z</time>
   </trkpt>
   <trkpt lat="-33.4547940" lon="-70.5971770">
    <ele>592.0</ele>
    <time>2025-12-03T12:48:22Z</time>
   </trkpt>
   <trkpt lat="-33.4547870" lon="-70.5971860">
    <ele>592.0</ele>
    <time>2025-12-03T12:48:23Z</time>
   </trkpt>
   <trkpt lat="-33.4547810" lon="-70.5972180">
    <ele>592.0</ele>
    <time>2025-12-03T12:48:24Z</time>
   </trkpt>
   <trkpt lat="-33.4547780" lon="-70.5972660">
    <ele>592.0</ele>
    <time>2025-12-03T12:48:25Z</time>
   </trkpt>
   <trkpt lat="-33.4547750" lon="-70.5972810">
    <ele>591.9</ele>
    <time>2025-12-03T12:48:26Z</time>
   </trkpt>
   <trkpt lat="-33.4547680" lon="-70.5973120">
    <ele>591.9</ele>
    <time>2025-12-03T12:48:27Z</time>
   </trkpt>
   <trkpt lat="-33.4547700" lon="-70.5973250">
    <ele>591.9</ele>
    <time>2025-12-03T12:48:28Z</time>
   </trkpt>
   <trkpt lat="-33.4547730" lon="-70.5973690">
    <ele>591.9</ele>
    <time>2025-12-03T12:48:29Z</time>
   </trkpt>
   <trkpt lat="-33.4547760" lon="-70.5973830">
    <ele>591.9</ele>
    <time>2025-12-03T12:48:30Z</time>
   </trkpt>
   <trkpt lat="-33.4547820" lon="-70.5974270">
    <ele>591.8</ele>
    <time>2025-12-03T12:48:31Z</time>
   </trkpt>
   <trkpt lat="-33.4547830" lon="-70.5974430">
    <ele>591.8</ele>
    <time>2025-12-03T12:48:32Z</time>
   </trkpt>
   <trkpt lat="-33.4547820" lon="-70.5974850">
    <ele>591.7</ele>
    <time>2025-12-03T12:48:33Z</time>
   </trkpt>
   <trkpt lat="-33.4547820" lon="-70.5974980">
    <ele>591.7</ele>
    <time>2025-12-03T12:48:34Z</time>
   </trkpt>
   <trkpt lat="-33.4547810" lon="-70.5975420">
    <ele>591.7</ele>
    <time>2025-12-03T12:48:35Z</time>
   </trkpt>
   <trkpt lat="-33.4547790" lon="-70.5975550">
    <ele>591.7</ele>
    <time>2025-12-03T12:48:36Z</time>
   </trkpt>
   <trkpt lat="-33.4547750" lon="-70.5975930">
    <ele>591.6</ele>
    <time>2025-12-03T12:48:37Z</time>
   </trkpt>
   <trkpt lat="-33.4547740" lon="-70.5976060">
    <ele>591.6</ele>
    <time>2025-12-03T12:48:38Z</time>
   </trkpt>
   <trkpt lat="-33.4547740" lon="-70.5976400">
    <ele>591.6</ele>
    <time>2025-12-03T12:48:39Z</time>
   </trkpt>
   <trkpt lat="-33.4547740" lon="-70.5976520">
    <ele>591.6</ele>
    <time>2025-12-03T12:48:40Z</time>
   </trkpt>
   <trkpt lat="-33.4547740" lon="-70.5976720">
    <ele>591.5</ele>
    <time>2025-12-03T12:48:41Z</time>
   </trkpt>
   <trkpt lat="-33.4547720" lon="-70.5976910">
    <ele>591.5</ele>
    <time>2025-12-03T12:48:42Z</time>
   </trkpt>
   <trkpt lat="-33.4547710" lon="-70.5977280">
    <ele>591.5</ele>
    <time>2025-12-03T12:48:43Z</time>
   </trkpt>
   <trkpt lat="-33.4547720" lon="-70.5977410">
    <ele>591.5</ele>
    <time>2025-12-03T12:48:44Z</time>
   </trkpt>
   <trkpt lat="-33.4547720" lon="-70.5977590">
    <ele>591.4</ele>
    <time>2025-12-03T12:48:45Z</time>
   </trkpt>
   <trkpt lat="-33.4547700" lon="-70.5977780">
    <ele>591.4</ele>
    <time>2025-12-03T12:48:46Z</time>
   </trkpt>
   <trkpt lat="-33.4547690" lon="-70.5977950">
    <ele>591.4</ele>
    <time>2025-12-03T12:48:47Z</time>
   </trkpt>
   <trkpt lat="-33.4547660" lon="-70.5978160">
    <ele>591.4</ele>
    <time>2025-12-03T12:48:48Z</time>
   </trkpt>
   <trkpt lat="-33.4547610" lon="-70.5978380">
    <ele>591.3</ele>
    <time>2025-12-03T12:48:49Z</time>
   </trkpt>
   <trkpt lat="-33.4547540" lon="-70.5978390">
    <ele>591.3</ele>
    <time>2025-12-03T12:48:50Z</time>
   </trkpt>
   <trkpt lat="-33.4547510" lon="-70.5978460">
    <ele>591.3</ele>
    <time>2025-12-03T12:48:51Z</time>
   </trkpt>
   <trkpt lat="-33.4547530" lon="-70.5978720">
    <ele>591.4</ele>
    <time>2025-12-03T12:48:52Z</time>
   </trkpt>
   <trkpt lat="-33.4547550" lon="-70.5978830">
    <ele>591.4</ele>
    <time>2025-12-03T12:48:53Z</time>
   </trkpt>
   <trkpt lat="-33.4547560" lon="-70.5978940">
    <ele>591.4</ele>
    <time>2025-12-03T12:48:54Z</time>
   </trkpt>
   <trkpt lat="-33.4547620" lon="-70.5979330">
    <ele>591.4</ele>
    <time>2025-12-03T12:48:55Z</time>
   </trkpt>
   <trkpt lat="-33.4547620" lon="-70.5979670">
    <ele>591.4</ele>
    <time>2025-12-03T12:48:56Z</time>
   </trkpt>
   <trkpt lat="-33.4547570" lon="-70.5980060">
    <ele>591.5</ele>
    <time>2025-12-03T12:48:57Z</time>
   </trkpt>
   <trkpt lat="-33.4547560" lon="-70.5980200">
    <ele>591.5</ele>
    <time>2025-12-03T12:48:58Z</time>
   </trkpt>
   <trkpt lat="-33.4547580" lon="-70.5980640">
    <ele>591.4</ele>
    <time>2025-12-03T12:48:59Z</time>
   </trkpt>
   <trkpt lat="-33.4547590" lon="-70.5980770">
    <ele>591.4</ele>
    <time>2025-12-03T12:49:00Z</time>
   </trkpt>
   <trkpt lat="-33.4547610" lon="-70.5981010">
    <ele>591.3</ele>
    <time>2025-12-03T12:49:01Z</time>
   </trkpt>
   <trkpt lat="-33.4547630" lon="-70.5981160">
    <ele>591.3</ele>
    <time>2025-12-03T12:49:02Z</time>
   </trkpt>
   <trkpt lat="-33.4547630" lon="-70.5981360">
    <ele>591.3</ele>
    <time>2025-12-03T12:49:03Z</time>
   </trkpt>
   <trkpt lat="-33.4547570" lon="-70.5981540">
    <ele>591.2</ele>
    <time>2025-12-03T12:49:04Z</time>
   </trkpt>
   <trkpt lat="-33.4547460" lon="-70.5981740">
    <ele>591.2</ele>
    <time>2025-12-03T12:49:05Z</time>
   </trkpt>
   <trkpt lat="-33.4547440" lon="-70.5981860">
    <ele>591.2</ele>
    <time>2025-12-03T12:49:06Z</time>
   </trkpt>
   <trkpt lat="-33.4547420" lon="-70.5981970">
    <ele>591.2</ele>
    <time>2025-12-03T12:49:07Z</time>
   </trkpt>
   <trkpt lat="-33.4547360" lon="-70.5982130">
    <ele>591.1</ele>
    <time>2025-12-03T12:49:08Z</time>
   </trkpt>
   <trkpt lat="-33.4547320" lon="-70.5982280">
    <ele>591.1</ele>
    <time>2025-12-03T12:49:09Z</time>
   </trkpt>
   <trkpt lat="-33.4547300" lon="-70.5982390">
    <ele>591.1</ele>
    <time>2025-12-03T12:49:10Z</time>
   </trkpt>
   <trkpt lat="-33.4547310" lon="-70.5982470">
    <ele>591.1</ele>
    <time>2025-12-03T12:49:11Z</time>
   </trkpt>
   <trkpt lat="-33.4547300" lon="-70.5982560">
    <ele>591.1</ele>
    <time>2025-12-03T12:49:12Z</time>
   </trkpt>
   <trkpt lat="-33.4547270" lon="-70.5982620">
    <ele>591.0</ele>
    <time>2025-12-03T12:49:13Z</time>
   </trkpt>
   <trkpt lat="-33.4547260" lon="-70.5982670">
    <ele>591.0</ele>
    <time>2025-12-03T12:49:14Z</time>
   </trkpt>
   <trkpt lat="-33.4547260" lon="-70.5982710">
    <ele>591.0</ele>
    <time>2025-12-03T12:49:15Z</time>
   </trkpt>
   <trkpt lat="-33.4547260" lon="-70.5982750">
    <ele>591.0</ele>
    <time>2025-12-03T12:49:16Z</time>
   </trkpt>
   <trkpt lat="-33.4547260" lon="-70.5982790">
    <ele>591.0</ele>
    <time>2025-12-03T12:49:17Z</time>
   </trkpt>
   <trkpt lat="-33.4547260" lon="-70.5982830">
    <ele>591.0</ele>
    <time>2025-12-03T12:49:18Z</time>
   </trkpt>
   <trkpt lat="-33.4547260" lon="-70.5982870">
    <ele>591.0</ele>
    <time>2025-12-03T12:49:19Z</time>
   </trkpt>
   <trkpt lat="-33.4547260" lon="-70.5982910">
    <ele>591.0</ele>
    <time>2025-12-03T12:49:20Z</time>
   </trkpt>
   <trkpt lat="-33.4547260" lon="-70.5982950">
    <ele>591.0</ele>
    <time>2025-12-03T12:49:38Z</time>
   </trkpt>
   <trkpt lat="-33.4547260" lon="-70.5982990">
    <ele>591.0</ele>
    <time>2025-12-03T12:49:39Z</time>
   </trkpt>
   <trkpt lat="-33.4547260" lon="-70.5983040">
    <ele>591.0</ele>
    <time>2025-12-03T12:49:40Z</time>
   </trkpt>
   <trkpt lat="-33.4547260" lon="-70.5983080">
    <ele>591.0</ele>
    <time>2025-12-03T12:49:41Z</time>
   </trkpt>
   <trkpt lat="-33.4547260" lon="-70.5983120">
    <ele>591.0</ele>
    <time>2025-12-03T12:49:42Z</time>
   </trkpt>
   <trkpt lat="-33.4547260" lon="-70.5983160">
    <ele>591.0</ele>
    <time>2025-12-03T12:49:43Z</time>
   </trkpt>
   <trkpt lat="-33.4547260" lon="-70.5983200">
    <ele>590.9</ele>
    <time>2025-12-03T12:49:44Z</time>
   </trkpt>
   <trkpt lat="-33.4547260" lon="-70.5983240">
    <ele>590.9</ele>
    <time>2025-12-03T12:49:45Z</time>
   </trkpt>
   <trkpt lat="-33.4547260" lon="-70.5983280">
    <ele>590.9</ele>
    <time>2025-12-03T12:49:46Z</time>
   </trkpt>
   <trkpt lat="-33.4547260" lon="-70.5983320">
    <ele>590.9</ele>
    <time>2025-12-03T12:49:47Z</time>
   </trkpt>
   <trkpt lat="-33.4547260" lon="-70.5983360">
    <ele>590.9</ele>
    <time>2025-12-03T12:49:48Z</time>
   </trkpt>
   <trkpt lat="-33.4547260" lon="-70.5983400">
    <ele>590.9</ele>
    <time>2025-12-03T12:49:49Z</time>
   </trkpt>
   <trkpt lat="-33.4547270" lon="-70.5983550">
    <ele>590.9</ele>
    <time>2025-12-03T12:49:50Z</time>
   </trkpt>
   <trkpt lat="-33.4547260" lon="-70.5983690">
    <ele>590.9</ele>
    <time>2025-12-03T12:49:51Z</time>
   </trkpt>
   <trkpt lat="-33.4547230" lon="-70.5983830">
    <ele>590.8</ele>
    <time>2025-12-03T12:49:52Z</time>
   </trkpt>
   <trkpt lat="-33.4547220" lon="-70.5983950">
    <ele>590.8</ele>
    <time>2025-12-03T12:49:53Z</time>
   </trkpt>
   <trkpt lat="-33.4547230" lon="-70.5984070">
    <ele>590.8</ele>
    <time>2025-12-03T12:49:54Z</time>
   </trkpt>
   <trkpt lat="-33.4547220" lon="-70.5984170">
    <ele>590.8</ele>
    <time>2025-12-03T12:49:55Z</time>
   </trkpt>
   <trkpt lat="-33.4547220" lon="-70.5984310">
    <ele>590.8</ele>
    <time>2025-12-03T12:49:56Z</time>
   </trkpt>
   <trkpt lat="-33.4547270" lon="-70.5984400">
    <ele>590.8</ele>
    <time>2025-12-03T12:49:57Z</time>
   </trkpt>
   <trkpt lat="-33.4547280" lon="-70.5984510">
    <ele>590.8</ele>
    <time>2025-12-03T12:49:58Z</time>
   </trkpt>
   <trkpt lat="-33.4547300" lon="-70.5984610">
    <ele>590.9</ele>
    <time>2025-12-03T12:49:59Z</time>
   </trkpt>
   <trkpt lat="-33.4547330" lon="-70.5984710">
    <ele>590.9</ele>
    <time>2025-12-03T12:50:00Z</time>
   </trkpt>
   <trkpt lat="-33.4547380" lon="-70.5984790">
    <ele>590.9</ele>
    <time>2025-12-03T12:50:01Z</time>
   </trkpt>
   <trkpt lat="-33.4547410" lon="-70.5984860">
    <ele>590.9</ele>
    <time>2025-12-03T12:50:02Z</time>
   </trkpt>
   <trkpt lat="-33.4547520" lon="-70.5984910">
    <ele>590.9</ele>
    <time>2025-12-03T12:50:03Z</time>
   </trkpt>
   <trkpt lat="-33.4547600" lon="-70.5984920">
    <ele>590.9</ele>
    <time>2025-12-03T12:50:04Z</time>
   </trkpt>
   <trkpt lat="-33.4547690" lon="-70.5984930">
    <ele>590.9</ele>
    <time>2025-12-03T12:50:05Z</time>
   </trkpt>
   <trkpt lat="-33.4547770" lon="-70.5984940">
    <ele>590.9</ele>
    <time>2025-12-03T12:50:06Z</time>
   </trkpt>
   <trkpt lat="-33.4547850" lon="-70.5984940">
    <ele>590.9</ele>
    <time>2025-12-03T12:50:07Z</time>
   </trkpt>
   <trkpt lat="-33.4547930" lon="-70.5984950">
    <ele>590.9</ele>
    <time>2025-12-03T12:50:08Z</time>
   </trkpt>
   <trkpt lat="-33.4548020" lon="-70.5984960">
    <ele>590.9</ele>
    <time>2025-12-03T12:51:04Z</time>
   </trkpt>
   <trkpt lat="-33.4548100" lon="-70.5984970">
    <ele>590.9</ele>
    <time>2025-12-03T12:51:05Z</time>
   </trkpt>
   <trkpt lat="-33.4548180" lon="-70.5984980">
    <ele>590.9</ele>
    <time>2025-12-03T12:51:06Z</time>
   </trkpt>
   <trkpt lat="-33.4548410" lon="-70.5984760">
    <ele>590.9</ele>
    <time>2025-12-03T12:51:07Z</time>
   </trkpt>
   <trkpt lat="-33.4548490" lon="-70.5984680">
    <ele>590.9</ele>
    <time>2025-12-03T12:51:08Z</time>
   </trkpt>
   <trkpt lat="-33.4548670" lon="-70.5984550">
    <ele>590.9</ele>
    <time>2025-12-03T12:51:09Z</time>
   </trkpt>
   <trkpt lat="-33.4548810" lon="-70.5984470">
    <ele>590.9</ele>
    <time>2025-12-03T12:51:10Z</time>
   </trkpt>
   <trkpt lat="-33.4549090" lon="-70.5984300">
    <ele>590.9</ele>
    <time>2025-12-03T12:51:11Z</time>
   </trkpt>
   <trkpt lat="-33.4549170" lon="-70.5984250">
    <ele>590.9</ele>
    <time>2025-12-03T12:51:12Z</time>
   </trkpt>
   <trkpt lat="-33.4549480" lon="-70.5984060">
    <ele>591.0</ele>
    <time>2025-12-03T12:51:13Z</time>
   </trkpt>
   <trkpt lat="-33.4549560" lon="-70.5983990">
    <ele>591.0</ele>
    <time>2025-12-03T12:51:14Z</time>
   </trkpt>
   <trkpt lat="-33.4549690" lon="-70.5983900">
    <ele>591.0</ele>
    <time>2025-12-03T12:51:15Z</time>
   </trkpt>
   <trkpt lat="-33.4549790" lon="-70.5983780">
    <ele>591.0</ele>
    <time>2025-12-03T12:51:16Z</time>
   </trkpt>
   <trkpt lat="-33.4550070" lon="-70.5983720">
    <ele>591.1</ele>
    <time>2025-12-03T12:51:17Z</time>
   </trkpt>
   <trkpt lat="-33.4550200" lon="-70.5983680">
    <ele>591.1</ele>
    <time>2025-12-03T12:51:18Z</time>
   </trkpt>
   <trkpt lat="-33.4550490" lon="-70.5983580">
    <ele>591.1</ele>
    <time>2025-12-03T12:51:19Z</time>
   </trkpt>
   <trkpt lat="-33.4550760" lon="-70.5983490">
    <ele>591.1</ele>
    <time>2025-12-03T12:51:20Z</time>
   </trkpt>
   <trkpt lat="-33.4551130" lon="-70.5983390">
    <ele>591.1</ele>
    <time>2025-12-03T12:51:21Z</time>
   </trkpt>
   <trkpt lat="-33.4551240" lon="-70.5983350">
    <ele>591.1</ele>
    <time>2025-12-03T12:51:22Z</time>
   </trkpt>
   <trkpt lat="-33.4551520" lon="-70.5983280">
    <ele>591.1</ele>
    <time>2025-12-03T12:51:23Z</time>
   </trkpt>
   <trkpt lat="-33.4551850" lon="-70.5983230">
    <ele>591.2</ele>
    <time>2025-12-03T12:51:24Z</time>
   </trkpt>
   <trkpt lat="-33.4551950" lon="-70.5983200">
    <ele>591.2</ele>
    <time>2025-12-03T12:51:25Z</time>
   </trkpt>
   <trkpt lat="-33.4552090" lon="-70.5983040">
    <ele>591.2</ele>
    <time>2025-12-03T12:51:26Z</time>
   </trkpt>
   <trkpt lat="-33.4552230" lon="-70.5983020">
    <ele>591.2</ele>
    <time>2025-12-03T12:51:27Z</time>
   </trkpt>
   <trkpt lat="-33.4552360" lon="-70.5983000">
    <ele>591.2</ele>
    <time>2025-12-03T12:51:28Z</time>
   </trkpt>
   <trkpt lat="-33.4552540" lon="-70.5982910">
    <ele>591.2</ele>
    <time>2025-12-03T12:51:29Z</time>
   </trkpt>
   <trkpt lat="-33.4552810" lon="-70.5982840">
    <ele>591.2</ele>
    <time>2025-12-03T12:51:30Z</time>
   </trkpt>
   <trkpt lat="-33.4552900" lon="-70.5982800">
    <ele>591.2</ele>
    <time>2025-12-03T12:51:31Z</time>
   </trkpt>
   <trkpt lat="-33.4553160" lon="-70.5982640">
    <ele>591.2</ele>
    <time>2025-12-03T12:51:32Z</time>
   </trkpt>
   <trkpt lat="-33.4553250" lon="-70.5982580">
    <ele>591.2</ele>
    <time>2025-12-03T12:51:33Z</time>
   </trkpt>
   <trkpt lat="-33.4553640" lon="-70.5982540">
    <ele>591.2</ele>
    <time>2025-12-03T12:51:34Z</time>
   </trkpt>
   <trkpt lat="-33.4553930" lon="-70.5982410">
    <ele>591.2</ele>
    <time>2025-12-03T12:51:35Z</time>
   </trkpt>
   <trkpt lat="-33.4554250" lon="-70.5982310">
    <ele>591.2</ele>
    <time>2025-12-03T12:51:36Z</time>
   </trkpt>
   <trkpt lat="-33.4554560" lon="-70.5982160">
    <ele>591.2</ele>
    <time>2025-12-03T12:51:37Z</time>
   </trkpt>
   <trkpt lat="-33.4554840" lon="-70.5982030">
    <ele>591.2</ele>
    <time>2025-12-03T12:51:38Z</time>
   </trkpt>
   <trkpt lat="-33.4555210" lon="-70.5981850">
    <ele>591.2</ele>
    <time>2025-12-03T12:51:39Z</time>
   </trkpt>
   <trkpt lat="-33.4555330" lon="-70.5981760">
    <ele>591.2</ele>
    <time>2025-12-03T12:51:40Z</time>
   </trkpt>
   <trkpt lat="-33.4555600" lon="-70.5981660">
    <ele>591.2</ele>
    <time>2025-12-03T12:51:41Z</time>
   </trkpt>
   <trkpt lat="-33.4555880" lon="-70.5981500">
    <ele>591.2</ele>
    <time>2025-12-03T12:51:42Z</time>
   </trkpt>
   <trkpt lat="-33.4556200" lon="-70.5981360">
    <ele>591.2</ele>
    <time>2025-12-03T12:51:43Z</time>
   </trkpt>
   <trkpt lat="-33.4556280" lon="-70.5981320">
    <ele>591.2</ele>
    <time>2025-12-03T12:51:44Z</time>
   </trkpt>
   <trkpt lat="-33.4556540" lon="-70.5981180">
    <ele>591.2</ele>
    <time>2025-12-03T12:51:45Z</time>
   </trkpt>
   <trkpt lat="-33.4556640" lon="-70.5981100">
    <ele>591.1</ele>
    <time>2025-12-03T12:51:46Z</time>
   </trkpt>
   <trkpt lat="-33.4556920" lon="-70.5981100">
    <ele>591.1</ele>
    <time>2025-12-03T12:51:47Z</time>
   </trkpt>
   <trkpt lat="-33.4557030" lon="-70.5981030">
    <ele>591.1</ele>
    <time>2025-12-03T12:51:48Z</time>
   </trkpt>
   <trkpt lat="-33.4557410" lon="-70.5980920">
    <ele>591.1</ele>
    <time>2025-12-03T12:51:49Z</time>
   </trkpt>
   <trkpt lat="-33.4557530" lon="-70.5980900">
    <ele>591.1</ele>
    <time>2025-12-03T12:51:50Z</time>
   </trkpt>
   <trkpt lat="-33.4557890" lon="-70.5980850">
    <ele>591.1</ele>
    <time>2025-12-03T12:51:51Z</time>
   </trkpt>
   <trkpt lat="-33.4557990" lon="-70.5980820">
    <ele>591.1</ele>
    <time>2025-12-03T12:51:52Z</time>
   </trkpt>
   <trkpt lat="-33.4558360" lon="-70.5980720">
    <ele>591.0</ele>
    <time>2025-12-03T12:51:53Z</time>
   </trkpt>
   <trkpt lat="-33.4558460" lon="-70.5980680">
    <ele>591.0</ele>
    <time>2025-12-03T12:51:54Z</time>
   </trkpt>
   <trkpt lat="-33.4558860" lon="-70.5980630">
    <ele>591.0</ele>
    <time>2025-12-03T12:51:55Z</time>
   </trkpt>
   <trkpt lat="-33.4558990" lon="-70.5980620">
    <ele>591.0</ele>
    <time>2025-12-03T12:51:56Z</time>
   </trkpt>
   <trkpt lat="-33.4559330" lon="-70.5980560">
    <ele>590.9</ele>
    <time>2025-12-03T12:51:57Z</time>
   </trkpt>
   <trkpt lat="-33.4559460" lon="-70.5980530">
    <ele>590.9</ele>
    <time>2025-12-03T12:51:58Z</time>
   </trkpt>
   <trkpt lat="-33.4559760" lon="-70.5980480">
    <ele>590.9</ele>
    <time>2025-12-03T12:51:59Z</time>
   </trkpt>
   <trkpt lat="-33.4560060" lon="-70.5980490">
    <ele>590.9</ele>
    <time>2025-12-03T12:52:00Z</time>
   </trkpt>
   <trkpt lat="-33.4560330" lon="-70.5980430">
    <ele>590.9</ele>
    <time>2025-12-03T12:52:01Z</time>
   </trkpt>
   <trkpt lat="-33.4560650" lon="-70.5980450">
    <ele>590.8</ele>
    <time>2025-12-03T12:52:02Z</time>
   </trkpt>
   <trkpt lat="-33.4560820" lon="-70.5980480">
    <ele>590.8</ele>
    <time>2025-12-03T12:52:03Z</time>
   </trkpt>
   <trkpt lat="-33.4561200" lon="-70.5980480">
    <ele>590.8</ele>
    <time>2025-12-03T12:52:04Z</time>
   </trkpt>
   <trkpt lat="-33.4561320" lon="-70.5980480">
    <ele>590.8</ele>
    <time>2025-12-03T12:52:05Z</time>
   </trkpt>
   <trkpt lat="-33.4561630" lon="-70.5980460">
    <ele>590.8</ele>
    <time>2025-12-03T12:52:06Z</time>
   </trkpt>
   <trkpt lat="-33.4561710" lon="-70.5980430">
    <ele>590.8</ele>
    <time>2025-12-03T12:52:07Z</time>
   </trkpt>
   <trkpt lat="-33.4561830" lon="-70.5980340">
    <ele>590.8</ele>
    <time>2025-12-03T12:52:08Z</time>
   </trkpt>
   <trkpt lat="-33.4562040" lon="-70.5980360">
    <ele>590.8</ele>
    <time>2025-12-03T12:52:09Z</time>
   </trkpt>
   <trkpt lat="-33.4562370" lon="-70.5980350">
    <ele>590.8</ele>
    <time>2025-12-03T12:52:10Z</time>
   </trkpt>
   <trkpt lat="-33.4562470" lon="-70.5980370">
    <ele>590.7</ele>
    <time>2025-12-03T12:52:11Z</time>
   </trkpt>
   <trkpt lat="-33.4562740" lon="-70.5980430">
    <ele>590.7</ele>
    <time>2025-12-03T12:52:12Z</time>
   </trkpt>
   <trkpt lat="-33.4563140" lon="-70.5980450">
    <ele>590.7</ele>
    <time>2025-12-03T12:52:13Z</time>
   </trkpt>
   <trkpt lat="-33.4563260" lon="-70.5980430">
    <ele>590.7</ele>
    <time>2025-12-03T12:52:14Z</time>
   </trkpt>
   <trkpt lat="-33.4563580" lon="-70.5980470">
    <ele>590.7</ele>
    <time>2025-12-03T12:52:15Z</time>
   </trkpt>
   <trkpt lat="-33.4563660" lon="-70.5980490">
    <ele>590.7</ele>
    <time>2025-12-03T12:52:16Z</time>
   </trkpt>
   <trkpt lat="-33.4563790" lon="-70.5980540">
    <ele>590.7</ele>
    <time>2025-12-03T12:52:17Z</time>
   </trkpt>
   <trkpt lat="-33.4563950" lon="-70.5980560">
    <ele>590.7</ele>
    <time>2025-12-03T12:52:18Z</time>
   </trkpt>
   <trkpt lat="-33.4563980" lon="-70.5980510">
    <ele>590.7</ele>
    <time>2025-12-03T12:52:19Z</time>
   </trkpt>
   <trkpt lat="-33.4564020" lon="-70.5980530">
    <ele>590.7</ele>
    <time>2025-12-03T12:52:20Z</time>
   </trkpt>
   <trkpt lat="-33.4564080" lon="-70.5980510">
    <ele>590.7</ele>
    <time>2025-12-03T12:52:21Z</time>
   </trkpt>
   <trkpt lat="-33.4564110" lon="-70.5980500">
    <ele>590.7</ele>
    <time>2025-12-03T12:52:22Z</time>
   </trkpt>
   <trkpt lat="-33.4564210" lon="-70.5980440">
    <ele>590.7</ele>
    <time>2025-12-03T12:52:23Z</time>
   </trkpt>
   <trkpt lat="-33.4564520" lon="-70.5980410">
    <ele>590.6</ele>
    <time>2025-12-03T12:52:24Z</time>
   </trkpt>
   <trkpt lat="-33.4564790" lon="-70.5980410">
    <ele>590.6</ele>
    <time>2025-12-03T12:52:25Z</time>
   </trkpt>
   <trkpt lat="-33.4565060" lon="-70.5980410">
    <ele>590.6</ele>
    <time>2025-12-03T12:52:26Z</time>
   </trkpt>
   <trkpt lat="-33.4565320" lon="-70.5980410">
    <ele>590.6</ele>
    <time>2025-12-03T12:53:01Z</time>
   </trkpt>
   <trkpt lat="-33.4565590" lon="-70.5980410">
    <ele>590.6</ele>
    <time>2025-12-03T12:53:02Z</time>
   </trkpt>
   <trkpt lat="-33.4565860" lon="-70.5980410">
    <ele>590.5</ele>
    <time>2025-12-03T12:53:03Z</time>
   </trkpt>
   <trkpt lat="-33.4566180" lon="-70.5980460">
    <ele>590.5</ele>
    <time>2025-12-03T12:53:04Z</time>
   </trkpt>
   <trkpt lat="-33.4566400" lon="-70.5980530">
    <ele>590.5</ele>
    <time>2025-12-03T12:53:05Z</time>
   </trkpt>
   <trkpt lat="-33.4566480" lon="-70.5980580">
    <ele>590.5</ele>
    <time>2025-12-03T12:53:06Z</time>
   </trkpt>
   <trkpt lat="-33.4566560" lon="-70.5980640">
    <ele>590.5</ele>
    <time>2025-12-03T12:53:07Z</time>
   </trkpt>
   <trkpt lat="-33.4566950" lon="-70.5980660">
    <ele>590.5</ele>
    <time>2025-12-03T12:53:08Z</time>
   </trkpt>
   <trkpt lat="-33.4567070" lon="-70.5980680">
    <ele>590.5</ele>
    <time>2025-12-03T12:53:09Z</time>
   </trkpt>
   <trkpt lat="-33.4567380" lon="-70.5980670">
    <ele>590.4</ele>
    <time>2025-12-03T12:53:10Z</time>
   </trkpt>
   <trkpt lat="-33.4567710" lon="-70.5980600">
    <ele>590.4</ele>
    <time>2025-12-03T12:53:11Z</time>
   </trkpt>
   <trkpt lat="-33.4568060" lon="-70.5980570">
    <ele>590.4</ele>
    <time>2025-12-03T12:53:12Z</time>
   </trkpt>
   <trkpt lat="-33.4568370" lon="-70.5980570">
    <ele>590.4</ele>
    <time>2025-12-03T12:53:13Z</time>
   </trkpt>
   <trkpt lat="-33.4568700" lon="-70.5980370">
    <ele>590.4</ele>
    <time>2025-12-03T12:53:14Z</time>
   </trkpt>
   <trkpt lat="-33.4569070" lon="-70.5980290">
    <ele>590.4</ele>
    <time>2025-12-03T12:53:15Z</time>
   </trkpt>
   <trkpt lat="-33.4569210" lon="-70.5980260">
    <ele>590.3</ele>
    <time>2025-12-03T12:53:16Z</time>
   </trkpt>
   <trkpt lat="-33.4569610" lon="-70.5980420">
    <ele>590.3</ele>
    <time>2025-12-03T12:53:17Z</time>
   </trkpt>
   <trkpt lat="-33.4569750" lon="-70.5980480">
    <ele>590.3</ele>
    <time>2025-12-03T12:53:18Z</time>
   </trkpt>
   <trkpt lat="-33.4570070" lon="-70.5980500">
    <ele>590.3</ele>
    <time>2025-12-03T12:53:19Z</time>
   </trkpt>
   <trkpt lat="-33.4570430" lon="-70.5980470">
    <ele>590.2</ele>
    <time>2025-12-03T12:53:20Z</time>
   </trkpt>
   <trkpt lat="-33.4570550" lon="-70.5980460">
    <ele>590.2</ele>
    <time>2025-12-03T12:53:21Z</time>
   </trkpt>
   <trkpt lat="-33.4570960" lon="-70.5980510">
    <ele>590.1</ele>
    <time>2025-12-03T12:53:22Z</time>
   </trkpt>
   <trkpt lat="-33.4571100" lon="-70.5980550">
    <ele>590.1</ele>
    <time>2025-12-03T12:53:23Z</time>
   </trkpt>
   <trkpt lat="-33.4571490" lon="-70.5980680">
    <ele>590.1</ele>
    <time>2025-12-03T12:53:24Z</time>
   </trkpt>
   <trkpt lat="-33.4571650" lon="-70.5980720">
    <ele>590.1</ele>
    <time>2025-12-03T12:53:25Z</time>
   </trkpt>
   <trkpt lat="-33.4571930" lon="-70.5980760">
    <ele>590.0</ele>
    <time>2025-12-03T12:53:26Z</time>
   </trkpt>
   <trkpt lat="-33.4572310" lon="-70.5980840">
    <ele>590.0</ele>
    <time>2025-12-03T12:53:27Z</time>
   </trkpt>
   <trkpt lat="-33.4572590" lon="-70.5980930">
    <ele>589.9</ele>
    <time>2025-12-03T12:53:28Z</time>
   </trkpt>
   <trkpt lat="-33.4572910" lon="-70.5981000">
    <ele>589.9</ele>
    <time>2025-12-03T12:53:29Z</time>
   </trkpt>
   <trkpt lat="-33.4573240" lon="-70.5980970">
    <ele>589.9</ele>
    <time>2025-12-03T12:53:30Z</time>
   </trkpt>
   <trkpt lat="-33.4573650" lon="-70.5981030">
    <ele>589.8</ele>
    <time>2025-12-03T12:53:31Z</time>
   </trkpt>
   <trkpt lat="-33.4573790" lon="-70.5981050">
    <ele>589.8</ele>
    <time>2025-12-03T12:53:32Z</time>
   </trkpt>
   <trkpt lat="-33.4574170" lon="-70.5981060">
    <ele>589.8</ele>
    <time>2025-12-03T12:53:33Z</time>
   </trkpt>
   <trkpt lat="-33.4574320" lon="-70.5981010">
    <ele>589.8</ele>
    <time>2025-12-03T12:53:34Z</time>
   </trkpt>
   <trkpt lat="-33.4574600" lon="-70.5981090">
    <ele>589.8</ele>
    <time>2025-12-03T12:53:35Z</time>
   </trkpt>
   <trkpt lat="-33.4574880" lon="-70.5981100">
    <ele>589.7</ele>
    <time>2025-12-03T12:53:36Z</time>
   </trkpt>
   <trkpt lat="-33.4575180" lon="-70.5981110">
    <ele>589.7</ele>
    <time>2025-12-03T12:53:37Z</time>
   </trkpt>
   <trkpt lat="-33.4575490" lon="-70.5981090">
    <ele>589.7</ele>
    <time>2025-12-03T12:53:38Z</time>
   </trkpt>
   <trkpt lat="-33.4575760" lon="-70.5981070">
    <ele>589.7</ele>
    <time>2025-12-03T12:53:39Z</time>
   </trkpt>
   <trkpt lat="-33.4576140" lon="-70.5981010">
    <ele>589.7</ele>
    <time>2025-12-03T12:53:40Z</time>
   </trkpt>
   <trkpt lat="-33.4576270" lon="-70.5981000">
    <ele>589.6</ele>
    <time>2025-12-03T12:53:41Z</time>
   </trkpt>
   <trkpt lat="-33.4576540" lon="-70.5981070">
    <ele>589.6</ele>
    <time>2025-12-03T12:53:42Z</time>
   </trkpt>
   <trkpt lat="-33.4576780" lon="-70.5981250">
    <ele>589.6</ele>
    <time>2025-12-03T12:53:43Z</time>
   </trkpt>
   <trkpt lat="-33.4576850" lon="-70.5981310">
    <ele>589.6</ele>
    <time>2025-12-03T12:53:44Z</time>
   </trkpt>
   <trkpt lat="-33.4577020" lon="-70.5981400">
    <ele>589.6</ele>
    <time>2025-12-03T12:53:45Z</time>
   </trkpt>
   <trkpt lat="-33.4577130" lon="-70.5981550">
    <ele>589.5</ele>
    <time>2025-12-03T12:53:46Z</time>
   </trkpt>
   <trkpt lat="-33.4577240" lon="-70.5981690">
    <ele>589.5</ele>
    <time>2025-12-03T12:53:47Z</time>
   </trkpt>
   <trkpt lat="-33.4577350" lon="-70.5981880">
    <ele>589.4</ele>
    <time>2025-12-03T12:53:48Z</time>
   </trkpt>
   <trkpt lat="-33.4577410" lon="-70.5982300">
    <ele>589.3</ele>
    <time>2025-12-03T12:53:49Z</time>
   </trkpt>
   <trkpt lat="-33.4577390" lon="-70.5982410">
    <ele>589.3</ele>
    <time>2025-12-03T12:53:50Z</time>
   </trkpt>
   <trkpt lat="-33.4577390" lon="-70.5982760">
    <ele>589.2</ele>
    <time>2025-12-03T12:53:51Z</time>
   </trkpt>
   <trkpt lat="-33.4577410" lon="-70.5982880">
    <ele>589.2</ele>
    <time>2025-12-03T12:53:52Z</time>
   </trkpt>
   <trkpt lat="-33.4577440" lon="-70.5983250">
    <ele>589.1</ele>
    <time>2025-12-03T12:53:53Z</time>
   </trkpt>
   <trkpt lat="-33.4577440" lon="-70.5983400">
    <ele>589.1</ele>
    <time>2025-12-03T12:53:54Z</time>
   </trkpt>
   <trkpt lat="-33.4577450" lon="-70.5983770">
    <ele>589.0</ele>
    <time>2025-12-03T12:53:55Z</time>
   </trkpt>
   <trkpt lat="-33.4577540" lon="-70.5984180">
    <ele>588.9</ele>
    <time>2025-12-03T12:53:56Z</time>
   </trkpt>
   <trkpt lat="-33.4577600" lon="-70.5984370">
    <ele>588.9</ele>
    <time>2025-12-03T12:53:57Z</time>
   </trkpt>
   <trkpt lat="-33.4577640" lon="-70.5984810">
    <ele>588.8</ele>
    <time>2025-12-03T12:53:58Z</time>
   </trkpt>
   <trkpt lat="-33.4577650" lon="-70.5984970">
    <ele>588.8</ele>
    <time>2025-12-03T12:53:59Z</time>
   </trkpt>
   <trkpt lat="-33.4577690" lon="-70.5985330">
    <ele>588.7</ele>
    <time>2025-12-03T12:54:00Z</time>
   </trkpt>
   <trkpt lat="-33.4577690" lon="-70.5985420">
    <ele>588.7</ele>
    <time>2025-12-03T12:54:01Z</time>
   </trkpt>
   <trkpt lat="-33.4577780" lon="-70.5985870">
    <ele>588.6</ele>
    <time>2025-12-03T12:54:02Z</time>
   </trkpt>
   <trkpt lat="-33.4577840" lon="-70.5986020">
    <ele>588.6</ele>
    <time>2025-12-03T12:54:03Z</time>
   </trkpt>
   <trkpt lat="-33.4577810" lon="-70.5986470">
    <ele>588.5</ele>
    <time>2025-12-03T12:54:04Z</time>
   </trkpt>
   <trkpt lat="-33.4577810" lon="-70.5986610">
    <ele>588.5</ele>
    <time>2025-12-03T12:54:05Z</time>
   </trkpt>
   <trkpt lat="-33.4577780" lon="-70.5987100">
    <ele>588.4</ele>
    <time>2025-12-03T12:54:06Z</time>
   </trkpt>
   <trkpt lat="-33.4577790" lon="-70.5987320">
    <ele>588.4</ele>
    <time>2025-12-03T12:54:07Z</time>
   </trkpt>
   <trkpt lat="-33.4577740" lon="-70.5987750">
    <ele>588.3</ele>
    <time>2025-12-03T12:54:08Z</time>
   </trkpt>
   <trkpt lat="-33.4577730" lon="-70.5987910">
    <ele>588.3</ele>
    <time>2025-12-03T12:54:09Z</time>
   </trkpt>
   <trkpt lat="-33.4577750" lon="-70.5988350">
    <ele>588.2</ele>
    <time>2025-12-03T12:54:10Z</time>
   </trkpt>
   <trkpt lat="-33.4577720" lon="-70.5988770">
    <ele>588.2</ele>
    <time>2025-12-03T12:54:11Z</time>
   </trkpt>
   <trkpt lat="-33.4577740" lon="-70.5988950">
    <ele>588.1</ele>
    <time>2025-12-03T12:54:12Z</time>
   </trkpt>
   <trkpt lat="-33.4577690" lon="-70.5989490">
    <ele>588.1</ele>
    <time>2025-12-03T12:54:13Z</time>
   </trkpt>
   <trkpt lat="-33.4577640" lon="-70.5989710">
    <ele>588.1</ele>
    <time>2025-12-03T12:54:14Z</time>
   </trkpt>
   <trkpt lat="-33.4577590" lon="-70.5990140">
    <ele>588.0</ele>
    <time>2025-12-03T12:54:15Z</time>
   </trkpt>
   <trkpt lat="-33.4577590" lon="-70.5990530">
    <ele>588.0</ele>
    <time>2025-12-03T12:54:16Z</time>
   </trkpt>
   <trkpt lat="-33.4577550" lon="-70.5990970">
    <ele>588.0</ele>
    <time>2025-12-03T12:54:17Z</time>
   </trkpt>
   <trkpt lat="-33.4577530" lon="-70.5991080">
    <ele>588.0</ele>
    <time>2025-12-03T12:54:18Z</time>
   </trkpt>
   <trkpt lat="-33.4577400" lon="-70.5991500">
    <ele>587.9</ele>
    <time>2025-12-03T12:54:19Z</time>
   </trkpt>
   <trkpt lat="-33.4577360" lon="-70.5991630">
    <ele>587.9</ele>
    <time>2025-12-03T12:54:20Z</time>
   </trkpt>
   <trkpt lat="-33.4577320" lon="-70.5991960">
    <ele>587.9</ele>
    <time>2025-12-03T12:54:21Z</time>
   </trkpt>
   <trkpt lat="-33.4577330" lon="-70.5992290">
    <ele>587.9</ele>
    <time>2025-12-03T12:54:22Z</time>
   </trkpt>
   <trkpt lat="-33.4577340" lon="-70.5992610">
    <ele>587.9</ele>
    <time>2025-12-03T12:54:23Z</time>
   </trkpt>
   <trkpt lat="-33.4577340" lon="-70.5992940">
    <ele>587.8</ele>
    <time>2025-12-03T12:54:24Z</time>
   </trkpt>
   <trkpt lat="-33.4577370" lon="-70.5993360">
    <ele>587.8</ele>
    <time>2025-12-03T12:54:25Z</time>
   </trkpt>
   <trkpt lat="-33.4577380" lon="-70.5993510">
    <ele>587.8</ele>
    <time>2025-12-03T12:54:26Z</time>
   </trkpt>
   <trkpt lat="-33.4577360" lon="-70.5993730">
    <ele>587.8</ele>
    <time>2025-12-03T12:54:27Z</time>
   </trkpt>
   <trkpt lat="-33.4577330" lon="-70.5993930">
    <ele>587.8</ele>
    <time>2025-12-03T12:54:28Z</time>
   </trkpt>
   <trkpt lat="-33.4577320" lon="-70.5994140">
    <ele>587.7</ele>
    <time>2025-12-03T12:54:29Z</time>
   </trkpt>
   <trkpt lat="-33.4577320" lon="-70.5994290">
    <ele>587.7</ele>
    <time>2025-12-03T12:54:30Z</time>
   </trkpt>
   <trkpt lat="-33.4577310" lon="-70.5994490">
    <ele>587.7</ele>
    <time>2025-12-03T12:54:31Z</time>
   </trkpt>
   <trkpt lat="-33.4577300" lon="-70.5994700">
    <ele>587.7</ele>
    <time>2025-12-03T12:54:32Z</time>
   </trkpt>
   <trkpt lat="-33.4577300" lon="-70.5994910">
    <ele>587.7</ele>
    <time>2025-12-03T12:54:33Z</time>
   </trkpt>
   <trkpt lat="-33.4577290" lon="-70.5995060">
    <ele>587.7</ele>
    <time>2025-12-03T12:54:34Z</time>
   </trkpt>
   <trkpt lat="-33.4577260" lon="-70.5995170">
    <ele>587.7</ele>
    <time>2025-12-03T12:54:35Z</time>
   </trkpt>
   <trkpt lat="-33.4577280" lon="-70.5995320">
    <ele>587.7</ele>
    <time>2025-12-03T12:54:36Z</time>
   </trkpt>
   <trkpt lat="-33.4577310" lon="-70.5995490">
    <ele>587.7</ele>
    <time>2025-12-03T12:54:37Z</time>
   </trkpt>
   <trkpt lat="-33.4577270" lon="-70.5995640">
    <ele>587.6</ele>
    <time>2025-12-03T12:54:38Z</time>
   </trkpt>
   <trkpt lat="-33.4577240" lon="-70.5995860">
    <ele>587.6</ele>
    <time>2025-12-03T12:54:39Z</time>
   </trkpt>
   <trkpt lat="-33.4577230" lon="-70.5996260">
    <ele>587.6</ele>
    <time>2025-12-03T12:54:40Z</time>
   </trkpt>
   <trkpt lat="-33.4577240" lon="-70.5996390">
    <ele>587.6</ele>
    <time>2025-12-03T12:54:41Z</time>
   </trkpt>
   <trkpt lat="-33.4577250" lon="-70.5996600">
    <ele>587.6</ele>
    <time>2025-12-03T12:54:42Z</time>
   </trkpt>
   <trkpt lat="-33.4577190" lon="-70.5996710">
    <ele>587.6</ele>
    <time>2025-12-03T12:54:43Z</time>
   </trkpt>
   <trkpt lat="-33.4577140" lon="-70.5997090">
    <ele>587.6</ele>
    <time>2025-12-03T12:54:44Z</time>
   </trkpt>
   <trkpt lat="-33.4577130" lon="-70.5997180">
    <ele>587.6</ele>
    <time>2025-12-03T12:54:45Z</time>
   </trkpt>
   <trkpt lat="-33.4577100" lon="-70.5997500">
    <ele>587.6</ele>
    <time>2025-12-03T12:54:46Z</time>
   </trkpt>
   <trkpt lat="-33.4577020" lon="-70.5997930">
    <ele>587.6</ele>
    <time>2025-12-03T12:54:47Z</time>
   </trkpt>
   <trkpt lat="-33.4577000" lon="-70.5998070">
    <ele>587.7</ele>
    <time>2025-12-03T12:54:48Z</time>
   </trkpt>
   <trkpt lat="-33.4576980" lon="-70.5998460">
    <ele>587.8</ele>
    <time>2025-12-03T12:54:49Z</time>
   </trkpt>
   <trkpt lat="-33.4576990" lon="-70.5998580">
    <ele>587.8</ele>
    <time>2025-12-03T12:54:50Z</time>
   </trkpt>
   <trkpt lat="-33.4576930" lon="-70.5998930">
    <ele>587.7</ele>
    <time>2025-12-03T12:54:51Z</time>
   </trkpt>
   <trkpt lat="-33.4576880" lon="-70.5999350">
    <ele>587.6</ele>
    <time>2025-12-03T12:54:52Z</time>
   </trkpt>
   <trkpt lat="-33.4576850" lon="-70.5999470">
    <ele>587.6</ele>
    <time>2025-12-03T12:54:53Z</time>
   </trkpt>
   <trkpt lat="-33.4576830" lon="-70.5999810">
    <ele>587.6</ele>
    <time>2025-12-03T12:54:54Z</time>
   </trkpt>
   <trkpt lat="-33.4576780" lon="-70.6000140">
    <ele>587.6</ele>
    <time>2025-12-03T12:54:55Z</time>
   </trkpt>
   <trkpt lat="-33.4576760" lon="-70.6000500">
    <ele>587.5</ele>
    <time>2025-12-03T12:54:56Z</time>
   </trkpt>
   <trkpt lat="-33.4576750" lon="-70.6000970">
    <ele>587.5</ele>
    <time>2025-12-03T12:54:57Z</time>
   </trkpt>
   <trkpt lat="-33.4576750" lon="-70.6001120">
    <ele>587.4</ele>
    <time>2025-12-03T12:54:58Z</time>
   </trkpt>
   <trkpt lat="-33.4576600" lon="-70.6001410">
    <ele>587.4</ele>
    <time>2025-12-03T12:54:59Z</time>
   </trkpt>
   <trkpt lat="-33.4576530" lon="-70.6001770">
    <ele>587.4</ele>
    <time>2025-12-03T12:55:00Z</time>
   </trkpt>
   <trkpt lat="-33.4576500" lon="-70.6001870">
    <ele>587.3</ele>
    <time>2025-12-03T12:55:01Z</time>
   </trkpt>
   <trkpt lat="-33.4576430" lon="-70.6002180">
    <ele>587.3</ele>
    <time>2025-12-03T12:55:02Z</time>
   </trkpt>
   <trkpt lat="-33.4576400" lon="-70.6002400">
    <ele>587.3</ele>
    <time>2025-12-03T12:55:03Z</time>
   </trkpt>
   <trkpt lat="-33.4576400" lon="-70.6002600">
    <ele>587.3</ele>
    <time>2025-12-03T12:55:04Z</time>
   </trkpt>
   <trkpt lat="-33.4576370" lon="-70.6002780">
    <ele>587.3</ele>
    <time>2025-12-03T12:55:05Z</time>
   </trkpt>
   <trkpt lat="-33.4576340" lon="-70.6002930">
    <ele>587.2</ele>
    <time>2025-12-03T12:55:06Z</time>
   </trkpt>
   <trkpt lat="-33.4576260" lon="-70.6003090">
    <ele>587.2</ele>
    <time>2025-12-03T12:55:07Z</time>
   </trkpt>
   <trkpt lat="-33.4576240" lon="-70.6003350">
    <ele>587.2</ele>
    <time>2025-12-03T12:55:08Z</time>
   </trkpt>
   <trkpt lat="-33.4576190" lon="-70.6003690">
    <ele>587.2</ele>
    <time>2025-12-03T12:55:09Z</time>
   </trkpt>
   <trkpt lat="-33.4576180" lon="-70.6003810">
    <ele>587.1</ele>
    <time>2025-12-03T12:55:10Z</time>
   </trkpt>
   <trkpt lat="-33.4576110" lon="-70.6004070">
    <ele>587.1</ele>
    <time>2025-12-03T12:55:11Z</time>
   </trkpt>
   <trkpt lat="-33.4576060" lon="-70.6004220">
    <ele>587.1</ele>
    <time>2025-12-03T12:55:12Z</time>
   </trkpt>
   <trkpt lat="-33.4576020" lon="-70.6004350">
    <ele>587.1</ele>
    <time>2025-12-03T12:55:13Z</time>
   </trkpt>
   <trkpt lat="-33.4576000" lon="-70.6004540">
    <ele>587.1</ele>
    <time>2025-12-03T12:55:14Z</time>
   </trkpt>
   <trkpt lat="-33.4576040" lon="-70.6004800">
    <ele>587.0</ele>
    <time>2025-12-03T12:55:15Z</time>
   </trkpt>
   <trkpt lat="-33.4576030" lon="-70.6004960">
    <ele>587.0</ele>
    <time>2025-12-03T12:55:16Z</time>
   </trkpt>
   <trkpt lat="-33.4576030" lon="-70.6005120">
    <ele>587.0</ele>
    <time>2025-12-03T12:55:17Z</time>
   </trkpt>
   <trkpt lat="-33.4576030" lon="-70.6005390">
    <ele>586.9</ele>
    <time>2025-12-03T12:55:18Z</time>
   </trkpt>
   <trkpt lat="-33.4575940" lon="-70.6005840">
    <ele>586.9</ele>
    <time>2025-12-03T12:55:19Z</time>
   </trkpt>
   <trkpt lat="-33.4575840" lon="-70.6006280">
    <ele>586.8</ele>
    <time>2025-12-03T12:55:20Z</time>
   </trkpt>
   <trkpt lat="-33.4575790" lon="-70.6006440">
    <ele>586.8</ele>
    <time>2025-12-03T12:55:21Z</time>
   </trkpt>
   <trkpt lat="-33.4575740" lon="-70.6006790">
    <ele>586.8</ele>
    <time>2025-12-03T12:55:22Z</time>
   </trkpt>
   <trkpt lat="-33.4575680" lon="-70.6007110">
    <ele>586.8</ele>
    <time>2025-12-03T12:55:23Z</time>
   </trkpt>
   <trkpt lat="-33.4575640" lon="-70.6007550">
    <ele>586.7</ele>
    <time>2025-12-03T12:55:24Z</time>
   </trkpt>
   <trkpt lat="-33.4575650" lon="-70.6007710">
    <ele>586.7</ele>
    <time>2025-12-03T12:55:25Z</time>
   </trkpt>
   <trkpt lat="-33.4575580" lon="-70.6008180">
    <ele>586.7</ele>
    <time>2025-12-03T12:55:26Z</time>
   </trkpt>
   <trkpt lat="-33.4575540" lon="-70.6008340">
    <ele>586.7</ele>
    <time>2025-12-03T12:55:27Z</time>
   </trkpt>
   <trkpt lat="-33.4575450" lon="-70.6008710">
    <ele>586.6</ele>
    <time>2025-12-03T12:55:28Z</time>
   </trkpt>
   <trkpt lat="-33.4575370" lon="-70.6009170">
    <ele>586.6</ele>
    <time>2025-12-03T12:55:29Z</time>
   </trkpt>
   <trkpt lat="-33.4575360" lon="-70.6009320">
    <ele>586.6</ele>
    <time>2025-12-03T12:55:30Z</time>
   </trkpt>
   <trkpt lat="-33.4575310" lon="-70.6009770">
    <ele>586.5</ele>
    <time>2025-12-03T12:55:31Z</time>
   </trkpt>
   <trkpt lat="-33.4575290" lon="-70.6009910">
    <ele>586.5</ele>
    <time>2025-12-03T12:55:32Z</time>
   </trkpt>
   <trkpt lat="-33.4575250" lon="-70.6010270">
    <ele>586.5</ele>
    <time>2025-12-03T12:55:33Z</time>
   </trkpt>
   <trkpt lat="-33.4575220" lon="-70.6010610">
    <ele>586.5</ele>
    <time>2025-12-03T12:55:34Z</time>
   </trkpt>
   <trkpt lat="-33.4575140" lon="-70.6011060">
    <ele>586.4</ele>
    <time>2025-12-03T12:55:35Z</time>
   </trkpt>
   <trkpt lat="-33.4575110" lon="-70.6011190">
    <ele>586.4</ele>
    <time>2025-12-03T12:55:36Z</time>
   </trkpt>
   <trkpt lat="-33.4575060" lon="-70.6011400">
    <ele>586.4</ele>
    <time>2025-12-03T12:55:37Z</time>
   </trkpt>
   <trkpt lat="-33.4575040" lon="-70.6011610">
    <ele>586.4</ele>
    <time>2025-12-03T12:55:38Z</time>
   </trkpt>
   <trkpt lat="-33.4575020" lon="-70.6011950">
    <ele>586.4</ele>
    <time>2025-12-03T12:55:39Z</time>
   </trkpt>
   <trkpt lat="-33.4575010" lon="-70.6012050">
    <ele>586.4</ele>
    <time>2025-12-03T12:55:40Z</time>
   </trkpt>
   <trkpt lat="-33.4574970" lon="-70.6012420">
    <ele>586.3</ele>
    <time>2025-12-03T12:55:41Z</time>
   </trkpt>
   <trkpt lat="-33.4574950" lon="-70.6012530">
    <ele>586.3</ele>
    <time>2025-12-03T12:55:42Z</time>
   </trkpt>
   <trkpt lat="-33.4574920" lon="-70.6012950">
    <ele>586.3</ele>
    <time>2025-12-03T12:55:43Z</time>
   </trkpt>
   <trkpt lat="-33.4574910" lon="-70.6013050">
    <ele>586.3</ele>
    <time>2025-12-03T12:55:44Z</time>
   </trkpt>
   <trkpt lat="-33.4574890" lon="-70.6013380">
    <ele>586.3</ele>
    <time>2025-12-03T12:55:45Z</time>
   </trkpt>
   <trkpt lat="-33.4574890" lon="-70.6013510">
    <ele>586.3</ele>
    <time>2025-12-03T12:55:46Z</time>
   </trkpt>
   <trkpt lat="-33.4574870" lon="-70.6013860">
    <ele>586.2</ele>
    <time>2025-12-03T12:55:47Z</time>
   </trkpt>
   <trkpt lat="-33.4574870" lon="-70.6014000">
    <ele>586.2</ele>
    <time>2025-12-03T12:55:48Z</time>
   </trkpt>
   <trkpt lat="-33.4574890" lon="-70.6014220">
    <ele>586.2</ele>
    <time>2025-12-03T12:55:49Z</time>
   </trkpt>
   <trkpt lat="-33.4574790" lon="-70.6014410">
    <ele>586.2</ele>
    <time>2025-12-03T12:55:50Z</time>
   </trkpt>
   <trkpt lat="-33.4574750" lon="-70.6014830">
    <ele>586.1</ele>
    <time>2025-12-03T12:55:51Z</time>
   </trkpt>
   <trkpt lat="-33.4574740" lon="-70.6014970">
    <ele>586.1</ele>
    <time>2025-12-03T12:55:52Z</time>
   </trkpt>
   <trkpt lat="-33.4574710" lon="-70.6015360">
    <ele>586.0</ele>
    <time>2025-12-03T12:55:53Z</time>
   </trkpt>
   <trkpt lat="-33.4574680" lon="-70.6015490">
    <ele>586.0</ele>
    <time>2025-12-03T12:55:54Z</time>
   </trkpt>
   <trkpt lat="-33.4574620" lon="-70.6015840">
    <ele>586.0</ele>
    <time>2025-12-03T12:55:55Z</time>
   </trkpt>
   <trkpt lat="-33.4574590" lon="-70.6015920">
    <ele>586.0</ele>
    <time>2025-12-03T12:55:56Z</time>
   </trkpt>
   <trkpt lat="-33.4574530" lon="-70.6016280">
    <ele>585.9</ele>
    <time>2025-12-03T12:55:57Z</time>
   </trkpt>
   <trkpt lat="-33.4574520" lon="-70.6016380">
    <ele>585.9</ele>
    <time>2025-12-03T12:55:58Z</time>
   </trkpt>
   <trkpt lat="-33.4574520" lon="-70.6016470">
    <ele>585.9</ele>
    <time>2025-12-03T12:55:59Z</time>
   </trkpt>
   <trkpt lat="-33.4574540" lon="-70.6016710">
    <ele>585.9</ele>
    <time>2025-12-03T12:56:00Z</time>
   </trkpt>
   <trkpt lat="-33.4574510" lon="-70.6017150">
    <ele>585.8</ele>
    <time>2025-12-03T12:56:01Z</time>
   </trkpt>
   <trkpt lat="-33.4574540" lon="-70.6017530">
    <ele>585.8</ele>
    <time>2025-12-03T12:56:02Z</time>
   </trkpt>
   <trkpt lat="-33.4574510" lon="-70.6017940">
    <ele>585.8</ele>
    <time>2025-12-03T12:56:03Z</time>
   </trkpt>
   <trkpt lat="-33.4574490" lon="-70.6018080">
    <ele>585.8</ele>
    <time>2025-12-03T12:56:04Z</time>
   </trkpt>
   <trkpt lat="-33.4574400" lon="-70.6018510">
    <ele>585.7</ele>
    <time>2025-12-03T12:56:05Z</time>
   </trkpt>
   <trkpt lat="-33.4574360" lon="-70.6018640">
    <ele>585.7</ele>
    <time>2025-12-03T12:56:06Z</time>
   </trkpt>
   <trkpt lat="-33.4574270" lon="-70.6019040">
    <ele>585.7</ele>
    <time>2025-12-03T12:56:07Z</time>
   </trkpt>
   <trkpt lat="-33.4574270" lon="-70.6019170">
    <ele>585.7</ele>
    <time>2025-12-03T12:56:08Z</time>
   </trkpt>
   <trkpt lat="-33.4574200" lon="-70.6019560">
    <ele>585.7</ele>
    <time>2025-12-03T12:56:09Z</time>
   </trkpt>
   <trkpt lat="-33.4574180" lon="-70.6019660">
    <ele>585.7</ele>
    <time>2025-12-03T12:56:10Z</time>
   </trkpt>
   <trkpt lat="-33.4574180" lon="-70.6020050">
    <ele>585.6</ele>
    <time>2025-12-03T12:56:11Z</time>
   </trkpt>
   <trkpt lat="-33.4574180" lon="-70.6020180">
    <ele>585.6</ele>
    <time>2025-12-03T12:56:12Z</time>
   </trkpt>
   <trkpt lat="-33.4574120" lon="-70.6020540">
    <ele>585.6</ele>
    <time>2025-12-03T12:56:13Z</time>
   </trkpt>
   <trkpt lat="-33.4574110" lon="-70.6020870">
    <ele>585.6</ele>
    <time>2025-12-03T12:56:14Z</time>
   </trkpt>
   <trkpt lat="-33.4574050" lon="-70.6021240">
    <ele>585.5</ele>
    <time>2025-12-03T12:56:15Z</time>
   </trkpt>
   <trkpt lat="-33.4574020" lon="-70.6021380">
    <ele>585.5</ele>
    <time>2025-12-03T12:56:16Z</time>
   </trkpt>
   <trkpt lat="-33.4574010" lon="-70.6021790">
    <ele>585.5</ele>
    <time>2025-12-03T12:56:17Z</time>
   </trkpt>
   <trkpt lat="-33.4574020" lon="-70.6022140">
    <ele>585.4</ele>
    <time>2025-12-03T12:56:18Z</time>
   </trkpt>
   <trkpt lat="-33.4573970" lon="-70.6022580">
    <ele>585.4</ele>
    <time>2025-12-03T12:56:19Z</time>
   </trkpt>
   <trkpt lat="-33.4573940" lon="-70.6022740">
    <ele>585.4</ele>
    <time>2025-12-03T12:56:20Z</time>
   </trkpt>
   <trkpt lat="-33.4573920" lon="-70.6023100">
    <ele>585.3</ele>
    <time>2025-12-03T12:56:21Z</time>
   </trkpt>
   <trkpt lat="-33.4573880" lon="-70.6023560">
    <ele>585.3</ele>
    <time>2025-12-03T12:56:22Z</time>
   </trkpt>
   <trkpt lat="-33.4573870" lon="-70.6023700">
    <ele>585.3</ele>
    <time>2025-12-03T12:56:23Z</time>
   </trkpt>
   <trkpt lat="-33.4573870" lon="-70.6024120">
    <ele>585.2</ele>
    <time>2025-12-03T12:56:24Z</time>
   </trkpt>
   <trkpt lat="-33.4573860" lon="-70.6024250">
    <ele>585.2</ele>
    <time>2025-12-03T12:56:25Z</time>
   </trkpt>
   <trkpt lat="-33.4573850" lon="-70.6024640">
    <ele>585.2</ele>
    <time>2025-12-03T12:56:26Z</time>
   </trkpt>
   <trkpt lat="-33.4573860" lon="-70.6024790">
    <ele>585.2</ele>
    <time>2025-12-03T12:56:27Z</time>
   </trkpt>
   <trkpt lat="-33.4573790" lon="-70.6025110">
    <ele>585.1</ele>
    <time>2025-12-03T12:56:28Z</time>
   </trkpt>
   <trkpt lat="-33.4573760" lon="-70.6025230">
    <ele>585.1</ele>
    <time>2025-12-03T12:56:29Z</time>
   </trkpt>
   <trkpt lat="-33.4573740" lon="-70.6025710">
    <ele>585.1</ele>
    <time>2025-12-03T12:56:30Z</time>
   </trkpt>
   <trkpt lat="-33.4573730" lon="-70.6025870">
    <ele>585.1</ele>
    <time>2025-12-03T12:56:31Z</time>
   </trkpt>
   <trkpt lat="-33.4573740" lon="-70.6026220">
    <ele>585.0</ele>
    <time>2025-12-03T12:56:32Z</time>
   </trkpt>
   <trkpt lat="-33.4573650" lon="-70.6026680">
    <ele>585.0</ele>
    <time>2025-12-03T12:56:33Z</time>
   </trkpt>
   <trkpt lat="-33.4573590" lon="-70.6026860">
    <ele>585.0</ele>
    <time>2025-12-03T12:56:34Z</time>
   </trkpt>
   <trkpt lat="-33.4573500" lon="-70.6027190">
    <ele>585.0</ele>
    <time>2025-12-03T12:56:35Z</time>
   </trkpt>
   <trkpt lat="-33.4573430" lon="-70.6027580">
    <ele>584.9</ele>
    <time>2025-12-03T12:56:36Z</time>
   </trkpt>
   <trkpt lat="-33.4573380" lon="-70.6027920">
    <ele>584.9</ele>
    <time>2025-12-03T12:56:37Z</time>
   </trkpt>
   <trkpt lat="-33.4573340" lon="-70.6028280">
    <ele>584.9</ele>
    <time>2025-12-03T12:56:38Z</time>
   </trkpt>
   <trkpt lat="-33.4573300" lon="-70.6028660">
    <ele>584.8</ele>
    <time>2025-12-03T12:56:39Z</time>
   </trkpt>
   <trkpt lat="-33.4573240" lon="-70.6029140">
    <ele>584.8</ele>
    <time>2025-12-03T12:56:40Z</time>
   </trkpt>
   <trkpt lat="-33.4573210" lon="-70.6029300">
    <ele>584.8</ele>
    <time>2025-12-03T12:56:41Z</time>
   </trkpt>
   <trkpt lat="-33.4573160" lon="-70.6029750">
    <ele>584.8</ele>
    <time>2025-12-03T12:56:42Z</time>
   </trkpt>
   <trkpt lat="-33.4573140" lon="-70.6029910">
    <ele>584.8</ele>
    <time>2025-12-03T12:56:43Z</time>
   </trkpt>
   <trkpt lat="-33.4573110" lon="-70.6030330">
    <ele>584.7</ele>
    <time>2025-12-03T12:56:44Z</time>
   </trkpt>
   <trkpt lat="-33.4573100" lon="-70.6030680">
    <ele>584.6</ele>
    <time>2025-12-03T12:56:45Z</time>
   </trkpt>
   <trkpt lat="-33.4573080" lon="-70.6031110">
    <ele>584.5</ele>
    <time>2025-12-03T12:56:46Z</time>
   </trkpt>
   <trkpt lat="-33.4573060" lon="-70.6031280">
    <ele>584.5</ele>
    <time>2025-12-03T12:56:47Z</time>
   </trkpt>
   <trkpt lat="-33.4573030" lon="-70.6031650">
    <ele>584.4</ele>
    <time>2025-12-03T12:56:48Z</time>
   </trkpt>
   <trkpt lat="-33.4573020" lon="-70.6032080">
    <ele>584.3</ele>
    <time>2025-12-03T12:56:49Z</time>
   </trkpt>
   <trkpt lat="-33.4573020" lon="-70.6032240">
    <ele>584.3</ele>
    <time>2025-12-03T12:56:50Z</time>
   </trkpt>
   <trkpt lat="-33.4572990" lon="-70.6032560">
    <ele>584.2</ele>
    <time>2025-12-03T12:56:51Z</time>
   </trkpt>
   <trkpt lat="-33.4573040" lon="-70.6032900">
    <ele>584.2</ele>
    <time>2025-12-03T12:56:52Z</time>
   </trkpt>
   <trkpt lat="-33.4573060" lon="-70.6033270">
    <ele>584.1</ele>
    <time>2025-12-03T12:56:53Z</time>
   </trkpt>
   <trkpt lat="-33.4573050" lon="-70.6033400">
    <ele>584.1</ele>
    <time>2025-12-03T12:56:54Z</time>
   </trkpt>
   <trkpt lat="-33.4573030" lon="-70.6033880">
    <ele>584.0</ele>
    <time>2025-12-03T12:56:55Z</time>
   </trkpt>
   <trkpt lat="-33.4573000" lon="-70.6034050">
    <ele>584.0</ele>
    <time>2025-12-03T12:56:56Z</time>
   </trkpt>
   <trkpt lat="-33.4572950" lon="-70.6034540">
    <ele>583.9</ele>
    <time>2025-12-03T12:56:57Z</time>
   </trkpt>
   <trkpt lat="-33.4572940" lon="-70.6034730">
    <ele>583.9</ele>
    <time>2025-12-03T12:56:58Z</time>
   </trkpt>
   <trkpt lat="-33.4572880" lon="-70.6035080">
    <ele>583.9</ele>
    <time>2025-12-03T12:56:59Z</time>
   </trkpt>
   <trkpt lat="-33.4572820" lon="-70.6035530">
    <ele>583.8</ele>
    <time>2025-12-03T12:57:00Z</time>
   </trkpt>
   <trkpt lat="-33.4572780" lon="-70.6035860">
    <ele>583.8</ele>
    <time>2025-12-03T12:57:01Z</time>
   </trkpt>
   <trkpt lat="-33.4572720" lon="-70.6036320">
    <ele>583.8</ele>
    <time>2025-12-03T12:57:02Z</time>
   </trkpt>
   <trkpt lat="-33.4572690" lon="-70.6036460">
    <ele>583.8</ele>
    <time>2025-12-03T12:57:03Z</time>
   </trkpt>
   <trkpt lat="-33.4572620" lon="-70.6036970">
    <ele>583.7</ele>
    <time>2025-12-03T12:57:04Z</time>
   </trkpt>
   <trkpt lat="-33.4572600" lon="-70.6037170">
    <ele>583.7</ele>
    <time>2025-12-03T12:57:05Z</time>
   </trkpt>
   <trkpt lat="-33.4572540" lon="-70.6037560">
    <ele>583.7</ele>
    <time>2025-12-03T12:57:06Z</time>
   </trkpt>
   <trkpt lat="-33.4572510" lon="-70.6037930">
    <ele>583.6</ele>
    <time>2025-12-03T12:57:07Z</time>
   </trkpt>
   <trkpt lat="-33.4572490" lon="-70.6038290">
    <ele>583.6</ele>
    <time>2025-12-03T12:57:08Z</time>
   </trkpt>
   <trkpt lat="-33.4572480" lon="-70.6038650">
    <ele>583.5</ele>
    <time>2025-12-03T12:57:09Z</time>
   </trkpt>
   <trkpt lat="-33.4572490" lon="-70.6039000">
    <ele>583.5</ele>
    <time>2025-12-03T12:57:10Z</time>
   </trkpt>
   <trkpt lat="-33.4572480" lon="-70.6039480">
    <ele>583.4</ele>
    <time>2025-12-03T12:57:11Z</time>
   </trkpt>
   <trkpt lat="-33.4572480" lon="-70.6039670">
    <ele>583.4</ele>
    <time>2025-12-03T12:57:12Z</time>
   </trkpt>
   <trkpt lat="-33.4572420" lon="-70.6040100">
    <ele>583.3</ele>
    <time>2025-12-03T12:57:13Z</time>
   </trkpt>
   <trkpt lat="-33.4572390" lon="-70.6040280">
    <ele>583.3</ele>
    <time>2025-12-03T12:57:14Z</time>
   </trkpt>
   <trkpt lat="-33.4572320" lon="-70.6040670">
    <ele>583.3</ele>
    <time>2025-12-03T12:57:15Z</time>
   </trkpt>
   <trkpt lat="-33.4572290" lon="-70.6041050">
    <ele>583.2</ele>
    <time>2025-12-03T12:57:16Z</time>
   </trkpt>
   <trkpt lat="-33.4572210" lon="-70.6041370">
    <ele>583.2</ele>
    <time>2025-12-03T12:57:17Z</time>
   </trkpt>
   <trkpt lat="-33.4572170" lon="-70.6041810">
    <ele>583.1</ele>
    <time>2025-12-03T12:57:18Z</time>
   </trkpt>
   <trkpt lat="-33.4572150" lon="-70.6041950">
    <ele>583.1</ele>
    <time>2025-12-03T12:57:19Z</time>
   </trkpt>
   <trkpt lat="-33.4572110" lon="-70.6042300">
    <ele>583.1</ele>
    <time>2025-12-03T12:57:20Z</time>
   </trkpt>
   <trkpt lat="-33.4572040" lon="-70.6042780">
    <ele>583.0</ele>
    <time>2025-12-03T12:57:21Z</time>
   </trkpt>
   <trkpt lat="-33.4572000" lon="-70.6042960">
    <ele>583.0</ele>
    <time>2025-12-03T12:57:22Z</time>
   </trkpt>
   <trkpt lat="-33.4571910" lon="-70.6043440">
    <ele>583.0</ele>
    <time>2025-12-03T12:57:23Z</time>
   </trkpt>
   <trkpt lat="-33.4571880" lon="-70.6043610">
    <ele>582.9</ele>
    <time>2025-12-03T12:57:24Z</time>
   </trkpt>
   <trkpt lat="-33.4571790" lon="-70.6044060">
    <ele>582.9</ele>
    <time>2025-12-03T12:57:25Z</time>
   </trkpt>
   <trkpt lat="-33.4571750" lon="-70.6044230">
    <ele>582.9</ele>
    <time>2025-12-03T12:57:26Z</time>
   </trkpt>
   <trkpt lat="-33.4571750" lon="-70.6044560">
    <ele>582.8</ele>
    <time>2025-12-03T12:57:27Z</time>
   </trkpt>
   <trkpt lat="-33.4571710" lon="-70.6044930">
    <ele>582.8</ele>
    <time>2025-12-03T12:57:28Z</time>
   </trkpt>
   <trkpt lat="-33.4571690" lon="-70.6045270">
    <ele>582.8</ele>
    <time>2025-12-03T12:57:29Z</time>
   </trkpt>
   <trkpt lat="-33.4571630" lon="-70.6045700">
    <ele>582.7</ele>
    <time>2025-12-03T12:57:30Z</time>
   </trkpt>
   <trkpt lat="-33.4571620" lon="-70.6045870">
    <ele>582.7</ele>
    <time>2025-12-03T12:57:31Z</time>
   </trkpt>
   <trkpt lat="-33.4571620" lon="-70.6046300">
    <ele>582.7</ele>
    <time>2025-12-03T12:57:32Z</time>
   </trkpt>
   <trkpt lat="-33.4571630" lon="-70.6046430">
    <ele>582.7</ele>
    <time>2025-12-03T12:57:33Z</time>
   </trkpt>
   <trkpt lat="-33.4571610" lon="-70.6046870">
    <ele>582.6</ele>
    <time>2025-12-03T12:57:34Z</time>
   </trkpt>
   <trkpt lat="-33.4571590" lon="-70.6047030">
    <ele>582.6</ele>
    <time>2025-12-03T12:57:35Z</time>
   </trkpt>
   <trkpt lat="-33.4571600" lon="-70.6047440">
    <ele>582.6</ele>
    <time>2025-12-03T12:57:36Z</time>
   </trkpt>
   <trkpt lat="-33.4571590" lon="-70.6047590">
    <ele>582.6</ele>
    <time>2025-12-03T12:57:37Z</time>
   </trkpt>
   <trkpt lat="-33.4571590" lon="-70.6047920">
    <ele>582.5</ele>
    <time>2025-12-03T12:57:38Z</time>
   </trkpt>
   <trkpt lat="-33.4571560" lon="-70.6048350">
    <ele>582.5</ele>
    <time>2025-12-03T12:57:39Z</time>
   </trkpt>
   <trkpt lat="-33.4571540" lon="-70.6048480">
    <ele>582.5</ele>
    <time>2025-12-03T12:57:40Z</time>
   </trkpt>
   <trkpt lat="-33.4571470" lon="-70.6048840">
    <ele>582.4</ele>
    <time>2025-12-03T12:57:41Z</time>
   </trkpt>
   <trkpt lat="-33.4571450" lon="-70.6048980">
    <ele>582.4</ele>
    <time>2025-12-03T12:57:42Z</time>
   </trkpt>
   <trkpt lat="-33.4571430" lon="-70.6049360">
    <ele>582.4</ele>
    <time>2025-12-03T12:57:43Z</time>
   </trkpt>
   <trkpt lat="-33.4571430" lon="-70.6049490">
    <ele>582.4</ele>
    <time>2025-12-03T12:57:44Z</time>
   </trkpt>
   <trkpt lat="-33.4571430" lon="-70.6049860">
    <ele>582.3</ele>
    <time>2025-12-03T12:57:45Z</time>
   </trkpt>
   <trkpt lat="-33.4571420" lon="-70.6049940">
    <ele>582.3</ele>
    <time>2025-12-03T12:57:46Z</time>
   </trkpt>
   <trkpt lat="-33.4571360" lon="-70.6050280">
    <ele>582.3</ele>
    <time>2025-12-03T12:57:47Z</time>
   </trkpt>
   <trkpt lat="-33.4571330" lon="-70.6050380">
    <ele>582.3</ele>
    <time>2025-12-03T12:57:48Z</time>
   </trkpt>
   <trkpt lat="-33.4571220" lon="-70.6050720">
    <ele>582.3</ele>
    <time>2025-12-03T12:57:49Z</time>
   </trkpt>
   <trkpt lat="-33.4571140" lon="-70.6050790">
    <ele>582.3</ele>
    <time>2025-12-03T12:57:50Z</time>
   </trkpt>
   <trkpt lat="-33.4571040" lon="-70.6050910">
    <ele>582.3</ele>
    <time>2025-12-03T12:57:51Z</time>
   </trkpt>
   <trkpt lat="-33.4570880" lon="-70.6050990">
    <ele>582.3</ele>
    <time>2025-12-03T12:57:52Z</time>
   </trkpt>
   <trkpt lat="-33.4570700" lon="-70.6051130">
    <ele>582.3</ele>
    <time>2025-12-03T12:57:53Z</time>
   </trkpt>
   <trkpt lat="-33.4570550" lon="-70.6051180">
    <ele>582.3</ele>
    <time>2025-12-03T12:57:54Z</time>
   </trkpt>
   <trkpt lat="-33.4570400" lon="-70.6051160">
    <ele>582.3</ele>
    <time>2025-12-03T12:57:55Z</time>
   </trkpt>
   <trkpt lat="-33.4570200" lon="-70.6051190">
    <ele>582.3</ele>
    <time>2025-12-03T12:57:56Z</time>
   </trkpt>
   <trkpt lat="-33.4570020" lon="-70.6051190">
    <ele>582.3</ele>
    <time>2025-12-03T12:57:57Z</time>
   </trkpt>
   <trkpt lat="-33.4569860" lon="-70.6051200">
    <ele>582.3</ele>
    <time>2025-12-03T12:57:58Z</time>
   </trkpt>
   <trkpt lat="-33.4569590" lon="-70.6051310">
    <ele>582.3</ele>
    <time>2025-12-03T12:57:59Z</time>
   </trkpt>
   <trkpt lat="-33.4569490" lon="-70.6051320">
    <ele>582.3</ele>
    <time>2025-12-03T12:58:00Z</time>
   </trkpt>
   <trkpt lat="-33.4569340" lon="-70.6051280">
    <ele>582.3</ele>
    <time>2025-12-03T12:58:01Z</time>
   </trkpt>
   <trkpt lat="-33.4569200" lon="-70.6051240">
    <ele>582.3</ele>
    <time>2025-12-03T12:58:02Z</time>
   </trkpt>
   <trkpt lat="-33.4569070" lon="-70.6051220">
    <ele>582.3</ele>
    <time>2025-12-03T12:58:03Z</time>
   </trkpt>
   <trkpt lat="-33.4568940" lon="-70.6051260">
    <ele>582.3</ele>
    <time>2025-12-03T12:58:04Z</time>
   </trkpt>
   <trkpt lat="-33.4568870" lon="-70.6051310">
    <ele>582.3</ele>
    <time>2025-12-03T12:58:05Z</time>
   </trkpt>
   <trkpt lat="-33.4568830" lon="-70.6051380">
    <ele>582.3</ele>
    <time>2025-12-03T12:58:06Z</time>
   </trkpt>
   <trkpt lat="-33.4568830" lon="-70.6051430">
    <ele>582.3</ele>
    <time>2025-12-03T12:58:07Z</time>
   </trkpt>
   <trkpt lat="-33.4568800" lon="-70.6051480">
    <ele>582.3</ele>
    <time>2025-12-03T12:58:08Z</time>
   </trkpt>
   <trkpt lat="-33.4568780" lon="-70.6051530">
    <ele>582.3</ele>
    <time>2025-12-03T12:58:09Z</time>
   </trkpt>
   <trkpt lat="-33.4568770" lon="-70.6051560">
    <ele>582.3</ele>
    <time>2025-12-03T12:58:10Z</time>
   </trkpt>
  </trkseg>
 </trk>
</gpx>
